No,Tanggal,Hari,Bulan,Kuartal,Tahun,Shift,Area_Kerja,Supervisor_ID,Jenis_Pekerjaan,Jenis_Insiden,Near_Miss,First_Aid,Medical_Treatment,LTI,Fatality,Hari_Hilang_Kerja,Property_Damage,Jumlah_Tenaga_Kerja,Jam_Kerja,Kondisi_Cuaca,Penyebab_Utama,Tindakan_Korektif,Status_Tindakan,Lokasi_Spesifik,Catatan
1,2023-06-26,Monday,6,Q2,2023,Shift 1 (07:00-19:00),Drainase,SPV-009,Grading,Near Miss,1,0,0,0,0,0,0,29,298.2,Cerah,Komunikasi Buruk,Revisi Prosedur,Belum Dimulai,Draina-Blok02,
2,2023-05-10,Wednesday,5,Q2,2023,Shift 2 (19:00-07:00),Drainase,SPV-010,Dozing,First Aid,0,1,0,0,0,0,0,10,105.4,Cerah,Alat Pelindung Diri Tidak Sesuai,Pelatihan Ulang,Dalam Proses,Draina-Blok05,
3,2023-03-27,Monday,3,Q1,2023,Shift 2 (19:00-07:00),ROM (Run of Mine),SPV-011,Administrasi,Near Miss,1,0,0,0,0,0,0,35,393.7,Cerah,Desain/Engineering,Investigasi Lanjut,Selesai,ROM (R-Blok02,
4,2022-11-29,Tuesday,11,Q4,2022,Shift 2 (19:00-07:00),Pit-C (Hauling),SPV-020,Loading,Medical Treatment,0,0,1,0,0,0,0,22,258,Cerah,Human Error,Revisi Prosedur,Selesai,Pit-C-Blok02,
5,2023-05-13,Saturday,5,Q2,2023,Shift 2 (19:00-07:00),Pit-B (Coal Getting),SPV-018,Survei,First Aid,0,1,0,0,0,0,0,40,459.6,Berkabut,Komunikasi Buruk,Investigasi Lanjut,Selesai,Pit-B-Blok04,Menunggu spare part
6,2022-08-20,Saturday,8,Q3,2022,Shift 2 (19:00-07:00),Pit-C (Hauling),SPV-020,Blasting,First Aid,0,1,0,0,0,0,0,15,176,Cerah,Komunikasi Buruk,Revisi Prosedur,Belum Dimulai,Pit-C-Blok01,Sudah dilaporkan ke HSE Manager
7,2022-12-14,Wednesday,12,Q4,2022,Shift 2 (19:00-07:00),Pit-A (Overburden),SPV-005,Fueling,Environmental Spill,0,0,0,0,0,0,0,32,358.5,Berawan,Faktor Eksternal,Perbaikan Desain,Selesai,Pit-A-Blok03,
8,2023-02-18,Saturday,2,Q1,2023,Shift 2 (19:00-07:00),Office Area,SPV-001,Drilling,Near Miss,1,0,0,0,0,0,0,30,300.5,Cerah,Alat Pelindung Diri Tidak Sesuai,Briefing Safety,Dalam Proses,Office-Blok04,
9,2024-07-28,Sunday,7,Q3,2024,Shift 1 (07:00-19:00),Stockpile,SPV-012,Maintenance,Near Miss,1,0,0,0,0,0,0,19,241.1,Hujan Lebat,Komunikasi Buruk,Briefing Safety,Selesai,Stockp-Blok01,Sudah dilaporkan ke HSE Manager
10,2022-10-13,Thursday,10,Q4,2022,Shift 1 (07:00-19:00),ROM (Run of Mine),SPV-007,Survei,Medical Treatment,0,0,1,0,0,0,0,42,448.9,Hujan Lebat,Housekeeping Buruk,Briefing Safety,Selesai,ROM (R-Blok02,Investigasi selesai
11,2023-08-30,Wednesday,8,Q3,2023,Shift 2 (19:00-07:00),ROM (Run of Mine),SPV-005,Pumping,Near Miss,1,0,0,0,0,0,0,42,457.8,Cerah,Desain/Engineering,Briefing Safety,Selesai,ROM (R-Blok02,Sudah dilaporkan ke HSE Manager
12,2022-08-04,Thursday,8,Q3,2022,Shift 1 (07:00-19:00),Workshop,SPV-014,Dozing,Near Miss,1,0,0,0,0,0,0,24,297.5,Berawan,Housekeeping Buruk,Revisi Prosedur,Dalam Proses,Worksh-Blok05,
13,2024-07-31,Wednesday,7,Q3,2024,Shift 2 (19:00-07:00),Pit-A (Overburden),SPV-009,Grading,Property Damage,0,0,0,0,0,0,1,38,400.3,Hujan Lebat,Peralatan Rusak,Investigasi Lanjut,Overdue,Pit-A-Blok05,
14,2023-03-08,Wednesday,3,Q1,2023,Shift 2 (19:00-07:00),Pit-C (Hauling),SPV-015,Maintenance,Near Miss,1,0,0,0,0,0,0,12,146.2,Berawan,Prosedur Tidak Diikuti,Perbaikan Desain,Selesai,Pit-C-Blok01,Perlu tindak lanjut
15,2024-09-17,Tuesday,9,Q3,2024,Shift 2 (19:00-07:00),ROM (Run of Mine),SPV-011,Loading,Lost Time Injury,0,0,0,1,0,11,0,38,400.3,Hujan Lebat,Desain/Engineering,Penggantian APD,Overdue,ROM (R-Blok05,Sudah dilaporkan ke HSE Manager
16,2023-04-02,Sunday,4,Q2,2023,Shift 1 (07:00-19:00),Office Area,SPV-003,Loading,Medical Treatment,0,0,1,0,0,0,0,20,226.9,Cerah,Faktor Eksternal,Briefing Safety,Selesai,Office-Blok02,Menunggu spare part
17,2022-12-29,Thursday,12,Q4,2022,Shift 2 (19:00-07:00),Pit-C (Hauling),SPV-003,Dozing,Lost Time Injury,0,0,0,1,0,14,0,16,173.3,Hujan Ringan,Desain/Engineering,Pelatihan Ulang,Selesai,Pit-C-Blok02,
18,2024-12-26,Thursday,12,Q4,2024,Shift 1 (07:00-19:00),Pit-A (Overburden),SPV-012,Maintenance,Near Miss,1,0,0,0,0,0,0,13,165.9,Hujan Ringan,Prosedur Tidak Diikuti,Investigasi Lanjut,Belum Dimulai,Pit-A-Blok02,Investigasi selesai
19,2023-01-23,Monday,1,Q1,2023,Shift 1 (07:00-19:00),Pit-C (Hauling),SPV-010,Blasting,Near Miss,1,0,0,0,0,0,0,30,316.7,Cerah,Prosedur Tidak Diikuti,Investigasi Lanjut,Selesai,Pit-C-Blok01,Perlu tindak lanjut
20,2022-12-24,Saturday,12,Q4,2022,Shift 1 (07:00-19:00),Pit-A (Overburden),SPV-019,Blasting,Near Miss,1,0,0,0,0,0,0,40,447.8,Berawan,Human Error,Perbaikan Alat,Selesai,Pit-A-Blok05,
21,2024-08-26,Monday,8,Q3,2024,Shift 2 (19:00-07:00),ROM (Run of Mine),SPV-017,Blasting,First Aid,0,1,0,0,0,0,0,29,365.5,Cerah,Housekeeping Buruk,Perbaikan Alat,Dalam Proses,ROM (R-Blok04,
22,2022-07-17,Sunday,7,Q3,2022,Shift 1 (07:00-19:00),Drainase,SPV-012,Loading,Near Miss,1,0,0,0,0,0,0,9,113.1,Hujan Ringan,Peralatan Rusak,Briefing Safety,Selesai,Draina-Blok05,Investigasi selesai
23,2024-01-29,Monday,1,Q1,2024,Shift 1 (07:00-19:00),Pit-A (Overburden),SPV-006,Administrasi,Near Miss,1,0,0,0,0,0,0,35,358.6,Berkabut,Faktor Eksternal,Investigasi Lanjut,Selesai,Pit-A-Blok05,
24,2023-05-27,Saturday,5,Q2,2023,Shift 2 (19:00-07:00),Pit-C (Hauling),SPV-016,Drilling,Near Miss,1,0,0,0,0,0,0,25,260,Berkabut,Alat Pelindung Diri Tidak Sesuai,Perbaikan Desain,Selesai,Pit-C-Blok04,Menunggu spare part
25,2023-10-05,Thursday,10,Q4,2023,Shift 1 (07:00-19:00),Pit-C (Hauling),SPV-005,Administrasi,First Aid,0,1,0,0,0,0,0,33,367.9,Berawan,Alat Pelindung Diri Tidak Sesuai,Penggantian APD,Selesai,Pit-C-Blok02,
26,2023-11-27,Monday,11,Q4,2023,Shift 2 (19:00-07:00),Workshop,SPV-008,Maintenance,Near Miss,1,0,0,0,0,0,0,8,103.5,Berawan,Alat Pelindung Diri Tidak Sesuai,Perbaikan Alat,Selesai,Worksh-Blok03,Investigasi selesai
27,2022-04-08,Friday,4,Q2,2022,Shift 2 (19:00-07:00),Workshop,SPV-005,Survei,Near Miss,1,0,0,0,0,0,0,9,92.8,Hujan Ringan,Peralatan Rusak,Revisi Prosedur,Belum Dimulai,Worksh-Blok04,
28,2024-06-28,Friday,6,Q2,2024,Shift 2 (19:00-07:00),Pit-A (Overburden),SPV-019,Pengawasan,First Aid,0,1,0,0,0,0,0,36,385.1,Berawan,Kondisi Cuaca Buruk,Penggantian APD,Overdue,Pit-A-Blok02,Menunggu spare part
29,2022-06-03,Friday,6,Q2,2022,Shift 2 (19:00-07:00),Office Area,SPV-011,Fueling,Near Miss,1,0,0,0,0,0,0,11,116.1,Hujan Ringan,Kelelahan Pekerja,Pelatihan Ulang,Selesai,Office-Blok03,
30,2023-03-10,Friday,3,Q1,2023,Shift 2 (19:00-07:00),Pit-B (Coal Getting),SPV-019,Maintenance,First Aid,0,1,0,0,0,0,0,14,164.7,Berkabut,Kondisi Cuaca Buruk,Perbaikan Alat,Selesai,Pit-B-Blok04,
31,2024-11-11,Monday,11,Q4,2024,Shift 1 (07:00-19:00),Pit-B (Coal Getting),SPV-015,Administrasi,Near Miss,1,0,0,0,0,0,0,27,324.7,Berkabut,Kondisi Cuaca Buruk,Penggantian APD,Selesai,Pit-B-Blok02,
32,2024-04-22,Monday,4,Q2,2024,Shift 2 (19:00-07:00),Drainase,SPV-011,Survei,First Aid,0,1,0,0,0,0,0,29,309,Hujan Ringan,Komunikasi Buruk,Perbaikan Alat,Selesai,Draina-Blok01,
33,2022-12-28,Wednesday,12,Q4,2022,Shift 1 (07:00-19:00),Pit-C (Hauling),SPV-002,Hauling,First Aid,0,1,0,0,0,0,0,28,351.8,Berkabut,Housekeeping Buruk,Investigasi Lanjut,Dalam Proses,Pit-C-Blok01,Sudah dilaporkan ke HSE Manager
34,2024-12-09,Monday,12,Q4,2024,Shift 2 (19:00-07:00),Stockpile,SPV-017,Survei,Near Miss,1,0,0,0,0,0,0,13,156.8,Cerah,Kondisi Cuaca Buruk,Investigasi Lanjut,Dalam Proses,Stockp-Blok04,Perlu tindak lanjut
35,2024-03-16,Saturday,3,Q1,2024,Shift 1 (07:00-19:00),Pit-B (Coal Getting),SPV-009,Hauling,Near Miss,1,0,0,0,0,0,0,28,292.7,Berawan,Peralatan Rusak,Perbaikan Alat,Selesai,Pit-B-Blok05,
36,2024-10-23,Wednesday,10,Q4,2024,Shift 2 (19:00-07:00),Pit-A (Overburden),SPV-006,Loading,Lost Time Injury,0,0,0,1,0,10,0,14,156.2,Berkabut,Alat Pelindung Diri Tidak Sesuai,Penggantian APD,Selesai,Pit-A-Blok03,
37,2024-01-22,Monday,1,Q1,2024,Shift 2 (19:00-07:00),Pit-A (Overburden),SPV-018,Administrasi,Near Miss,1,0,0,0,0,0,0,41,525.2,Cerah,Prosedur Tidak Diikuti,Perbaikan Desain,Selesai,Pit-A-Blok05,Sudah dilaporkan ke HSE Manager
38,2022-07-28,Thursday,7,Q3,2022,Shift 1 (07:00-19:00),Pit-C (Hauling),SPV-003,Drilling,Near Miss,1,0,0,0,0,0,0,19,196.3,Cerah,Alat Pelindung Diri Tidak Sesuai,Briefing Safety,Selesai,Pit-C-Blok04,
39,2023-03-16,Thursday,3,Q1,2023,Shift 1 (07:00-19:00),ROM (Run of Mine),SPV-015,Administrasi,Near Miss,1,0,0,0,0,0,0,19,238.1,Hujan Ringan,Human Error,Revisi Prosedur,Selesai,ROM (R-Blok04,Sudah dilaporkan ke HSE Manager
40,2022-05-28,Saturday,5,Q2,2022,Shift 2 (19:00-07:00),Office Area,SPV-007,Survei,Near Miss,1,0,0,0,0,0,0,35,352.9,Berawan,Prosedur Tidak Diikuti,Perbaikan Desain,Selesai,Office-Blok03,
41,2022-05-15,Sunday,5,Q2,2022,Shift 1 (07:00-19:00),ROM (Run of Mine),SPV-003,Survei,First Aid,0,1,0,0,0,0,0,15,178.3,Berawan,Peralatan Rusak,Briefing Safety,Dalam Proses,ROM (R-Blok01,Sudah dilaporkan ke HSE Manager
42,2024-04-08,Monday,4,Q2,2024,Shift 2 (19:00-07:00),ROM (Run of Mine),SPV-001,Maintenance,Near Miss,1,0,0,0,0,0,0,16,208.7,Berawan,Prosedur Tidak Diikuti,Pelatihan Ulang,Selesai,ROM (R-Blok04,
43,2022-07-02,Saturday,7,Q3,2022,Shift 2 (19:00-07:00),Pit-B (Coal Getting),SPV-004,Drilling,Lost Time Injury,0,0,0,1,0,6,0,22,250.8,Berawan,Desain/Engineering,Perbaikan Desain,Belum Dimulai,Pit-B-Blok01,
44,2024-09-13,Friday,9,Q3,2024,Shift 1 (07:00-19:00),Drainase,SPV-020,Fueling,Near Miss,1,0,0,0,0,0,0,23,236.9,Hujan Ringan,Faktor Eksternal,Briefing Safety,Dalam Proses,Draina-Blok01,Sudah dilaporkan ke HSE Manager
45,2022-06-12,Sunday,6,Q2,2022,Shift 2 (19:00-07:00),ROM (Run of Mine),SPV-008,Grading,Near Miss,1,0,0,0,0,0,0,28,330.7,Hujan Lebat,Prosedur Tidak Diikuti,Penggantian APD,Dalam Proses,ROM (R-Blok02,Menunggu spare part
46,2022-04-23,Saturday,4,Q2,2022,Shift 1 (07:00-19:00),Workshop,SPV-010,Hauling,Property Damage,0,0,0,0,0,0,1,28,310.4,Hujan Ringan,Peralatan Rusak,Perbaikan Alat,Selesai,Worksh-Blok02,
47,2024-05-02,Thursday,5,Q2,2024,Shift 2 (19:00-07:00),Pit-C (Hauling),SPV-001,Blasting,First Aid,0,1,0,0,0,0,0,28,292,Berkabut,Housekeeping Buruk,Pelatihan Ulang,Belum Dimulai,Pit-C-Blok02,Perlu tindak lanjut
48,2022-07-13,Wednesday,7,Q3,2022,Shift 1 (07:00-19:00),Drainase,SPV-005,Blasting,First Aid,0,1,0,0,0,0,0,35,389,Cerah,Faktor Eksternal,Investigasi Lanjut,Selesai,Draina-Blok04,Investigasi selesai
49,2023-09-30,Saturday,9,Q3,2023,Shift 1 (07:00-19:00),Pit-A (Overburden),SPV-002,Dozing,First Aid,0,1,0,0,0,0,0,12,139,Berawan,Human Error,Perbaikan Desain,Selesai,Pit-A-Blok02,Perlu tindak lanjut
50,2022-08-11,Thursday,8,Q3,2022,Shift 2 (19:00-07:00),Pit-C (Hauling),SPV-018,Hauling,Medical Treatment,0,0,1,0,0,0,0,18,178.6,Hujan Lebat,Peralatan Rusak,Perbaikan Desain,Selesai,Pit-C-Blok01,Sudah dilaporkan ke HSE Manager
51,2022-08-22,Monday,8,Q3,2022,Shift 1 (07:00-19:00),Workshop,SPV-001,Fueling,First Aid,0,1,0,0,0,0,0,41,447.6,Hujan Lebat,Housekeeping Buruk,Penggantian APD,Belum Dimulai,Worksh-Blok02,
52,2022-05-01,Sunday,5,Q2,2022,Shift 2 (19:00-07:00),Office Area,SPV-009,Pengawasan,Medical Treatment,0,0,1,0,0,0,0,32,327.7,Berawan,Desain/Engineering,Penggantian APD,Selesai,Office-Blok03,Menunggu spare part
53,2024-01-11,Thursday,1,Q1,2024,Shift 1 (07:00-19:00),Pit-B (Coal Getting),SPV-010,Drilling,First Aid,0,1,0,0,0,0,0,40,465.4,Cerah,Human Error,Pelatihan Ulang,Dalam Proses,Pit-B-Blok01,
54,2024-06-05,Wednesday,6,Q2,2024,Shift 2 (19:00-07:00),Pit-B (Coal Getting),SPV-011,Administrasi,Medical Treatment,0,0,1,0,0,0,0,31,339.2,Berkabut,Alat Pelindung Diri Tidak Sesuai,Penggantian APD,Overdue,Pit-B-Blok03,
55,2023-07-19,Wednesday,7,Q3,2023,Shift 1 (07:00-19:00),Drainase,SPV-006,Hauling,Medical Treatment,0,0,1,0,0,0,0,22,226.5,Hujan Ringan,Peralatan Rusak,Briefing Safety,Selesai,Draina-Blok03,
56,2024-12-31,Tuesday,12,Q4,2024,Shift 2 (19:00-07:00),Pit-B (Coal Getting),SPV-020,Blasting,First Aid,0,1,0,0,0,0,0,9,111.7,Cerah,Housekeeping Buruk,Revisi Prosedur,Belum Dimulai,Pit-B-Blok01,
57,2022-07-16,Saturday,7,Q3,2022,Shift 1 (07:00-19:00),Pit-C (Hauling),SPV-001,Dozing,Medical Treatment,0,0,1,0,0,0,0,35,460.2,Berawan,Prosedur Tidak Diikuti,Investigasi Lanjut,Selesai,Pit-C-Blok02,Menunggu spare part
58,2024-11-06,Wednesday,11,Q4,2024,Shift 1 (07:00-19:00),Stockpile,SPV-013,Survei,Near Miss,1,0,0,0,0,0,0,8,103.3,Berkabut,Housekeeping Buruk,Penggantian APD,Selesai,Stockp-Blok01,Menunggu spare part
59,2022-09-05,Monday,9,Q3,2022,Shift 1 (07:00-19:00),Office Area,SPV-013,Administrasi,Property Damage,0,0,0,0,0,0,1,31,404.2,Berawan,Desain/Engineering,Investigasi Lanjut,Dalam Proses,Office-Blok02,
60,2023-02-12,Sunday,2,Q1,2023,Shift 1 (07:00-19:00),Office Area,SPV-016,Grading,First Aid,0,1,0,0,0,0,0,31,369.1,Hujan Ringan,Alat Pelindung Diri Tidak Sesuai,Revisi Prosedur,Selesai,Office-Blok04,Perlu tindak lanjut
61,2024-03-05,Tuesday,3,Q1,2024,Shift 2 (19:00-07:00),ROM (Run of Mine),SPV-016,Loading,Near Miss,1,0,0,0,0,0,0,23,263.9,Berawan,Kelelahan Pekerja,Perbaikan Desain,Selesai,ROM (R-Blok02,Sudah dilaporkan ke HSE Manager
62,2023-01-24,Tuesday,1,Q1,2023,Shift 1 (07:00-19:00),Drainase,SPV-009,Loading,Medical Treatment,0,0,1,0,0,0,0,21,257.2,Cerah,Kelelahan Pekerja,Revisi Prosedur,Dalam Proses,Draina-Blok03,Investigasi selesai
63,2022-03-21,Monday,3,Q1,2022,Shift 1 (07:00-19:00),Pit-A (Overburden),SPV-015,Hauling,First Aid,0,1,0,0,0,0,0,16,187,Cerah,Komunikasi Buruk,Perbaikan Alat,Dalam Proses,Pit-A-Blok04,Investigasi selesai
64,2023-04-07,Friday,4,Q2,2023,Shift 1 (07:00-19:00),Pit-A (Overburden),SPV-011,Fueling,First Aid,0,1,0,0,0,0,0,41,525.5,Cerah,Desain/Engineering,Perbaikan Desain,Selesai,Pit-A-Blok03,Perlu tindak lanjut
65,2022-09-23,Friday,9,Q3,2022,Shift 1 (07:00-19:00),ROM (Run of Mine),SPV-006,Loading,Near Miss,1,0,0,0,0,0,0,40,493,Hujan Ringan,Komunikasi Buruk,Investigasi Lanjut,Overdue,ROM (R-Blok02,
66,2024-11-17,Sunday,11,Q4,2024,Shift 1 (07:00-19:00),Pit-B (Coal Getting),SPV-004,Fueling,Near Miss,1,0,0,0,0,0,0,23,291.8,Hujan Ringan,Desain/Engineering,Perbaikan Desain,Dalam Proses,Pit-B-Blok02,Perlu tindak lanjut
67,2023-05-10,Wednesday,5,Q2,2023,Shift 2 (19:00-07:00),Pit-B (Coal Getting),SPV-018,Administrasi,Near Miss,1,0,0,0,0,0,0,19,197.8,Berkabut,Komunikasi Buruk,Penggantian APD,Selesai,Pit-B-Blok02,
68,2023-04-22,Saturday,4,Q2,2023,Shift 2 (19:00-07:00),Pit-C (Hauling),SPV-001,Survei,Medical Treatment,0,0,1,0,0,0,0,20,218.9,Cerah,Kondisi Cuaca Buruk,Investigasi Lanjut,Belum Dimulai,Pit-C-Blok04,
69,2022-09-22,Thursday,9,Q3,2022,Shift 2 (19:00-07:00),Workshop,SPV-014,Dozing,Near Miss,1,0,0,0,0,0,0,21,233.5,Berawan,Desain/Engineering,Investigasi Lanjut,Belum Dimulai,Worksh-Blok05,
70,2023-12-01,Friday,12,Q4,2023,Shift 2 (19:00-07:00),Stockpile,SPV-013,Grading,Near Miss,1,0,0,0,0,0,0,19,233.7,Cerah,Desain/Engineering,Penggantian APD,Selesai,Stockp-Blok04,Menunggu spare part
71,2022-09-07,Wednesday,9,Q3,2022,Shift 2 (19:00-07:00),ROM (Run of Mine),SPV-008,Grading,Near Miss,1,0,0,0,0,0,0,45,532.2,Hujan Ringan,Prosedur Tidak Diikuti,Penggantian APD,Overdue,ROM (R-Blok05,Sudah dilaporkan ke HSE Manager
72,2022-01-15,Saturday,1,Q1,2022,Shift 2 (19:00-07:00),Pit-A (Overburden),SPV-015,Blasting,Property Damage,0,0,0,0,0,0,1,40,456.5,Hujan Ringan,Alat Pelindung Diri Tidak Sesuai,Perbaikan Desain,Selesai,Pit-A-Blok04,Menunggu spare part
73,2024-04-25,Thursday,4,Q2,2024,Shift 2 (19:00-07:00),ROM (Run of Mine),SPV-003,Blasting,Near Miss,1,0,0,0,0,0,0,40,503.9,Berawan,Faktor Eksternal,Briefing Safety,Belum Dimulai,ROM (R-Blok03,Investigasi selesai
74,2024-12-30,Monday,12,Q4,2024,Shift 1 (07:00-19:00),Pit-B (Coal Getting),SPV-013,,Medical Treatment,0,0,1,0,0,0,0,14,159.6,Berkabut,Faktor Eksternal,Briefing Safety,Selesai,Pit-B-Blok02,Menunggu spare part
75,2022-07-05,Tuesday,7,Q3,2022,Shift 2 (19:00-07:00),Pit-C (Hauling),SPV-007,Pengawasan,Near Miss,1,0,0,0,0,0,0,33,323,Berawan,Komunikasi Buruk,Pelatihan Ulang,Selesai,Pit-C-Blok02,
76,2023-09-23,Saturday,9,Q3,2023,Shift 2 (19:00-07:00),Office Area,SPV-010,Loading,Medical Treatment,0,0,1,0,0,0,0,19,222.2,Berawan,Human Error,Investigasi Lanjut,Selesai,Office-Blok05,
77,2022-03-24,Thursday,3,Q1,2022,Shift 2 (19:00-07:00),Drainase,SPV-002,Grading,Medical Treatment,0,0,1,0,0,0,0,23,278.9,Cerah,Komunikasi Buruk,Perbaikan Desain,Belum Dimulai,Draina-Blok04,
78,2024-01-29,Monday,1,Q1,2024,Shift 1 (07:00-19:00),Office Area,SPV-018,Administrasi,Near Miss,1,0,0,0,0,0,0,8,79.6,Berawan,Kondisi Cuaca Buruk,Perbaikan Alat,Belum Dimulai,Office-Blok01,Menunggu spare part
79,2023-12-23,Saturday,12,Q4,2023,Shift 2 (19:00-07:00),Drainase,SPV-003,Grading,Near Miss,1,0,0,0,0,0,0,42,531.6,Berawan,Kelelahan Pekerja,Perbaikan Desain,Selesai,Draina-Blok01,Investigasi selesai
80,2022-08-01,Monday,8,Q3,2022,Shift 2 (19:00-07:00),Pit-A (Overburden),SPV-008,Dozing,First Aid,0,1,0,0,0,0,0,25,276.4,Cerah,Prosedur Tidak Diikuti,Perbaikan Alat,Belum Dimulai,Pit-A-Blok04,
81,2023-02-09,Thursday,2,Q1,2023,Shift 2 (19:00-07:00),Pit-B (Coal Getting),SPV-014,Fueling,Medical Treatment,0,0,1,0,0,0,0,13,146.9,Cerah,Kondisi Cuaca Buruk,Penggantian APD,Overdue,Pit-B-Blok05,
82,2024-10-04,Friday,10,Q4,2024,Shift 2 (19:00-07:00),ROM (Run of Mine),SPV-014,Pumping,Medical Treatment,0,0,1,0,0,0,0,37,427.7,Cerah,Prosedur Tidak Diikuti,Penggantian APD,Selesai,ROM (R-Blok01,Sudah dilaporkan ke HSE Manager
83,2022-02-13,Sunday,2,Q1,2022,Shift 2 (19:00-07:00),Pit-C (Hauling),SPV-006,Survei,First Aid,0,1,0,0,0,0,0,34,427.8,Cerah,Kelelahan Pekerja,Perbaikan Desain,Selesai,Pit-C-Blok04,
84,2024-06-14,Friday,6,Q2,2024,Shift 2 (19:00-07:00),Pit-C (Hauling),SPV-011,Loading,Near Miss,1,0,0,0,0,0,0,22,286,Berawan,Kondisi Cuaca Buruk,Investigasi Lanjut,Belum Dimulai,Pit-C-Blok05,Investigasi selesai
85,2024-11-02,Saturday,11,Q4,2024,Shift 1 (07:00-19:00),Stockpile,SPV-008,Drilling,First Aid,0,1,0,0,0,0,0,40,479.1,Cerah,Komunikasi Buruk,Penggantian APD,Selesai,Stockp-Blok03,
86,2024-07-06,Saturday,7,Q3,2024,Shift 1 (07:00-19:00),Workshop,SPV-012,Blasting,Near Miss,1,0,0,0,0,0,0,33,421.7,Cerah,Alat Pelindung Diri Tidak Sesuai,Investigasi Lanjut,Overdue,Worksh-Blok04,
87,2023-08-14,Monday,8,Q3,2023,Shift 2 (19:00-07:00),Pit-C (Hauling),SPV-016,Hauling,Lost Time Injury,0,0,0,1,0,8,0,44,567.1,Cerah,Alat Pelindung Diri Tidak Sesuai,Penggantian APD,Selesai,Pit-C-Blok02,Sudah dilaporkan ke HSE Manager
88,2023-07-07,Friday,7,Q3,2023,Shift 2 (19:00-07:00),Pit-C (Hauling),SPV-011,Drilling,Medical Treatment,0,0,1,0,0,0,0,13,153.1,Cerah,Human Error,Perbaikan Desain,Selesai,Pit-C-Blok05,
89,2022-07-23,Saturday,7,Q3,2022,Shift 1 (07:00-19:00),Pit-A (Overburden),SPV-017,Blasting,Near Miss,1,0,0,0,0,0,0,38,468.9,Berawan,Prosedur Tidak Diikuti,Investigasi Lanjut,Selesai,Pit-A-Blok04,Investigasi selesai
90,2023-03-30,Thursday,3,Q1,2023,Shift 2 (19:00-07:00),Pit-A (Overburden),SPV-014,Grading,Near Miss,1,0,0,0,0,0,0,34,375.8,Cerah,Kelelahan Pekerja,Briefing Safety,Selesai,Pit-A-Blok01,
91,2024-02-07,Wednesday,2,Q1,2024,Shift 1 (07:00-19:00),ROM (Run of Mine),SPV-017,Pumping,Near Miss,1,0,0,0,0,0,0,25,280.6,,Kondisi Cuaca Buruk,Penggantian APD,Belum Dimulai,ROM (R-Blok01,Perlu tindak lanjut
92,2023-05-21,Sunday,5,Q2,2023,Shift 1 (07:00-19:00),Pit-C (Hauling),SPV-007,Pumping,Medical Treatment,0,0,1,0,0,0,0,9,111,Cerah,Prosedur Tidak Diikuti,Investigasi Lanjut,Selesai,Pit-C-Blok05,Perlu tindak lanjut
93,2023-01-06,Friday,1,Q1,2023,Shift 2 (19:00-07:00),Workshop,SPV-014,Grading,Property Damage,0,0,0,0,0,0,1,37,466.9,Berawan,Desain/Engineering,Pelatihan Ulang,Overdue,Worksh-Blok01,
94,2024-12-18,Wednesday,12,Q4,2024,Shift 2 (19:00-07:00),Pit-C (Hauling),SPV-004,Hauling,First Aid,0,1,0,0,0,0,0,33,408.7,Cerah,Alat Pelindung Diri Tidak Sesuai,Perbaikan Alat,Selesai,Pit-C-Blok02,
95,2024-09-25,Wednesday,9,Q3,2024,Shift 2 (19:00-07:00),ROM (Run of Mine),SPV-011,Fueling,Near Miss,1,0,0,0,0,0,0,34,386.6,Cerah,Prosedur Tidak Diikuti,Revisi Prosedur,Dalam Proses,ROM (R-Blok03,
96,2022-12-18,Sunday,12,Q4,2022,Shift 1 (07:00-19:00),Pit-B (Coal Getting),SPV-018,Drilling,Lost Time Injury,0,0,0,1,0,10,0,31,361.1,Cerah,Alat Pelindung Diri Tidak Sesuai,Briefing Safety,Selesai,Pit-B-Blok03,
97,2022-07-09,Saturday,7,Q3,2022,Shift 2 (19:00-07:00),Pit-B (Coal Getting),SPV-015,Administrasi,Near Miss,1,0,0,0,0,0,0,21,277,Hujan Ringan,Kelelahan Pekerja,Penggantian APD,Overdue,Pit-B-Blok01,Menunggu spare part
98,2022-04-04,Monday,4,Q2,2022,Shift 2 (19:00-07:00),ROM (Run of Mine),SPV-015,Pumping,First Aid,0,1,0,0,0,0,0,38,498.3,Cerah,Faktor Eksternal,Penggantian APD,Selesai,ROM (R-Blok03,Investigasi selesai
99,2022-10-05,Wednesday,10,Q4,2022,Shift 2 (19:00-07:00),Pit-A (Overburden),SPV-006,Drilling,Near Miss,1,0,0,0,0,0,0,38,481.4,Cerah,Komunikasi Buruk,Penggantian APD,Selesai,Pit-A-Blok02,Investigasi selesai
100,2022-03-15,Tuesday,3,Q1,2022,Shift 1 (07:00-19:00),Office Area,SPV-009,Administrasi,First Aid,0,1,0,0,0,0,0,8,78.9,Hujan Lebat,Kelelahan Pekerja,Penggantian APD,Dalam Proses,Office-Blok05,
101,2023-01-11,Wednesday,1,Q1,2023,Shift 2 (19:00-07:00),Workshop,SPV-009,Fueling,First Aid,0,1,0,0,0,0,0,31,321.3,Berawan,Peralatan Rusak,Revisi Prosedur,Belum Dimulai,Worksh-Blok04,
102,2024-10-14,Monday,10,Q4,2024,Shift 2 (19:00-07:00),Pit-B (Coal Getting),SPV-018,Loading,Near Miss,1,0,0,0,0,0,0,23,3600,Cerah,Peralatan Rusak,Briefing Safety,Selesai,Pit-B-Blok01,Sudah dilaporkan ke HSE Manager
103,2024-13-01,Wednesday,6,Q2,2024,Shift 2 (19:00-07:00),Pit-A (Overburden),SPV-016,Survei,First Aid,0,1,0,0,0,0,0,33,365.7,Berawan,Desain/Engineering,Investigasi Lanjut,Overdue,Pit-A-Blok05,Sudah dilaporkan ke HSE Manager
104,2024-03-31,Sunday,3,Q1,2024,Shift 2 (19:00-07:00),ROM (Run of Mine),SPV-019,Pumping,Property Damage,0,0,0,0,0,0,1,11,130.3,Cerah,Peralatan Rusak,Perbaikan Alat,Selesai,ROM (R-Blok05,
105,2022-06-30,Thursday,6,Q2,2022,Shift 2 (19:00-07:00),Workshop,SPV-009,Maintenance,Near Miss,1,0,0,0,0,0,0,14,154.7,Cerah,Prosedur Tidak Diikuti,Revisi Prosedur,Belum Dimulai,Worksh-Blok04,Menunggu spare part
106,2022-06-29,Wednesday,6,Q2,2022,Shift 2 (19:00-07:00),Drainase,SPV-002,Dozing,First Aid,0,1,0,0,0,0,0,26,290.2,Berawan,Kondisi Cuaca Buruk,Perbaikan Desain,Selesai,Draina-Blok03,Menunggu spare part
107,2022-12-08,Thursday,12,Q4,2022,Shift 2 (19:00-07:00),Pit-B (Coal Getting),SPV-017,Pengawasan,Near Miss,1,0,0,0,0,0,0,43,501.6,Berawan,Kondisi Cuaca Buruk,Perbaikan Desain,Selesai,Pit-B-Blok04,Sudah dilaporkan ke HSE Manager
108,2024-03-11,Monday,3,Q1,2024,Shift 1 (07:00-19:00),Workshop,SPV-001,Dozing,First Aid,0,1,0,0,0,0,0,36,405.8,Cerah,Kondisi Cuaca Buruk,Pelatihan Ulang,Dalam Proses,Worksh-Blok01,Sudah dilaporkan ke HSE Manager
109,2024-09-25,Wednesday,9,Q3,2024,Shift 1 (07:00-19:00),Office Area,SPV-007,Pengawasan,Environmental Spill,0,0,0,0,0,0,0,42,540.2,Berawan,Komunikasi Buruk,Penggantian APD,Belum Dimulai,Office-Blok05,Sudah dilaporkan ke HSE Manager
110,2024-05-07,Tuesday,5,Q2,2024,Shift 1 (07:00-19:00),Pit-A (Overburden),SPV-018,Maintenance,Property Damage,0,0,0,0,0,0,1,38,444.6,Hujan Ringan,Kelelahan Pekerja,Perbaikan Alat,Selesai,Pit-A-Blok02,
111,2023-01-12,Thursday,1,Q1,2023,Shift 1 (07:00-19:00),Drainase,SPV-011,Blasting,Medical Treatment,0,0,1,0,0,0,0,41,493.5,Cerah,Housekeeping Buruk,Revisi Prosedur,Dalam Proses,Draina-Blok05,
112,2023-09-27,Wednesday,9,Q3,2023,Shift 1 (07:00-19:00),ROM (Run of Mine),SPV-008,Dozing,Near Miss,1,0,0,0,0,0,0,37,410.1,Hujan Ringan,Komunikasi Buruk,Perbaikan Alat,Overdue,ROM (R-Blok05,Sudah dilaporkan ke HSE Manager
113,2022-02-02,Wednesday,2,Q1,2022,Shift 1 (07:00-19:00),ROM (Run of Mine),SPV-006,Hauling,Medical Treatment,0,0,1,0,0,0,0,20,225.8,Cerah,Kelelahan Pekerja,Penggantian APD,Selesai,ROM (R-Blok01,
114,2022-04-10,Sunday,4,Q2,2022,Shift 2 (19:00-07:00),Office Area,SPV-014,Hauling,Near Miss,1,0,0,0,0,0,0,24,236.3,Cerah,Kondisi Cuaca Buruk,Revisi Prosedur,Dalam Proses,Office-Blok03,Menunggu spare part
115,2024-01-20,Saturday,1,Q1,2024,Shift 2 (19:00-07:00),ROM (Run of Mine),SPV-010,Blasting,Medical Treatment,0,0,1,0,0,0,0,26,293.2,Hujan Ringan,Peralatan Rusak,Perbaikan Desain,Overdue,ROM (R-Blok05,
116,2022-01-21,Friday,1,Q1,2022,Shift 2 (19:00-07:00),Pit-C (Hauling),SPV-005,Fueling,Property Damage,0,0,0,0,0,0,1,12,141.4,Berawan,Komunikasi Buruk,Perbaikan Alat,Dalam Proses,Pit-C-Blok05,Menunggu spare part
117,2022-01-26,Wednesday,1,Q1,2022,Shift 1 (07:00-19:00),Pit-A (Overburden),SPV-008,Administrasi,Property Damage,0,0,0,0,0,0,1,20,222.3,Cerah,Desain/Engineering,Revisi Prosedur,Overdue,Pit-A-Blok03,
118,2023-01-10,Tuesday,1,Q1,2023,Shift 1 (07:00-19:00),ROM (Run of Mine),SPV-013,Hauling,Medical Treatment,0,0,1,0,0,0,0,39,413.2,Cerah,Kondisi Cuaca Buruk,Investigasi Lanjut,Selesai,ROM (R-Blok02,
119,2023-08-05,Saturday,8,Q3,2023,Shift 2 (19:00-07:00),ROM (Run of Mine),SPV-005,Pumping,Near Miss,1,0,0,0,0,0,0,42,531.9,Cerah,Faktor Eksternal,Briefing Safety,Belum Dimulai,ROM (R-Blok03,Menunggu spare part
120,2024-09-22,Sunday,9,Q3,2024,Shift 1 (07:00-19:00),Workshop,SPV-005,Fueling,Near Miss,1,0,0,0,0,0,0,27,272.4,Berawan,Prosedur Tidak Diikuti,Pelatihan Ulang,Selesai,Worksh-Blok05,
121,2024-12-08,Sunday,12,Q4,2024,Shift 1 (07:00-19:00),Pit-A (Overburden),SPV-015,Blasting,First Aid,0,1,0,0,0,0,0,36,379.7,Cerah,Peralatan Rusak,Investigasi Lanjut,Dalam Proses,Pit-A-Blok04,Investigasi selesai
122,2022-02-03,Thursday,2,Q1,2022,Shift 2 (19:00-07:00),ROM (Run of Mine),SPV-005,Drilling,Near Miss,1,0,0,0,0,0,0,10,110.5,Cerah,Kelelahan Pekerja,Briefing Safety,Dalam Proses,ROM (R-Blok02,
123,2022-05-13,Friday,5,Q2,2022,Shift 1 (07:00-19:00),Pit-A (Overburden),SPV-004,Loading,First Aid,0,1,0,0,0,0,0,14,173.5,Cerah,Desain/Engineering,Perbaikan Alat,Dalam Proses,Pit-A-Blok03,Sudah dilaporkan ke HSE Manager
124,2024-04-11,Thursday,4,Q2,2024,Shift 1 (07:00-19:00),Pit-B (Coal Getting),SPV-019,Fueling,Medical Treatment,0,0,1,0,0,0,0,22,247.3,Berkabut,Kelelahan Pekerja,Perbaikan Desain,Dalam Proses,Pit-B-Blok05,
125,2023-08-16,Wednesday,8,Q3,2023,Shift 1 (07:00-19:00),Pit-C (Hauling),SPV-003,Pengawasan,Lost Time Injury,0,0,0,1,0,11,0,43,446.9,Berkabut,Housekeeping Buruk,Revisi Prosedur,Selesai,Pit-C-Blok02,Sudah dilaporkan ke HSE Manager
126,2024-08-14,Wednesday,8,Q3,2024,Shift 2 (19:00-07:00),ROM (Run of Mine),SPV-014,Administrasi,First Aid,0,1,0,0,0,0,0,28,328.8,Berkabut,Desain/Engineering,Perbaikan Desain,Selesai,ROM (R-Blok02,Menunggu spare part
127,2024-01-04,Thursday,1,Q1,2024,Shift 2 (19:00-07:00),Pit-B (Coal Getting),SPV-004,Survei,Medical Treatment,0,0,1,0,0,0,0,23,3600,Cerah,Human Error,Revisi Prosedur,Selesai,Pit-B-Blok05,
128,2023-09-01,Friday,9,Q3,2023,Shift 1 (07:00-19:00),Workshop,SPV-018,Drilling,First Aid,0,1,0,0,0,0,0,39,418.8,Cerah,Desain/Engineering,Investigasi Lanjut,Selesai,Worksh-Blok02,Sudah dilaporkan ke HSE Manager
129,2023-04-03,Monday,4,Q2,2023,Shift 1 (07:00-19:00),Stockpile,SPV-008,Survei,First Aid,0,1,0,0,0,0,0,13,168.2,Berawan,Housekeeping Buruk,Perbaikan Desain,Belum Dimulai,Stockp-Blok01,Perlu tindak lanjut
130,2023-01-09,Monday,1,Q1,2023,Shift 2 (19:00-07:00),Pit-C (Hauling),SPV-012,Grading,First Aid,0,1,0,0,0,0,0,21,236.2,Cerah,Desain/Engineering,Penggantian APD,Dalam Proses,Pit-C-Blok02,Sudah dilaporkan ke HSE Manager
131,2023-08-24,Thursday,8,Q3,2023,Shift 1 (07:00-19:00),Pit-B (Coal Getting),SPV-014,Survei,Near Miss,1,0,0,0,0,0,0,24,289.6,Cerah,Alat Pelindung Diri Tidak Sesuai,Briefing Safety,Belum Dimulai,Pit-B-Blok02,
132,2022-09-30,Friday,9,Q3,2022,Shift 1 (07:00-19:00),wrkshop,SPV-018,Administrasi,Near Miss,1,0,0,0,0,0,0,35,421.2,Hujan Lebat,Human Error,Briefing Safety,Selesai,Stockp-Blok05,Sudah dilaporkan ke HSE Manager
133,2022-02-24,Thursday,2,Q1,2022,Shift 2 (19:00-07:00),Office Area,SPV-001,Drilling,Near Miss,1,0,0,0,0,0,0,31,371.1,Berawan,Komunikasi Buruk,Investigasi Lanjut,Overdue,Office-Blok05,
134,2023-08-20,Sunday,8,Q3,2023,Shift 2 (19:00-07:00),Stockpile,SPV-003,Loading,Medical Treatment,0,0,1,0,0,0,0,27,309.7,Berawan,Komunikasi Buruk,Pelatihan Ulang,Selesai,Stockp-Blok01,Menunggu spare part
135,2024-11-19,Tuesday,11,Q4,2024,Shift 2 (19:00-07:00),Stockpile,SPV-015,Dozing,First Aid,0,1,0,0,0,0,0,41,454.2,Hujan Lebat,Faktor Eksternal,Briefing Safety,Dalam Proses,Stockp-Blok04,
136,2022-11-05,Saturday,11,Q4,2022,Shift 1 (07:00-19:00),Pit-C (Hauling),,Dozing,Near Miss,1,0,0,0,0,0,0,14,138.7,Cerah,Desain/Engineering,Investigasi Lanjut,Overdue,Pit-C-Blok02,
137,2024-12-15,Sunday,12,Q4,2024,Shift 2 (19:00-07:00),Pit-B (Coal Getting),SPV-015,Administrasi,Lost Time Injury,0,0,0,1,0,10,0,8,86.8,Berawan,Kondisi Cuaca Buruk,Investigasi Lanjut,Dalam Proses,Pit-B-Blok05,Sudah dilaporkan ke HSE Manager
138,2023-03-23,Thursday,3,Q1,2023,Shift 2 (19:00-07:00),Pit-B (Coal Getting),SPV-003,Drilling,Medical Treatment,0,0,1,0,0,0,0,29,314.5,Cerah,Peralatan Rusak,Revisi Prosedur,Dalam Proses,Pit-B-Blok05,
139,2024-02-05,Monday,2,Q1,2024,Shift 1 (07:00-19:00),Pit-C (Hauling),SPV-004,Pumping,Medical Treatment,0,0,1,0,0,0,0,28,304.7,Hujan Lebat,Housekeeping Buruk,Briefing Safety,Selesai,Pit-C-Blok02,Menunggu spare part
140,2024-01-09,Tuesday,1,Q1,2024,Shift 1 (07:00-19:00),Pit-C (Hauling),SPV-007,Maintenance,Medical Treatment,0,0,1,0,0,0,0,37,421.4,Hujan Lebat,Desain/Engineering,Briefing Safety,Selesai,Pit-C-Blok04,Menunggu spare part
141,2022-03-02,Wednesday,3,Q1,2022,Shift 1 (07:00-19:00),Pit-B (Coal Getting),SPV-019,Grading,Near Miss,1,0,0,0,0,0,0,26,286.7,Berawan,Desain/Engineering,Investigasi Lanjut,Selesai,Pit-B-Blok01,
142,2023-05-27,Saturday,5,Q2,2023,Shift 2 (19:00-07:00),Pit-A (Overburden),SPV-001,Administrasi,First Aid,0,1,0,0,0,0,0,17,176.3,Hujan Ringan,Kondisi Cuaca Buruk,Penggantian APD,Selesai,Pit-A-Blok03,
143,2023-04-27,Thursday,4,Q2,2023,Shift 1 (07:00-19:00),Pit-B (Coal Getting),SPV-016,Fueling,Medical Treatment,0,0,1,0,0,0,0,21,265,Cerah,Human Error,Investigasi Lanjut,Dalam Proses,Pit-B-Blok01,Perlu tindak lanjut
144,2024-07-10,Wednesday,7,Q3,2024,Shift 2 (19:00-07:00),ROM (Run of Mine),SPV-013,Drilling,First Aid,0,1,0,0,0,0,0,35,416.9,Cerah,Human Error,Investigasi Lanjut,Selesai,ROM (R-Blok01,Investigasi selesai
145,2024-12-11,Wednesday,12,Q4,2024,Shift 2 (19:00-07:00),Pit-C (Hauling),SPV-010,Administrasi,First Aid,0,1,0,0,0,0,0,23,258.6,Cerah,Peralatan Rusak,Perbaikan Desain,Belum Dimulai,Pit-C-Blok04,Menunggu spare part
146,2022-12-26,Monday,12,Q4,2022,Shift 2 (19:00-07:00),Pit-C (Hauling),SPV-014,Survei,Near Miss,1,0,0,0,0,0,0,30,391.3,Berkabut,Housekeeping Buruk,Penggantian APD,Dalam Proses,Pit-C-Blok04,Sudah dilaporkan ke HSE Manager
147,N/A,Thursday,3,Q1,2024,Shift 2 (19:00-07:00),Pit-B (Coal Getting),SPV-017,Fueling,Near Miss,1,0,0,0,0,0,0,45,459.6,Cerah,Desain/Engineering,Penggantian APD,Dalam Proses,Pit-B-Blok04,
148,2024-01-03,Wednesday,1,Q1,2024,Shift 1 (07:00-19:00),Pit-A (Overburden),SPV-020,Administrasi,Near Miss,1,0,0,0,0,0,0,43,514.3,Hujan Ringan,Komunikasi Buruk,Revisi Prosedur,Selesai,Pit-A-Blok02,Sudah dilaporkan ke HSE Manager
149,2023-06-14,Wednesday,6,Q2,2023,Shift 2 (19:00-07:00),Pit-A (Overburden),SPV-020,Grading,Lost Time Injury,0,0,0,1,0,13,0,27,335.9,Berkabut,Peralatan Rusak,Penggantian APD,Dalam Proses,Pit-A-Blok01,
150,2022-03-24,Thursday,3,Q1,2022,Shift 1 (07:00-19:00),Pit-A (Overburden),SPV-005,Pumping,Near Miss,1,0,0,0,0,0,0,20,247.7,Hujan Ringan,Desain/Engineering,Revisi Prosedur,Dalam Proses,Pit-A-Blok02,Investigasi selesai
151,2023-12-30,Saturday,12,Q4,2023,Shift 2 (19:00-07:00),Drainase,SPV-008,Dozing,First Aid,0,1,0,0,0,0,0,41,529.2,Cerah,Peralatan Rusak,Revisi Prosedur,Belum Dimulai,Draina-Blok01,
152,2022-07-11,Monday,7,Q3,2022,Shift 1 (07:00-19:00),Pit-C (Hauling),SPV-006,Grading,Medical Treatment,0,0,1,0,0,0,0,30,334.8,Berawan,Alat Pelindung Diri Tidak Sesuai,Perbaikan Alat,Selesai,Pit-C-Blok02,
153,2024-04-16,Tuesday,4,Q2,2024,Shift 2 (19:00-07:00),Office Area,SPV-008,Pumping,Environmental Spill,0,0,0,0,0,0,0,44,3600,Berawan,Desain/Engineering,Investigasi Lanjut,Dalam Proses,Office-Blok05,Perlu tindak lanjut
154,2024-05-04,Saturday,5,Q2,2024,Shift 2 (19:00-07:00),ROM (Run of Mine),SPV-009,Fueling,Near Miss,1,0,0,0,0,0,0,44,563.5,Berawan,Faktor Eksternal,Perbaikan Desain,Selesai,ROM (R-Blok04,
155,2022-08-07,Sunday,8,Q3,2022,Shift 1 (07:00-19:00),Stockpile,SPV-016,Hauling,Medical Treatment,0,0,1,0,0,0,0,9,118,Cerah,Desain/Engineering,Briefing Safety,Dalam Proses,Stockp-Blok04,Investigasi selesai
156,2024-06-07,Friday,6,Q2,2024,Shift 2 (19:00-07:00),Workshop,SPV-019,Fueling,Lost Time Injury,0,0,0,1,0,2,0,28,343.2,Hujan Ringan,Peralatan Rusak,Revisi Prosedur,Selesai,Worksh-Blok04,
157,2024-07-30,Tuesday,7,Q3,2024,Shift 1 (07:00-19:00),Pit-C (Hauling),SPV-016,Administrasi,Environmental Spill,0,0,0,0,0,0,0,39,410.6,Berawan,Desain/Engineering,Investigasi Lanjut,Selesai,Pit-C-Blok04,
158,2023-03-29,Wednesday,3,Q1,2023,Shift 1 (07:00-19:00),ROM (Run of Mine),SPV-010,Dozing,Near Miss,1,0,0,0,0,0,0,23,226.4,Berawan,Kelelahan Pekerja,Revisi Prosedur,Selesai,ROM (R-Blok03,Menunggu spare part
159,2022-01-30,Sunday,1,Q1,2022,Shift 2 (19:00-07:00),Stockpile,SPV-007,Grading,First Aid,0,1,0,0,0,0,0,11,134.3,Berawan,Housekeeping Buruk,Perbaikan Alat,Selesai,Stockp-Blok04,
160,2022-11-27,Sunday,11,Q4,2022,Shift 1 (07:00-19:00),Workshop,SPV-018,Pumping,Near Miss,1,0,0,0,0,0,0,30,329,Cerah,Komunikasi Buruk,Perbaikan Alat,Overdue,Worksh-Blok04,
161,2023-12-22,Friday,12,Q4,2023,Shift 1 (07:00-19:00),ROM (Run of Mine),SPV-007,Fueling,Near Miss,1,0,0,0,0,0,0,37,405.5,Hujan Lebat,Kondisi Cuaca Buruk,Pelatihan Ulang,Selesai,ROM (R-Blok04,
162,2023-05-11,Thursday,5,Q2,2023,Shift 1 (07:00-19:00),Pit-B (Coal Getting),SPV-003,Maintenance,Near Miss,1,0,0,0,0,0,0,22,258.2,Berkabut,Desain/Engineering,Penggantian APD,Dalam Proses,Pit-B-Blok05,
163,2023-11-02,Thursday,11,Q4,2023,Shift 2 (19:00-07:00),Pit-A (Overburden),SPV-012,Blasting,Near Miss,1,0,0,0,0,0,0,36,352.5,Berawan,Human Error,Pelatihan Ulang,Belum Dimulai,Pit-A-Blok02,
164,2023-05-15,Monday,5,Q2,2023,Shift 2 (19:00-07:00),Pit-A (Overburden),SPV-018,Grading,Near Miss,1,0,0,0,0,0,0,12,125.9,Hujan Ringan,Desain/Engineering,Perbaikan Desain,Selesai,Pit-A-Blok01,
165,2024-02-13,Tuesday,2,Q1,2024,Shift 1 (07:00-19:00),Pit-C (Hauling),SPV-002,Fueling,First Aid,0,1,0,0,0,0,0,29,332.7,Berawan,Faktor Eksternal,Briefing Safety,Dalam Proses,Pit-C-Blok05,Investigasi selesai
166,2023-06-19,Monday,6,Q2,2023,Shift 1 (07:00-19:00),Pit-A (Overburden),SPV-010,Fueling,Near Miss,1,0,0,0,0,0,0,25,296.7,Berawan,Faktor Eksternal,Investigasi Lanjut,Selesai,Pit-A-Blok01,Sudah dilaporkan ke HSE Manager
167,2024-09-03,Tuesday,9,Q3,2024,Shift 1 (07:00-19:00),Pit-A (Overburden),SPV-001,Grading,Medical Treatment,0,0,1,0,0,0,0,31,404.1,Cerah,Housekeeping Buruk,Briefing Safety,Selesai,Pit-A-Blok05,Perlu tindak lanjut
168,2024-09-29,Sunday,9,Q3,2024,Shift 1 (07:00-19:00),Workshop,SPV-016,Blasting,Medical Treatment,0,0,1,0,0,0,0,31,402.5,Cerah,Komunikasi Buruk,Perbaikan Alat,Selesai,Worksh-Blok01,Perlu tindak lanjut
169,2024-02-10,Saturday,2,Q1,2024,Shift 1 (07:00-19:00),Office Area,SPV-005,Pumping,Near Miss,1,0,0,0,0,0,0,43,437.3,Cerah,Housekeeping Buruk,Investigasi Lanjut,Selesai,Office-Blok03,Perlu tindak lanjut
170,2022-05-03,Tuesday,5,Q2,2022,Shift 1 (07:00-19:00),Drainase,SPV-017,Loading,Medical Treatment,0,0,1,0,0,0,0,11,113.7,Hujan Ringan,Human Error,Penggantian APD,Selesai,Draina-Blok04,
171,2022-06-24,Friday,6,Q2,2022,Shift 2 (19:00-07:00),Pit-B (Coal Getting),SPV-018,Drilling,Near Miss,1,0,0,0,0,0,0,39,436.8,Hujan Ringan,Kondisi Cuaca Buruk,Pelatihan Ulang,Selesai,Pit-B-Blok01,Investigasi selesai
172,2024-05-29,Wednesday,5,Q2,2024,Shift 2 (19:00-07:00),Workshop,SPV-004,Blasting,First Aid,0,1,0,0,0,0,0,36,367.8,Cerah,Human Error,Perbaikan Desain,Dalam Proses,Worksh-Blok04,Perlu tindak lanjut
173,2023-05-24,Wednesday,5,Q2,2023,Shift 1 (07:00-19:00),Drainase,SPV-018,Administrasi,First Aid,0,1,0,0,0,0,0,36,365.7,Cerah,Desain/Engineering,Revisi Prosedur,Selesai,Draina-Blok03,
174,2023-03-12,Sunday,3,Q1,2023,Shift 2 (19:00-07:00),Workshop,SPV-010,Administrasi,Medical Treatment,0,0,1,0,0,0,0,20,240.7,Berkabut,Prosedur Tidak Diikuti,Penggantian APD,Selesai,Worksh-Blok03,Investigasi selesai
175,2023-03-18,Saturday,3,Q1,2023,Shift 1 (07:00-19:00),Workshop,SPV-003,Administrasi,Near Miss,1,0,0,0,0,0,0,31,382.3,Berawan,Desain/Engineering,Investigasi Lanjut,Overdue,Worksh-Blok05,
176,2022-01-13,Thursday,1,Q1,2022,Shift 2 (19:00-07:00),Pit-B (Coal Getting),SPV-001,Pengawasan,Near Miss,1,0,0,0,0,0,0,12,128.4,Cerah,Kelelahan Pekerja,Briefing Safety,Dalam Proses,Pit-B-Blok02,Sudah dilaporkan ke HSE Manager
177,2024-02-24,Saturday,2,Q1,2024,Shift 2 (19:00-07:00),Pit-B (Coal Getting),SPV-012,Drilling,Medical Treatment,0,0,1,0,0,0,0,38,480.6,Cerah,Peralatan Rusak,Penggantian APD,Selesai,Pit-B-Blok01,
178,2023-11-08,Wednesday,11,Q4,2023,Shift 2 (19:00-07:00),Pit-C (Hauling),SPV-005,Loading,Property Damage,0,0,0,0,0,0,1,39,506.7,Berawan,Faktor Eksternal,Revisi Prosedur,Selesai,Pit-C-Blok02,Investigasi selesai
179,2022-12-06,Tuesday,12,Q4,2022,Shift 2 (19:00-07:00),Pit-A (Overburden),SPV-001,Blasting,First Aid,0,1,0,0,0,0,0,38,397.6,Berawan,Faktor Eksternal,Perbaikan Desain,Selesai,Pit-A-Blok04,
180,2024-09-27,Friday,9,Q3,2024,Shift 1 (07:00-19:00),Pit-B (Coal Getting),SPV-003,Pengawasan,Near Miss,1,0,0,0,0,0,0,24,270.3,Berkabut,Human Error,Penggantian APD,Dalam Proses,Pit-B-Blok03,
181,2024-04-01,Monday,4,Q2,2024,Shift 1 (07:00-19:00),Stockpile,SPV-002,Grading,Property Damage,0,0,0,0,0,0,1,35,419.9,Berkabut,Prosedur Tidak Diikuti,Briefing Safety,Dalam Proses,Stockp-Blok04,
182,2022-08-24,Wednesday,8,Q3,2022,Shift 2 (19:00-07:00),Pit-C (Hauling),SPV-001,Grading,Near Miss,1,0,0,0,0,0,0,44,469.1,Berawan,Kelelahan Pekerja,Revisi Prosedur,Selesai,Pit-C-Blok01,
183,2022-11-27,Sunday,11,Q4,2022,Shift 1 (07:00-19:00),Pit-B (Coal Getting),SPV-004,Drilling,Near Miss,1,0,0,0,0,0,0,33,405.9,Hujan Lebat,Prosedur Tidak Diikuti,Perbaikan Desain,Dalam Proses,Pit-B-Blok02,
184,2022-03-14,Monday,3,Q1,2022,Shift 1 (07:00-19:00),ROM (Run of Mine),SPV-015,Grading,First Aid,0,1,0,0,0,0,0,41,455.6,Hujan Ringan,Peralatan Rusak,Penggantian APD,Selesai,ROM (R-Blok02,
185,2022-11-17,Thursday,11,Q4,2022,Shift 1 (07:00-19:00),Pit-A (Overburden),SPV-011,Loading,Medical Treatment,0,0,1,0,0,0,0,28,292.7,Cerah,Komunikasi Buruk,Revisi Prosedur,Selesai,Pit-A-Blok05,Investigasi selesai
186,2022-01-21,Friday,1,Q1,2022,Shift 1 (07:00-19:00),Pit-B (Coal Getting),SPV-003,Maintenance,Medical Treatment,0,0,1,0,0,0,0,43,449.9,Cerah,Housekeeping Buruk,Briefing Safety,Belum Dimulai,Pit-B-Blok04,Menunggu spare part
187,2022-02-10,Thursday,2,Q1,2022,Shift 2 (19:00-07:00),Pit-B (Coal Getting),SPV-005,Grading,Lost Time Injury,0,0,0,1,0,10,0,31,331.3,Cerah,Peralatan Rusak,Pelatihan Ulang,Selesai,Pit-B-Blok05,
188,2023-11-24,Friday,11,Q4,2023,Shift 2 (19:00-07:00),Pit-C (Hauling),SPV-018,Drilling,Lost Time Injury,0,0,0,1,0,11,0,39,402.3,Cerah,Faktor Eksternal,Penggantian APD,Overdue,Pit-C-Blok05,Perlu tindak lanjut
189,2024-10-27,Sunday,10,Q4,2024,Shift 2 (19:00-07:00),Workshop,SPV-018,Loading,Near Miss,1,0,0,0,0,0,0,22,277,Cerah,Peralatan Rusak,Investigasi Lanjut,Selesai,Worksh-Blok03,
190,2024-10-05,Saturday,10,Q4,2024,Shift 2 (19:00-07:00),Pit-A (Overburden),SPV-010,Pengawasan,First Aid,0,1,0,0,0,0,0,40,462.6,Cerah,Kelelahan Pekerja,Revisi Prosedur,Selesai,Pit-A-Blok02,Perlu tindak lanjut
191,2024-01-21,Sunday,1,Q1,2024,Shift 1 (07:00-19:00),Workshop,SPV-001,Loading,Near Miss,1,0,0,0,0,0,0,29,326.8,Cerah,Kelelahan Pekerja,Briefing Safety,Selesai,Worksh-Blok02,
192,2022-07-24,Sunday,7,Q3,2022,Shift 1 (07:00-19:00),Pit-A (Overburden),SPV-017,Pumping,Near Miss,1,0,0,0,0,0,0,12,138,Cerah,Peralatan Rusak,Pelatihan Ulang,Dalam Proses,Pit-A-Blok04,
193,2022-05-19,Thursday,5,Q2,2022,Shift 2 (19:00-07:00),ROM (Run of Mine),SPV-020,Blasting,Medical Treatment,0,0,1,0,0,0,0,17,204.7,Hujan Ringan,Kelelahan Pekerja,Briefing Safety,Selesai,ROM (R-Blok01,
194,2024-11-15,Friday,11,Q4,2024,Shift 1 (07:00-19:00),ROM (Run of Mine),SPV-020,Pengawasan,First Aid,0,1,0,0,0,0,0,18,217.4,Hujan Ringan,Komunikasi Buruk,Briefing Safety,Dalam Proses,ROM (R-Blok03,
195,2022-06-27,Monday,6,Q2,2022,Shift 2 (19:00-07:00),Office Area,SPV-014,Loading,First Aid,0,1,0,0,0,0,0,17,170.1,Hujan Ringan,Human Error,Perbaikan Desain,Selesai,Office-Blok01,Sudah dilaporkan ke HSE Manager
196,2023-05-30,Tuesday,5,Q2,2023,Shift 2 (19:00-07:00),Workshop,SPV-013,Blasting,Medical Treatment,0,0,1,0,0,0,0,31,404.6,Hujan Ringan,Faktor Eksternal,Perbaikan Desain,Selesai,Worksh-Blok05,
197,2023-01-25,Wednesday,1,Q1,2023,Shift 2 (19:00-07:00),Office Area,SPV-016,Grading,Property Damage,0,0,0,0,0,0,1,30,382.5,Hujan Lebat,Peralatan Rusak,Pelatihan Ulang,Selesai,Office-Blok02,Perlu tindak lanjut
198,2024-12-14,Saturday,12,Q4,2024,Shift 1 (07:00-19:00),Workshop,SPV-001,Loading,First Aid,0,1,0,0,0,0,0,41,509.9,Cerah,Kondisi Cuaca Buruk,Investigasi Lanjut,Selesai,Worksh-Blok03,Perlu tindak lanjut
199,2022-10-21,Friday,10,Q4,2022,Shift 1 (07:00-19:00),Pit-C (Hauling),SPV-002,Administrasi,First Aid,0,1,0,1,0,0,0,0,388.3,Cerah,Peralatan Rusak,Penggantian APD,Dalam Proses,Pit-C-Blok01,
200,2022-03-05,Saturday,3,Q1,2022,Shift 2 (19:00-07:00),Workshop,SPV-011,Grading,Lost Time Injury,0,0,0,1,0,8,0,32,405.8,Hujan Lebat,Housekeeping Buruk,Briefing Safety,Dalam Proses,Worksh-Blok02,
201,2022-07-27,Wednesday,7,Q3,2022,S2,Office Area,SPV-019,Maintenance,Near Miss,1,0,0,0,0,0,0,33,400.5,Cerah,Kelelahan Pekerja,Penggantian APD,Selesai,Office-Blok02,
202,2023-01-18,Wednesday,1,Q1,2023,Shift 1 (07:00-19:00),Pit-B (Coal Getting),SPV-003,Grading,Medical Treatment,0,0,1,0,0,0,0,29,372.4,,Prosedur Tidak Diikuti,Revisi Prosedur,Selesai,Pit-B-Blok02,Menunggu spare part
203,2022-03-01,Tuesday,3,Q1,2022,Shift 1 (07:00-19:00),Workshop,SPV-010,Fueling,Near Miss,1,0,0,0,0,0,0,13,144.5,Berawan,Housekeeping Buruk,Penggantian APD,Selesai,Worksh-Blok03,
204,2023-04-13,Thursday,4,Q2,2023,Shift 1 (07:00-19:00),Drainase,SPV-016,Survei,Near Miss,1,0,0,0,0,0,0,23,230.5,Berkabut,Kondisi Cuaca Buruk,Perbaikan Desain,Dalam Proses,Draina-Blok04,
205,2022-01-21,Friday,1,Q1,2022,Shift 2 (19:00-07:00),Drainase,SPV-006,Drilling,Near Miss,1,0,0,0,0,0,0,39,434.2,Berkabut,Housekeeping Buruk,Pelatihan Ulang,Selesai,Draina-Blok02,
206,2024-08-22,Thursday,8,Q3,2024,Shift 1 (07:00-19:00),Stockpile,SPV-016,Grading,Lost Time Injury,0,0,0,1,1,11,0,16,198.8,Hujan Ringan,Prosedur Tidak Diikuti,Penggantian APD,Selesai,Stockp-Blok05,Sudah dilaporkan ke HSE Manager
207,2024-01-06,Saturday,1,Q1,2024,Shift 2 (19:00-07:00),Pit-C (Hauling),SPV-020,Drilling,First Aid,0,1,0,0,0,0,0,11,117,Berkabut,Kelelahan Pekerja,Revisi Prosedur,Belum Dimulai,Pit-C-Blok05,Investigasi selesai
208,2023-03-28,Tuesday,3,Q1,2023,Shift 1 (07:00-19:00),Pit-A (Overburden),SPV-009,Drilling,Near Miss,1,0,0,0,0,0,0,23,271.9,Hujan Lebat,Housekeeping Buruk,Investigasi Lanjut,Dalam Proses,Pit-A-Blok04,Sudah dilaporkan ke HSE Manager
209,2022-11-20,Sunday,11,Q4,2022,Shift 2 (19:00-07:00),Office Area,SPV-018,Dozing,Near Miss,1,0,0,0,0,0,0,29,380.1,Cerah,Faktor Eksternal,Perbaikan Desain,Selesai,Office-Blok01,
210,2024-11-10,Sunday,11,Q4,2024,Shift 1 (07:00-19:00),Pit-A (Overburden),SPV-006,Fueling,Near Miss,1,0,0,0,0,0,0,25,284.3,Cerah,Alat Pelindung Diri Tidak Sesuai,Perbaikan Alat,Belum Dimulai,Pit-A-Blok03,Perlu tindak lanjut
211,2023-09-21,Thursday,9,Q3,2023,Shift 2 (19:00-07:00),Workshop,SPV-013,Maintenance,Medical Treatment,0,0,1,0,0,0,0,16,188.7,Cerah,Housekeeping Buruk,Briefing Safety,Overdue,Worksh-Blok02,Perlu tindak lanjut
212,2022-10-31,Monday,10,Q4,2022,Shift 1 (07:00-19:00),ROM (Run of Mine),SPV-003,Administrasi,Near Miss,1,0,0,0,0,0,0,26,296.7,Cerah,Faktor Eksternal,Perbaikan Alat,Overdue,ROM (R-Blok02,
213,2024-05-04,Saturday,5,Q2,2024,Shift 1 (07:00-19:00),wrkshop,SPV-017,Pumping,First Aid,0,1,0,0,0,0,0,45,541.2,Berkabut,Kelelahan Pekerja,Revisi Prosedur,Dalam Proses,ROM (R-Blok01,Perlu tindak lanjut
214,2023-09-29,Friday,9,Q3,2023,Shift 2 (19:00-07:00),Pit-B (Coal Getting),SPV-013,Pumping,Lost Time Injury,0,0,0,1,0,13,0,25,255.1,Hujan Ringan,Housekeeping Buruk,Revisi Prosedur,Selesai,Pit-B-Blok05,
215,2024-08-06,Tuesday,8,Q3,2024,Shift 2 (19:00-07:00),Office Area,SPV-002,Survei,Near Miss,1,0,0,0,0,0,0,33,378,Berkabut,Desain/Engineering,Perbaikan Alat,Selesai,Office-Blok04,Perlu tindak lanjut
216,2024-09-07,Saturday,9,Q3,2024,Shift-2,ROM (Run of Mine),SPV-010,Pengawasan,Environmental Spill,0,0,0,0,0,0,0,24,309.2,Berawan,Human Error,Investigasi Lanjut,Selesai,ROM (R-Blok04,Investigasi selesai
217,2023-01-24,Tuesday,1,Q1,2023,Shift 1 (07:00-19:00),Drainase,SPV-004,Blasting,Near Miss,1,0,0,0,0,0,0,15,167.6,Cerah,Faktor Eksternal,Perbaikan Alat,Selesai,Draina-Blok01,
218,2024-08-01,Thursday,8,Q3,2024,Shift 2 (19:00-07:00),Pit-A (Overburden),SPV-003,Fueling,Near Miss,1,0,0,0,0,0,0,22,284.3,Hujan Lebat,Peralatan Rusak,Revisi Prosedur,Dalam Proses,Pit-A-Blok05,
219,2022-06-22,Wednesday,6,Q2,2022,Shift 2 (19:00-07:00),Pit-A (Overburden),SPV-005,Maintenance,Near Miss,1,0,0,0,0,0,0,15,197.4,Berawan,Komunikasi Buruk,Pelatihan Ulang,Dalam Proses,Pit-A-Blok02,
220,2022-09-02,Friday,9,Q3,2022,Shift 1 (07:00-19:00),Pit-A (Overburden),SPV-007,Survei,First Aid,0,1,0,0,0,0,0,11,140,Cerah,Kelelahan Pekerja,Penggantian APD,Dalam Proses,Pit-A-Blok05,
221,2022-03-15,Tuesday,3,Q1,2022,Shift 1 (07:00-19:00),Workshop,SPV-018,Administrasi,Near Miss,1,0,0,0,0,0,0,30,333.7,Cerah,Komunikasi Buruk,Briefing Safety,Dalam Proses,Worksh-Blok04,
222,2022-03-17,Thursday,3,Q1,2022,Shift 1 (07:00-19:00),Workshop,SPV-010,Survei,Near Miss,1,0,0,0,0,0,0,31,407.7,Cerah,Kelelahan Pekerja,Perbaikan Desain,Selesai,Worksh-Blok05,
223,2023-01-23,Monday,1,Q1,2023,Shift 1 (07:00-19:00),Pit-B (Coal Getting),SPV-013,Survei,Near Miss,1,0,0,0,0,0,0,23,281.8,Cerah,Alat Pelindung Diri Tidak Sesuai,Pelatihan Ulang,Overdue,Pit-B-Blok02,Investigasi selesai
224,2024-01-31,Wednesday,1,Q1,2024,Shift 1 (07:00-19:00),Pit-B (Coal Getting),SPV-010,Loading,Medical Treatment,0,0,1,0,0,0,0,36,391.2,Cerah,Human Error,Pelatihan Ulang,Overdue,Pit-B-Blok05,Perlu tindak lanjut
225,2024-08-10,Saturday,8,Q3,2024,Shift 1 (07:00-19:00),Pit-C (Hauling),SPV-008,Blasting,Near Miss,1,0,0,0,0,0,0,8,104.3,Cerah,Komunikasi Buruk,Penggantian APD,Selesai,Pit-C-Blok01,Menunggu spare part
226,2022-03-30,Wednesday,3,Q1,2022,Shift 1 (07:00-19:00),ROM (Run of Mine),SPV-011,Survei,Near Miss,1,0,0,0,0,0,0,16,172.9,Hujan Lebat,Human Error,Investigasi Lanjut,Selesai,ROM (R-Blok04,Sudah dilaporkan ke HSE Manager
227,2023-07-13,Thursday,7,Q3,2023,Shift 1 (07:00-19:00),Pit-A (Overburden),SPV-001,Survei,Near Miss,1,0,0,0,0,0,0,39,404.9,Berkabut,Faktor Eksternal,Pelatihan Ulang,Selesai,Pit-A-Blok01,
228,2024-11-23,Saturday,11,Q4,2024,Shift 2 (19:00-07:00),Pit-A (Overburden),SPV-005,Maintenance,Medical Treatment,0,0,1,0,0,0,0,44,543.3,Cerah,Human Error,Perbaikan Alat,Overdue,Pit-A-Blok02,Investigasi selesai
229,2024-02-13,Tuesday,2,Q1,2024,Shift 2 (19:00-07:00),Pit-C (Hauling),SPV-019,Pumping,First Aid,0,1,0,0,0,0,0,44,516.3,Hujan Ringan,Kelelahan Pekerja,Perbaikan Desain,Selesai,Pit-C-Blok04,
230,2022-06-10,Friday,6,Q2,2022,Shift 1 (07:00-19:00),Drainase,SPV-020,Fueling,First Aid,0,1,0,0,0,0,0,15,185.4,Cerah,Alat Pelindung Diri Tidak Sesuai,Penggantian APD,Selesai,Draina-Blok01,
231,2023-05-25,Thursday,5,Q2,2023,Shift 1 (07:00-19:00),Pit-B (Coal Getting),SPV-013,Loading,Medical Treatment,0,0,1,0,0,0,0,37,396.8,Hujan Ringan,Housekeeping Buruk,Perbaikan Alat,Selesai,Pit-B-Blok05,
232,2023-03-23,Thursday,3,Q1,2023,Shift 1 (07:00-19:00),ROM (Run of Mine),SPV-020,Maintenance,Near Miss,1,0,0,0,0,0,0,24,310.4,Hujan Ringan,Alat Pelindung Diri Tidak Sesuai,Perbaikan Desain,Dalam Proses,ROM (R-Blok04,
233,2022-11-16,Wednesday,11,Q4,2022,Shift 1 (07:00-19:00),Pit-C (Hauling),SPV-018,Maintenance,Near Miss,1,0,0,0,0,0,0,37,483.3,Berawan,Komunikasi Buruk,Perbaikan Desain,Selesai,Pit-C-Blok04,Sudah dilaporkan ke HSE Manager
234,2023-10-23,Monday,10,Q4,2023,Shift 1 (07:00-19:00),Pit-B (Coal Getting),SPV-006,Maintenance,Medical Treatment,0,0,1,0,0,0,0,38,409.8,Cerah,Human Error,Revisi Prosedur,Selesai,Pit-B-Blok01,
235,2022-03-07,Monday,3,Q1,2022,Shift 2 (19:00-07:00),Pit-A (Overburden),SPV-008,Hauling,Property Damage,0,0,0,0,0,0,1,35,461.8,Cerah,Kelelahan Pekerja,Pelatihan Ulang,Belum Dimulai,Pit-A-Blok01,Menunggu spare part
236,2024-12-06,Friday,12,Q4,2024,Shift 1 (07:00-19:00),Pit-B (Coal Getting),SPV-006,Fueling,Medical Treatment,0,0,1,0,0,0,0,12,128.6,Hujan Ringan,Faktor Eksternal,Penggantian APD,Selesai,Pit-B-Blok03,Menunggu spare part
237,2024-10-09,Wednesday,10,Q4,2024,Shift 1 (07:00-19:00),Pit-C (Hauling),SPV-001,Hauling,Near Miss,1,0,0,0,0,0,0,31,309.3,Hujan Ringan,Faktor Eksternal,Revisi Prosedur,Dalam Proses,Pit-C-Blok02,Menunggu spare part
238,2023-06-01,Thursday,6,Q2,2023,Shift 2 (19:00-07:00),Stockpile,SPV-019,Pengawasan,Near Miss,1,0,0,0,0,0,0,34,368.8,Berawan,Kelelahan Pekerja,Penggantian APD,Selesai,Stockp-Blok04,Menunggu spare part
239,2023-07-27,Thursday,7,Q3,2023,Shift 1 (07:00-19:00),Pit-B (Coal Getting),SPV-004,Loading,Property Damage,0,0,0,0,0,0,1,30,388,Hujan Ringan,Peralatan Rusak,Perbaikan Alat,Belum Dimulai,Pit-B-Blok03,Menunggu spare part
240,2022-11-15,Tuesday,11,Q4,2022,Shift 1 (07:00-19:00),Pit-B (Coal Getting),SPV-005,Pengawasan,First Aid,0,1,0,0,0,0,0,10,120.1,Berkabut,Kelelahan Pekerja,Perbaikan Alat,Selesai,Pit-B-Blok01,
241,2023-11-18,Saturday,11,Q4,2023,Shift 2 (19:00-07:00),Workshop,SPV-003,Survei,First Aid,0,1,0,0,0,0,0,12,158.5,Berawan,Desain/Engineering,Penggantian APD,Dalam Proses,Worksh-Blok04,
242,2023-11-27,Monday,11,Q4,2023,Shift 2 (19:00-07:00),Pit-C (Hauling),SPV-017,Dozing,Near Miss,1,0,0,0,0,0,0,42,441.1,,Alat Pelindung Diri Tidak Sesuai,Pelatihan Ulang,Selesai,Pit-C-Blok05,Menunggu spare part
243,2023-03-01,Wednesday,3,Q1,2023,Shift 2 (19:00-07:00),Office Area,SPV-016,Survei,First Aid,0,1,0,0,0,0,0,21,230.1,Cerah,Komunikasi Buruk,Perbaikan Alat,Dalam Proses,Office-Blok02,Sudah dilaporkan ke HSE Manager
244,2023-11-23,Thursday,11,Q4,2023,Shift 1 (07:00-19:00),ROM (Run of Mine),SPV-002,Maintenance,Medical Treatment,0,0,1,0,0,0,0,8,93.2,Cerah,Komunikasi Buruk,Perbaikan Alat,Dalam Proses,ROM (R-Blok01,
245,2024-03-16,Saturday,3,Q1,2024,Shift 1 (07:00-19:00),Stockpile,SPV-018,Blasting,Near Miss,1,0,0,0,0,0,0,35,374.3,Berawan,Kondisi Cuaca Buruk,Pelatihan Ulang,Dalam Proses,Stockp-Blok05,Sudah dilaporkan ke HSE Manager
246,2023-01-02,Monday,1,Q1,2023,Shift 1 (07:00-19:00),Pit-C (Hauling),SPV-006,Blasting,Near Miss,1,0,0,0,0,0,0,33,356.1,Berawan,Desain/Engineering,Penggantian APD,Overdue,Pit-C-Blok04,
247,2023-09-25,Monday,9,Q3,2023,Shift 1 (07:00-19:00),Pit-A (Overburden),SPV-019,Fueling,Environmental Spill,0,0,0,0,0,0,0,37,443,Cerah,Kelelahan Pekerja,Pelatihan Ulang,Selesai,Pit-A-Blok03,Menunggu spare part
248,2023-08-20,Sunday,8,Q3,2023,Shift 1 (07:00-19:00),Pit-A (Overburden),SPV-012,Dozing,Near Miss,1,0,0,0,0,0,0,18,211.4,Hujan Ringan,Faktor Eksternal,Pelatihan Ulang,Selesai,Pit-A-Blok02,Investigasi selesai
249,2024-08-12,Monday,8,Q3,2024,Shift 2 (19:00-07:00),Pit-C (Hauling),SPV-018,Pumping,Medical Treatment,0,0,1,0,0,0,0,36,472.8,Hujan Lebat,Faktor Eksternal,Revisi Prosedur,Selesai,Pit-C-Blok04,
250,2022-07-21,Thursday,7,Q3,2022,Shift 2 (19:00-07:00),Workshop,SPV-003,Fueling,First Aid,0,1,0,0,0,0,0,13,137.9,Berawan,Prosedur Tidak Diikuti,Investigasi Lanjut,Selesai,Worksh-Blok03,
251,2022-06-18,Saturday,6,Q2,2022,Shift 2 (19:00-07:00),Pit-A (Overburden),SPV-012,Pumping,First Aid,0,1,0,0,0,0,0,40,520.5,Hujan Ringan,Kondisi Cuaca Buruk,Penggantian APD,Selesai,Pit-A-Blok04,
252,2022-06-21,Tuesday,6,Q2,2022,Shift 1 (07:00-19:00),Stockpile,SPV-003,Pengawasan,Lost Time Injury,0,0,0,1,0,5,0,22,227.3,Cerah,Faktor Eksternal,Investigasi Lanjut,Overdue,Stockp-Blok02,Sudah dilaporkan ke HSE Manager
253,2024-10-03,Thursday,10,Q4,2024,Shift 1 (07:00-19:00),Drainase,SPV-009,Dozing,Property Damage,0,0,0,0,0,0,1,16,195.4,Berawan,Prosedur Tidak Diikuti,Revisi Prosedur,Selesai,Draina-Blok05,Investigasi selesai
254,2024-03-09,Saturday,3,Q1,2024,Shift 2 (19:00-07:00),Pit-B (Coal Getting),SPV-010,Loading,Property Damage,0,0,0,0,0,0,1,9,115.6,Hujan Ringan,Housekeeping Buruk,Pelatihan Ulang,Selesai,Pit-B-Blok01,
255,2022-04-27,Wednesday,4,Q2,2022,Shift 1 (07:00-19:00),Pit-B (Coal Getting),SPV-016,Drilling,Near Miss,1,0,0,0,0,0,0,12,158.6,Berawan,Komunikasi Buruk,Briefing Safety,Dalam Proses,Pit-B-Blok01,Investigasi selesai
256,2024-11-29,Friday,11,Q4,2024,Shift 1 (07:00-19:00),Pit-C (Hauling),SPV-003,Pengawasan,Near Miss,1,0,0,0,0,0,0,40,528.3,Cerah,Human Error,Pelatihan Ulang,Overdue,Pit-C-Blok01,Investigasi selesai
257,2024-09-08,Sunday,9,Q3,2024,Shift 2 (19:00-07:00),Drainase,SPV-009,Grading,Near Miss,1,0,0,0,0,0,0,45,497.5,Hujan Lebat,Kelelahan Pekerja,Perbaikan Desain,Selesai,Draina-Blok05,
258,2022-07-27,Wednesday,7,Q3,2022,Shift 1 (07:00-19:00),Drainase,SPV-009,Blasting,Near Miss,1,0,0,0,0,0,0,8,79.7,Hujan Lebat,Prosedur Tidak Diikuti,Investigasi Lanjut,Selesai,Draina-Blok05,
259,2024-09-21,Saturday,9,Q3,2024,Shift 1 (07:00-19:00),ROM (Run of Mine),SPV-017,Hauling,Near Miss,1,0,0,0,0,0,0,20,197.6,Berkabut,Desain/Engineering,Briefing Safety,Belum Dimulai,ROM (R-Blok04,Investigasi selesai
260,2022-04-16,Saturday,4,Q2,2022,Shift 1 (07:00-19:00),Pit-C (Hauling),SPV-015,Pengawasan,Near Miss,1,0,0,0,0,0,0,36,438.2,Berawan,Prosedur Tidak Diikuti,Investigasi Lanjut,Selesai,Pit-C-Blok01,Perlu tindak lanjut
261,2024-01-23,Tuesday,1,Q1,2024,Shift 2 (19:00-07:00),Pit-B (Coal Getting),SPV-019,Dozing,Near Miss,1,0,0,0,0,0,0,21,248.3,Cerah,Komunikasi Buruk,Revisi Prosedur,Overdue,Pit-B-Blok05,
262,2022-11-04,Friday,11,Q4,2022,Shift 2 (19:00-07:00),Pit-B (Coal Getting),SPV-004,Dozing,Near Miss,1,0,0,0,0,0,0,39,460,Cerah,Kelelahan Pekerja,Briefing Safety,Selesai,Pit-B-Blok02,
263,2022-12-02,Friday,12,Q4,2022,Shift 2 (19:00-07:00),Pit-C (Hauling),SPV-006,Loading,First Aid,0,1,0,0,0,0,0,17,167.2,Hujan Lebat,Human Error,Penggantian APD,Selesai,Pit-C-Blok01,
264,2022-03-12,Saturday,3,Q1,2022,Shift 2 (19:00-07:00),Pit-C (Hauling),SPV-001,Hauling,First Aid,0,1,0,0,0,0,0,38,478.8,Cerah,Kondisi Cuaca Buruk,Penggantian APD,Selesai,Pit-C-Blok05,
265,2022-05-12,Thursday,5,Q2,2022,Shift 2 (19:00-07:00),ROM (Run of Mine),SPV-019,Fueling,Medical Treatment,0,0,1,0,0,0,0,36,446.5,Hujan Ringan,Housekeeping Buruk,Perbaikan Alat,Selesai,ROM (R-Blok02,
266,2024-07-31,Wednesday,7,Q3,2024,Shift 2 (19:00-07:00),Office Area,SPV-012,Pumping,First Aid,0,1,0,0,0,0,0,37,449.6,Cerah,Peralatan Rusak,Revisi Prosedur,Belum Dimulai,Office-Blok02,Menunggu spare part
267,2022-11-30,Wednesday,11,Q4,2022,Shift 1 (07:00-19:00),Pit-B (Coal Getting),SPV-016,Loading,Near Miss,1,0,0,0,0,0,0,25,268.1,Hujan Ringan,Human Error,Perbaikan Desain,Dalam Proses,Pit-B-Blok04,
268,2024-03-17,Sunday,3,Q1,2024,Shift 1 (07:00-19:00),Pit-B (Coal Getting),SPV-004,Pumping,Lost Time Injury,0,0,0,1,0,2,0,12,122.8,Cerah,Faktor Eksternal,Perbaikan Desain,Selesai,Pit-B-Blok05,Menunggu spare part
269,2022-03-01,Tuesday,3,Q1,2022,Shift 1 (07:00-19:00),Pit-C (Hauling),SPV-006,Pengawasan,Property Damage,0,0,0,0,0,0,1,15,165.4,Hujan Lebat,Housekeeping Buruk,Pelatihan Ulang,Dalam Proses,Pit-C-Blok04,Menunggu spare part
270,2023-05-13,Saturday,5,Q2,2023,Shift 1 (07:00-19:00),Pit-B (Coal Getting),SPV-012,Fueling,Near Miss,1,0,0,0,0,0,0,29,318.1,Berkabut,Housekeeping Buruk,Briefing Safety,Dalam Proses,Pit-B-Blok01,
271,2024-02-17,Saturday,2,Q1,2024,Shift 2 (19:00-07:00),Drainase,SPV-010,Pengawasan,Medical Treatment,0,0,1,0,0,0,0,20,215.1,Berawan,Kelelahan Pekerja,Perbaikan Alat,Selesai,Draina-Blok02,Perlu tindak lanjut
272,2024-08-24,Saturday,8,Q3,2024,Shift 2 (19:00-07:00),Drainase,SPV-004,Pengawasan,Near Miss,1,0,0,0,0,0,0,30,308.4,Hujan Ringan,Faktor Eksternal,Investigasi Lanjut,Selesai,Draina-Blok03,Perlu tindak lanjut
273,2023-04-26,Wednesday,4,Q2,2023,Shift 2 (19:00-07:00),Office Area,SPV-008,Pengawasan,Near Miss,1,0,0,0,0,0,0,26,261.9,Hujan Lebat,Peralatan Rusak,Briefing Safety,Belum Dimulai,Office-Blok02,
274,2024-06-16,Sunday,6,Q2,2024,Shift 2 (19:00-07:00),Office Area,SPV-002,Drilling,Near Miss,1,0,0,0,0,0,0,26,335.3,Cerah,Desain/Engineering,Revisi Prosedur,Selesai,Office-Blok03,Perlu tindak lanjut
275,2023-11-03,Friday,11,Q4,2023,Shift 2 (19:00-07:00),Pit-A (Overburden),SPV-011,Loading,Near Miss,1,0,0,0,0,0,0,22,-12,Hujan Ringan,Desain/Engineering,Pelatihan Ulang,Dalam Proses,Pit-A-Blok05,
276,2022-11-22,Tuesday,11,Q4,2022,Shift 1 (07:00-19:00),Pit-C (Hauling),SPV-008,Blasting,Near Miss,1,0,0,0,0,0,0,17,170,Hujan Lebat,Desain/Engineering,Perbaikan Alat,Selesai,Pit-C-Blok02,
277,2023-02-06,Monday,2,Q1,2023,Shift 1 (07:00-19:00),Stockpile,SPV-011,Survei,Near Miss,1,0,0,0,0,0,0,40,507.3,Cerah,Human Error,Penggantian APD,Selesai,Stockp-Blok02,Menunggu spare part
278,2023-06-10,Saturday,6,Q2,2023,Shift 2 (19:00-07:00),ROM (Run of Mine),SPV-011,Administrasi,Medical Treatment,0,0,1,0,0,0,0,23,299.8,Berkabut,Kelelahan Pekerja,Investigasi Lanjut,Selesai,ROM (R-Blok01,Sudah dilaporkan ke HSE Manager
279,2024-06-05,Wednesday,6,Q2,2024,Shift 1 (07:00-19:00),Pit-B (Coal Getting),SPV-020,Blasting,Near Miss,1,0,0,0,0,0,0,18,194.8,Cerah,Komunikasi Buruk,Pelatihan Ulang,Selesai,Pit-B-Blok02,Investigasi selesai
280,2022-03-30,Wednesday,3,Q1,2022,Shift 2 (19:00-07:00),Pit-C (Hauling),SPV-020,Administrasi,First Aid,0,1,0,0,0,0,0,17,223.3,Cerah,Human Error,Perbaikan Desain,Dalam Proses,Pit-C-Blok05,Menunggu spare part
281,2024-01-13,Saturday,1,Q1,2024,Shift 1 (07:00-19:00),Stockpile,SPV-014,Drilling,Near Miss,1,0,0,0,0,0,0,27,311.4,Cerah,Desain/Engineering,Perbaikan Desain,Selesai,Stockp-Blok02,
282,2023-11-30,Thursday,11,Q4,2023,Shift 1 (07:00-19:00),Pit-C (Hauling),SPV-008,Fueling,Lost Time Injury,0,0,0,1,0,6,0,25,247.7,Berkabut,Komunikasi Buruk,Investigasi Lanjut,Selesai,Pit-C-Blok01,
283,2023-01-19,Thursday,1,Q1,2023,Shift 1 (07:00-19:00),ROM (Run of Mine),SPV-019,Fueling,Lost Time Injury,0,0,0,1,0,10,0,19,245.3,Hujan Lebat,Peralatan Rusak,Perbaikan Alat,Belum Dimulai,ROM (R-Blok01,
284,2023-08-23,Wednesday,8,Q3,2023,Shift 1 (07:00-19:00),Pit-B (Coal Getting),SPV-010,Grading,First Aid,0,1,0,0,0,0,0,37,393.1,Cerah,Housekeeping Buruk,Pelatihan Ulang,Dalam Proses,Pit-B-Blok02,
285,2024-07-14,Sunday,7,Q3,2024,Shift 1 (07:00-19:00),Office Area,SPV-016,Pengawasan,Near Miss,1,0,0,0,0,0,0,21,207.9,Berawan,Peralatan Rusak,Pelatihan Ulang,Selesai,Office-Blok03,
286,2024-09-11,Wednesday,9,Q3,2024,Shift 1 (07:00-19:00),Pit-C (Hauling),SPV-010,Maintenance,Near Miss,1,0,0,0,0,0,0,15,162.2,Hujan Lebat,Housekeeping Buruk,Briefing Safety,Dalam Proses,Pit-C-Blok02,
287,2023-02-13,Monday,2,Q1,2023,Shift 1 (07:00-19:00),Pit-B (Coal Getting),SPV-010,Hauling,Medical Treatment,0,0,1,0,0,0,0,23,299.8,Berawan,Alat Pelindung Diri Tidak Sesuai,Investigasi Lanjut,Selesai,Pit-B-Blok03,
288,2023-03-02,Thursday,3,Q1,2023,Shift 1 (07:00-19:00),Pit-B (Coal Getting),SPV-018,Grading,Near Miss,1,0,0,0,0,0,0,17,215.1,Hujan Ringan,Komunikasi Buruk,Revisi Prosedur,Selesai,Pit-B-Blok05,Perlu tindak lanjut
289,2024-02-23,Friday,2,Q1,2024,Shift 1 (07:00-19:00),Pit-C (Hauling),SPV-007,Loading,First Aid,0,1,0,0,0,0,0,10,123,Hujan Lebat,Prosedur Tidak Diikuti,Investigasi Lanjut,Selesai,Pit-C-Blok05,Menunggu spare part
290,2022-06-20,Monday,6,Q2,2022,Shift 1 (07:00-19:00),Workshop,SPV-004,Pengawasan,Property Damage,0,0,0,0,0,0,1,19,248.4,Cerah,Desain/Engineering,Revisi Prosedur,Selesai,Worksh-Blok02,Investigasi selesai
291,2023-05-12,Friday,5,Q2,2023,Shift 1 (07:00-19:00),ROM (Run of Mine),SPV-009,Blasting,First Aid,0,1,0,0,0,0,0,43,507.1,Hujan Ringan,Human Error,Briefing Safety,Selesai,ROM (R-Blok03,Investigasi selesai
292,2022-05-04,Wednesday,5,Q2,2022,Shift 2 (19:00-07:00),Pit-B (Coal Getting),SPV-011,Drilling,First Aid,0,1,0,0,0,0,0,34,407.1,Cerah,Desain/Engineering,Pelatihan Ulang,Dalam Proses,Pit-B-Blok04,Sudah dilaporkan ke HSE Manager
293,2023-07-14,Friday,7,Q3,2023,Shift 1 (07:00-19:00),Pit-C (Hauling),SPV-008,Pumping,First Aid,0,1,0,0,0,0,0,42,415,Cerah,Housekeeping Buruk,Perbaikan Desain,Dalam Proses,Pit-C-Blok01,Menunggu spare part
294,2024-12-01,Sunday,12,Q4,2024,Shift 2 (19:00-07:00),Pit-C (Hauling),SPV-007,Maintenance,Property Damage,0,0,0,0,0,0,1,11,117.3,Cerah,Human Error,Perbaikan Desain,Dalam Proses,Pit-C-Blok05,Investigasi selesai
295,2024-09-05,Thursday,9,Q3,2024,Shift 2 (19:00-07:00),Workshop,SPV-016,Blasting,Medical Treatment,0,0,1,0,0,0,0,16,160.7,Cerah,Human Error,Penggantian APD,Selesai,Worksh-Blok05,Perlu tindak lanjut
296,2023-03-01,Wednesday,3,Q1,2023,Shift 1 (07:00-19:00),Drainase,SPV-008,Maintenance,First Aid,0,1,0,0,0,0,0,42,527.8,Berkabut,Faktor Eksternal,Revisi Prosedur,Belum Dimulai,Draina-Blok03,
297,2024-04-07,Sunday,4,Q2,2024,Shift 2 (19:00-07:00),Pit-A (Overburden),SPV-011,Maintenance,Lost Time Injury,0,0,0,1,0,3,0,23,253.9,Cerah,Prosedur Tidak Diikuti,Pelatihan Ulang,Belum Dimulai,Pit-A-Blok05,
298,2024-12-12,Thursday,12,Q4,2024,Shift 2 (19:00-07:00),Pit-C (Hauling),SPV-008,Administrasi,Near Miss,1,0,0,0,0,0,0,38,374.9,Berkabut,Housekeeping Buruk,Perbaikan Desain,Selesai,Pit-C-Blok03,
299,2022-03-25,Friday,3,Q1,2022,Shift 1 (07:00-19:00),Pit-C (Hauling),SPV-003,Hauling,Near Miss,1,0,0,0,0,0,0,30,329.2,Berawan,Prosedur Tidak Diikuti,Perbaikan Alat,Dalam Proses,Pit-C-Blok04,
300,2023-02-27,Monday,2,Q1,2023,Shift 2 (19:00-07:00),ROM (Run of Mine),SPV-011,Survei,Near Miss,1,0,0,0,0,0,0,43,525.3,Hujan Lebat,Desain/Engineering,Perbaikan Alat,Selesai,ROM (R-Blok01,
301,2024-02-02,Friday,2,Q1,2024,Shift 1 (07:00-19:00),Pit-A (Overburden),SPV-003,Grading,First Aid,0,1,0,0,0,0,0,16,160.2,Cerah,Prosedur Tidak Diikuti,Pelatihan Ulang,Dalam Proses,Pit-A-Blok01,
302,2022-04-30,Saturday,4,Q2,2022,Shift 1 (07:00-19:00),ROM (Run of Mine),SPV-006,Hauling,Lost Time Injury,0,0,0,1,0,6,0,32,342.8,Cerah,Faktor Eksternal,Pelatihan Ulang,Selesai,ROM (R-Blok03,Investigasi selesai
303,2022-04-14,Thursday,4,Q2,2022,Shift 1 (07:00-19:00),Pit-B (Coal Getting),SPV-007,Survei,Near Miss,1,0,0,0,0,0,0,12,157.3,Cerah,Desain/Engineering,Revisi Prosedur,Selesai,Pit-B-Blok03,
304,2024-06-06,Thursday,6,Q2,2024,Shift 1 (07:00-19:00),Pit-C (Hauling),SPV-016,Pumping,Lost Time Injury,0,0,0,1,0,5,0,17,208.8,Cerah,Human Error,Perbaikan Alat,Dalam Proses,Pit-C-Blok01,Perlu tindak lanjut
305,2023-08-20,Sunday,8,Q3,2023,Shift 2 (19:00-07:00),Pit-B (Coal Getting),SPV-019,Pumping,Near Miss,1,0,0,0,0,0,0,43,527.4,Berawan,Kelelahan Pekerja,Revisi Prosedur,Selesai,Pit-B-Blok04,Perlu tindak lanjut
306,2022-10-16,Sunday,10,Q4,2022,Shift 2 (19:00-07:00),Workshop,SPV-003,Drilling,Medical Treatment,0,0,1,0,0,0,0,19,202.1,Hujan Lebat,Peralatan Rusak,Perbaikan Alat,Selesai,Worksh-Blok02,
307,2023-09-29,Friday,9,Q3,2023,Shift 2 (19:00-07:00),Stockpile,SPV-004,Maintenance,Medical Treatment,0,0,1,0,0,0,0,11,117.2,Cerah,Human Error,Perbaikan Desain,Belum Dimulai,Stockp-Blok02,Sudah dilaporkan ke HSE Manager
308,2023-11-28,Tuesday,11,Q4,2023,Shift 1 (07:00-19:00),Drainase,SPV-019,Administrasi,First Aid,0,1,0,0,0,0,0,17,204.9,Cerah,Peralatan Rusak,Revisi Prosedur,Selesai,Draina-Blok03,
309,2023-07-09,Sunday,7,Q3,2023,Shift 1 (07:00-19:00),Pit-A (Overburden),SPV-007,Pumping,Near Miss,1,0,0,0,0,0,0,18,188.5,Cerah,Faktor Eksternal,Revisi Prosedur,Dalam Proses,Pit-A-Blok04,
310,2022-09-08,Thursday,9,Q3,2022,Shift 1 (07:00-19:00),Pit-B (Coal Getting),SPV-005,Drilling,Lost Time Injury,0,0,0,1,0,8,0,31,330.6,Hujan Lebat,Kondisi Cuaca Buruk,Penggantian APD,Selesai,Pit-B-Blok05,Perlu tindak lanjut
311,2023-03-23,Thursday,3,Q1,2023,Shift 2 (19:00-07:00),Pit-C (Hauling),SPV-005,Maintenance,Near Miss,1,0,0,0,0,0,0,27,297.6,Berawan,Kondisi Cuaca Buruk,Briefing Safety,Overdue,Pit-C-Blok04,Investigasi selesai
312,2024-03-19,Tuesday,3,Q1,2024,Shift 2 (19:00-07:00),Pit-A (Overburden),SPV-007,Grading,Near Miss,1,0,0,0,0,0,0,44,440.2,Cerah,Prosedur Tidak Diikuti,Briefing Safety,Dalam Proses,Pit-A-Blok04,Menunggu spare part
313,2022-06-19,Sunday,6,Q2,2022,Shift 1 (07:00-19:00),Pit-A (Overburden),SPV-017,Survei,Medical Treatment,0,0,1,0,0,0,0,21,271.9,Berawan,Faktor Eksternal,Perbaikan Desain,Belum Dimulai,Pit-A-Blok03,
314,2024-02-15,Thursday,2,Q1,2024,Shift 1 (07:00-19:00),ROM (Run of Mine),,Fueling,First Aid,0,1,0,0,0,0,0,38,455.5,Cerah,Desain/Engineering,Investigasi Lanjut,Selesai,ROM (R-Blok04,
315,2022-11-03,Thursday,11,Q4,2022,Shift 2 (19:00-07:00),Pit-A (Overburden),SPV-006,Pumping,Medical Treatment,0,0,1,0,0,0,0,38,470.4,Berawan,Housekeeping Buruk,Penggantian APD,Selesai,Pit-A-Blok04,
316,2024-09-20,Friday,9,Q3,2024,Shift 1 (07:00-19:00),Pit-C (Hauling),SPV-012,Fueling,First Aid,0,1,0,0,0,0,0,32,354.2,Cerah,Human Error,Perbaikan Alat,Dalam Proses,Pit-C-Blok04,Sudah dilaporkan ke HSE Manager
317,2024-06-10,Monday,6,Q2,2024,Shift 1 (07:00-19:00),Stockpile,SPV-007,Hauling,First Aid,0,1,0,0,0,0,0,32,345.1,Hujan Lebat,Desain/Engineering,Perbaikan Desain,Selesai,Stockp-Blok04,
318,2024-08-09,Friday,8,Q3,2024,Shift 2 (19:00-07:00),Stockpile,SPV-005,Pumping,Near Miss,1,0,0,0,0,0,0,32,370,Berawan,Alat Pelindung Diri Tidak Sesuai,Pelatihan Ulang,Dalam Proses,Stockp-Blok04,
319,2022-02-17,Thursday,2,Q1,2022,Shift 1 (07:00-19:00),ROM (Run of Mine),SPV-004,Pengawasan,Medical Treatment,0,0,1,0,0,0,0,22,252.9,Hujan Ringan,Housekeeping Buruk,Investigasi Lanjut,Overdue,ROM (R-Blok05,Sudah dilaporkan ke HSE Manager
320,2024-01-16,Tuesday,1,Q1,2024,Shift 2 (19:00-07:00),Pit-B (Coal Getting),SPV-006,Pengawasan,First Aid,0,1,0,0,0,0,0,28,366.9,Berawan,Alat Pelindung Diri Tidak Sesuai,Perbaikan Alat,Selesai,Pit-B-Blok04,Investigasi selesai
321,2023-04-04,Tuesday,4,Q2,2023,Shift 1 (07:00-19:00),Pit-C (Hauling),SPV-006,Maintenance,First Aid,0,1,0,0,0,0,0,21,235.3,Cerah,Kondisi Cuaca Buruk,Pelatihan Ulang,Selesai,Pit-C-Blok05,
322,2024-02-13,Tuesday,2,Q1,2024,Shift 1 (07:00-19:00),Pit-C (Hauling),SPV-001,Grading,Near Miss,1,0,0,0,0,0,0,31,371.1,Berawan,Prosedur Tidak Diikuti,Pelatihan Ulang,Selesai,Pit-C-Blok01,Perlu tindak lanjut
323,2022-07-17,Sunday,7,Q3,2022,Shift 2 (19:00-07:00),ROM (Run of Mine),SPV-010,Pumping,First Aid,0,1,0,0,0,0,0,41,410.7,Berawan,Faktor Eksternal,Perbaikan Alat,Selesai,ROM (R-Blok01,Sudah dilaporkan ke HSE Manager
324,2023-02-26,Sunday,2,Q1,2023,Shift 2 (19:00-07:00),Pit-A (Overburden),SPV-012,Fueling,Near Miss,1,0,0,0,0,0,0,27,278.2,Cerah,Desain/Engineering,Perbaikan Desain,Belum Dimulai,Pit-A-Blok05,
325,2024-09-22,Sunday,9,Q3,2024,Shift 2 (19:00-07:00),Pit-B (Coal Getting),SPV-009,Loading,Property Damage,0,0,0,0,0,0,1,13,153.8,Berawan,Komunikasi Buruk,Briefing Safety,Selesai,Pit-B-Blok05,
326,2022-04-06,Wednesday,4,Q2,2022,Shift 2 (19:00-07:00),Drainase,SPV-012,Loading,First Aid,0,1,0,0,0,0,0,23,289,Cerah,Human Error,Investigasi Lanjut,Dalam Proses,Draina-Blok04,
327,2022-04-07,Thursday,4,Q2,2022,Shift 1 (07:00-19:00),Drainase,SPV-013,Administrasi,Near Miss,1,0,0,0,0,0,0,9,108.1,Hujan Ringan,Komunikasi Buruk,Perbaikan Alat,Selesai,Draina-Blok04,
328,2024-03-02,Saturday,3,Q1,2024,Shift 1 (07:00-19:00),ROM (Run of Mine),SPV-008,Blasting,Near Miss,1,0,0,0,0,0,0,13,150.6,Hujan Ringan,Komunikasi Buruk,Briefing Safety,Selesai,ROM (R-Blok05,
329,2024-06-11,Tuesday,6,Q2,2024,Shift 1 (07:00-19:00),Workshop,SPV-014,Maintenance,Near Miss,1,0,0,0,0,0,0,19,206.2,Berkabut,Komunikasi Buruk,Investigasi Lanjut,Selesai,Worksh-Blok04,
330,2022-02-20,Sunday,2,Q1,2022,Shift 2 (19:00-07:00),Pit-C (Hauling),SPV-019,Hauling,Medical Treatment,0,0,1,0,0,0,0,34,431.6,Hujan Ringan,Peralatan Rusak,Pelatihan Ulang,Selesai,Pit-C-Blok03,Sudah dilaporkan ke HSE Manager
331,2022-01-24,Monday,1,Q1,2022,Shift 2 (19:00-07:00),Pit-C (Hauling),SPV-003,Grading,Near Miss,1,0,0,0,0,0,0,19,208.1,Cerah,Kelelahan Pekerja,Investigasi Lanjut,Dalam Proses,Pit-C-Blok01,
332,2023-07-31,Monday,7,Q3,2023,Shift 1 (07:00-19:00),ROM (Run of Mine),SPV-006,Survei,Lost Time Injury,0,0,0,1,1,12,0,32,410.9,Hujan Ringan,Komunikasi Buruk,Perbaikan Desain,Belum Dimulai,ROM (R-Blok05,
333,2024-02-08,Thursday,2,Q1,2024,Shift 2 (19:00-07:00),Workshop,SPV-004,Survei,First Aid,0,1,0,0,0,0,0,23,285.7,Cerah,Desain/Engineering,Penggantian APD,Belum Dimulai,Worksh-Blok03,
334,2022-11-18,Friday,11,Q4,2022,Shift 2 (19:00-07:00),Workshop,SPV-019,Loading,Near Miss,1,0,0,0,0,0,0,17,210.9,Hujan Ringan,Human Error,Perbaikan Alat,Dalam Proses,Worksh-Blok02,Menunggu spare part
335,2023-10-15,Sunday,10,Q4,2023,Shift 1 (07:00-19:00),ROM (Run of Mine),SPV-002,Maintenance,Near Miss,1,0,0,0,0,0,0,30,385.6,Cerah,Kondisi Cuaca Buruk,Perbaikan Desain,Dalam Proses,ROM (R-Blok01,
336,2024-10-19,Saturday,10,Q4,2024,Shift 2 (19:00-07:00),ROM (Run of Mine),SPV-003,Maintenance,Near Miss,1,0,0,0,0,0,0,32,337.5,Berawan,Desain/Engineering,Perbaikan Alat,Dalam Proses,ROM (R-Blok02,
337,2024-10-14,Monday,10,Q4,2024,Shift 1 (07:00-19:00),Office Area,SPV-012,Loading,Near Miss,1,0,0,0,0,0,0,30,347.9,Hujan Ringan,Alat Pelindung Diri Tidak Sesuai,Perbaikan Alat,Selesai,Office-Blok01,Investigasi selesai
338,2023-05-28,Sunday,5,Q2,2023,Shift 1 (07:00-19:00),Pit-A (Overburden),SPV-006,Hauling,Medical Treatment,0,0,1,0,0,0,0,36,355.2,Cerah,Faktor Eksternal,Perbaikan Desain,Selesai,Pit-A-Blok04,
339,2022-06-03,Friday,6,Q2,2022,Shift 2 (19:00-07:00),Pit-C (Hauling),SPV-012,Survei,Property Damage,0,0,0,0,0,0,1,34,422.7,Berawan,Komunikasi Buruk,Penggantian APD,Selesai,Pit-C-Blok04,Sudah dilaporkan ke HSE Manager
340,2023-06-07,Wednesday,6,Q2,2023,Shift 2 (19:00-07:00),Pit-C (Hauling),SPV-011,Maintenance,First Aid,0,1,0,0,0,0,0,40,516,Cerah,Alat Pelindung Diri Tidak Sesuai,Revisi Prosedur,Selesai,Pit-C-Blok03,Sudah dilaporkan ke HSE Manager
341,2024-10-07,Monday,10,Q4,2024,Shift 2 (19:00-07:00),Pit-A (Overburden),SPV-005,Survei,Medical Treatment,0,0,1,0,0,0,0,34,392,Cerah,Peralatan Rusak,Briefing Safety,Dalam Proses,Pit-A-Blok04,
342,2024-07-16,Tuesday,7,Q3,2024,Shift 1 (07:00-19:00),Pit-B (Coal Getting),SPV-004,Survei,Lost Time Injury,0,0,0,1,0,7,0,43,494.7,Berawan,Alat Pelindung Diri Tidak Sesuai,Revisi Prosedur,Selesai,Pit-B-Blok04,Sudah dilaporkan ke HSE Manager
343,2023-04-13,Thursday,4,Q2,2023,Shift 1 (07:00-19:00),Drainase,SPV-010,Dozing,Near Miss,1,0,0,0,0,0,0,21,240.7,Berawan,Human Error,Pelatihan Ulang,Selesai,Draina-Blok03,Sudah dilaporkan ke HSE Manager
344,2023-03-02,Thursday,3,Q1,2023,Shift 2 (19:00-07:00),Pit-A (Overburden),SPV-013,Administrasi,Medical Treatment,0,0,1,0,0,0,0,13,163.9,Berawan,Human Error,Pelatihan Ulang,Dalam Proses,Pit-A-Blok03,
345,2024-09-12,Thursday,9,Q3,2024,Shift 1 (07:00-19:00),Workshop,SPV-011,Dozing,Medical Treatment,0,0,1,0,0,0,0,42,434.5,Cerah,Housekeeping Buruk,Briefing Safety,Dalam Proses,Worksh-Blok01,
346,2022-08-03,Wednesday,8,Q3,2022,Shift 1 (07:00-19:00),Workshop,SPV-010,Grading,Near Miss,1,0,0,0,0,0,0,29,285.7,Berkabut,Kondisi Cuaca Buruk,Penggantian APD,Selesai,Worksh-Blok04,Menunggu spare part
347,2024-02-18,Sunday,2,Q1,2024,Shift 1 (07:00-19:00),ROM (Run of Mine),SPV-019,Administrasi,First Aid,0,1,0,0,0,0,0,15,196.5,Cerah,Human Error,Perbaikan Desain,Belum Dimulai,ROM (R-Blok05,Perlu tindak lanjut
348,2022-03-31,Thursday,3,Q1,2022,Shift 2 (19:00-07:00),ROM (Run of Mine),SPV-019,Maintenance,Property Damage,0,0,0,0,0,0,1,31,359.7,Cerah,Peralatan Rusak,Perbaikan Alat,Selesai,ROM (R-Blok02,Sudah dilaporkan ke HSE Manager
349,2024-04-17,Wednesday,4,Q2,2024,Shift 1 (07:00-19:00),Pit-B (Coal Getting),SPV-001,Dozing,Property Damage,0,0,0,0,0,0,1,12,153.4,Berkabut,Komunikasi Buruk,Briefing Safety,Selesai,Pit-B-Blok05,
350,2022-10-11,Tuesday,10,Q4,2022,Shift 1 (07:00-19:00),Drainase,SPV-019,Drilling,Medical Treatment,0,0,1,0,0,0,0,28,346.3,Berawan,Alat Pelindung Diri Tidak Sesuai,Penggantian APD,Overdue,Draina-Blok03,Menunggu spare part
351,2023-01-31,Tuesday,1,Q1,2023,Shift 1 (07:00-19:00),Workshop,SPV-012,Maintenance,Medical Treatment,0,0,1,0,0,0,0,25,265.5,Berawan,Prosedur Tidak Diikuti,Investigasi Lanjut,Selesai,Worksh-Blok05,
352,2024-12-22,Sunday,12,Q4,2024,Shift 1 (07:00-19:00),Stockpile,SPV-003,Pengawasan,Near Miss,1,0,0,0,0,0,0,15,185.1,Cerah,Prosedur Tidak Diikuti,Penggantian APD,Selesai,Stockp-Blok05,
353,2022-12-07,Wednesday,12,Q4,2022,Shift 2 (19:00-07:00),Pit-C (Hauling),SPV-017,Blasting,First Aid,0,1,0,0,0,0,0,44,529.7,Hujan Ringan,Kondisi Cuaca Buruk,Investigasi Lanjut,Dalam Proses,Pit-C-Blok03,Menunggu spare part
354,2024-12-22,Sunday,12,Q4,2024,Shift 1 (07:00-19:00),Pit-B (Coal Getting),SPV-004,Hauling,First Aid,0,1,0,0,0,0,0,14,152.8,Berkabut,Alat Pelindung Diri Tidak Sesuai,Revisi Prosedur,Dalam Proses,Pit-B-Blok03,Perlu tindak lanjut
355,2022-08-16,Tuesday,8,Q3,2022,Shift 2 (19:00-07:00),Pit-A (Overburden),SPV-005,Grading,Near Miss,1,0,0,0,0,0,0,38,500,Berkabut,Alat Pelindung Diri Tidak Sesuai,Investigasi Lanjut,Overdue,Pit-A-Blok03,Perlu tindak lanjut
356,2024-01-26,Friday,1,Q1,2024,Shift 2 (19:00-07:00),Pit-B (Coal Getting),SPV-019,Blasting,Property Damage,0,0,0,0,0,0,1,39,470.7,Cerah,Kelelahan Pekerja,Penggantian APD,Selesai,Pit-B-Blok02,Investigasi selesai
357,2022-04-03,Sunday,4,Q2,2022,Shift 2 (19:00-07:00),Pit-A (Overburden),SPV-020,Blasting,Near Miss,1,0,0,0,0,0,0,43,468.9,Cerah,Kondisi Cuaca Buruk,Revisi Prosedur,Selesai,Pit-A-Blok04,
358,2022-06-03,Friday,6,Q2,2022,Shift 2 (19:00-07:00),Stockpile,SPV-003,Administrasi,Lost Time Injury,0,0,0,1,0,2,0,38,440.8,Cerah,Housekeeping Buruk,Briefing Safety,Selesai,Stockp-Blok05,Investigasi selesai
359,2023-06-20,Tuesday,6,Q2,2023,Shift 1 (07:00-19:00),Pit-B (Coal Getting),SPV-018,Pengawasan,First Aid,0,1,0,0,0,0,0,16,185.8,Berkabut,Desain/Engineering,Investigasi Lanjut,Selesai,Pit-B-Blok02,
360,2024-08-28,Wednesday,8,Q3,2024,Shift 2 (19:00-07:00),Pit-C (Hauling),SPV-019,Blasting,Near Miss,1,0,0,0,0,0,0,10,110.1,Cerah,,Perbaikan Desain,Belum Dimulai,Pit-C-Blok05,
361,2023-01-23,Monday,1,Q1,2023,Shift 1 (07:00-19:00),Workshop,SPV-001,Maintenance,First Aid,0,1,0,0,0,0,0,17,209.7,Hujan Lebat,Faktor Eksternal,Investigasi Lanjut,Selesai,Worksh-Blok02,Menunggu spare part
362,2022-12-11,Sunday,12,Q4,2022,Shift 2 (19:00-07:00),Pit-A (Overburden),SPV-014,Pengawasan,Near Miss,1,0,0,0,0,0,0,15,186.1,Cerah,Prosedur Tidak Diikuti,Revisi Prosedur,Selesai,Pit-A-Blok02,
363,2024-02-05,Monday,2,Q1,2024,Shift 1 (07:00-19:00),Pit-A (Overburden),SPV-004,Survei,First Aid,0,1,0,0,0,0,0,19,231.9,Berawan,Housekeeping Buruk,Penggantian APD,Dalam Proses,Pit-A-Blok05,
364,2022-06-24,Friday,6,Q2,2022,Shift 2 (19:00-07:00),Stockpile,SPV-001,Drilling,First Aid,0,1,0,0,0,0,0,35,386.1,Berkabut,Alat Pelindung Diri Tidak Sesuai,Penggantian APD,Selesai,Stockp-Blok04,Perlu tindak lanjut
365,2024-09-06,Friday,9,Q3,2024,Shift 1 (07:00-19:00),Office Area,SPV-002,Dozing,Near Miss,1,0,0,0,0,0,0,44,545.5,Cerah,Faktor Eksternal,Penggantian APD,Selesai,Office-Blok01,
366,2024-01-29,Monday,1,Q1,2024,Shift 2 (19:00-07:00),Stockpile,SPV-014,Dozing,Property Damage,0,0,0,0,0,0,1,11,119.8,Berkabut,Alat Pelindung Diri Tidak Sesuai,Revisi Prosedur,Dalam Proses,Stockp-Blok05,
367,2024-11-27,Wednesday,11,Q4,2024,Shift 1 (07:00-19:00),ROM (Run of Mine),SPV-010,Survei,Near Miss,1,0,0,0,0,0,0,31,389.8,Hujan Ringan,Human Error,Investigasi Lanjut,Selesai,ROM (R-Blok03,Perlu tindak lanjut
368,2023-05-06,Saturday,5,Q2,2023,Shift 2 (19:00-07:00),Pit-C (Hauling),SPV-013,Grading,Near Miss,1,0,0,0,0,0,0,17,207.9,Berawan,Komunikasi Buruk,Investigasi Lanjut,Dalam Proses,Pit-C-Blok05,
369,2023-04-16,Sunday,4,Q2,2023,Shift 2 (19:00-07:00),Pit-C (Hauling),SPV-011,Pengawasan,First Aid,0,1,0,0,0,0,0,16,206.2,Cerah,Alat Pelindung Diri Tidak Sesuai,Investigasi Lanjut,Overdue,Pit-C-Blok04,Sudah dilaporkan ke HSE Manager
370,2022-08-11,Thursday,8,Q3,2022,Shift 1 (07:00-19:00),Pit-B (Coal Getting),SPV-016,Pengawasan,Near Miss,1,0,0,0,0,0,0,13,168.4,Hujan Ringan,Kondisi Cuaca Buruk,Investigasi Lanjut,Selesai,Pit-B-Blok02,Perlu tindak lanjut
371,2023-10-07,Saturday,10,Q4,2023,Shift 1 (07:00-19:00),Workshop,,Grading,Medical Treatment,0,0,1,0,0,0,0,37,448.6,Berkabut,Peralatan Rusak,Revisi Prosedur,Selesai,Worksh-Blok05,Menunggu spare part
372,2022-07-12,Tuesday,7,Q3,2022,Shift 1 (07:00-19:00),Workshop,SPV-014,Maintenance,Medical Treatment,0,0,1,0,0,0,0,14,174.8,Berawan,Alat Pelindung Diri Tidak Sesuai,Perbaikan Alat,Belum Dimulai,Worksh-Blok02,
373,2023-05-07,Sunday,5,Q2,2023,Shift 1 (07:00-19:00),Pit-A (Overburden),SPV-008,Dozing,Near Miss,1,0,0,0,0,0,0,27,312.3,Berawan,Alat Pelindung Diri Tidak Sesuai,Pelatihan Ulang,Selesai,Pit-A-Blok05,Perlu tindak lanjut
374,2024-08-19,Monday,8,Q3,2024,Shift 1 (07:00-19:00),Pit-A (Overburden),SPV-006,Fueling,Medical Treatment,0,0,1,0,0,0,0,36,413.5,Hujan Ringan,Kondisi Cuaca Buruk,Perbaikan Desain,Selesai,Pit-A-Blok02,
375,2023-05-24,Wednesday,5,Q2,2023,Shift 2 (19:00-07:00),Drainase,SPV-014,Administrasi,First Aid,0,1,0,0,0,0,0,29,289.7,Berawan,Alat Pelindung Diri Tidak Sesuai,Briefing Safety,Selesai,Draina-Blok04,
376,2024-01-18,Thursday,1,Q1,2024,Shift 2 (19:00-07:00),Pit-B (Coal Getting),SPV-011,Maintenance,Near Miss,1,0,0,0,0,0,0,22,234.5,Cerah,Peralatan Rusak,Perbaikan Desain,Dalam Proses,Pit-B-Blok04,
377,2022-11-05,Saturday,11,Q4,2022,Shift 2 (19:00-07:00),Stockpile,SPV-005,Pumping,First Aid,0,1,0,0,0,0,0,27,351.5,Berkabut,Kondisi Cuaca Buruk,Investigasi Lanjut,Selesai,Stockp-Blok05,
378,2023-04-27,Thursday,4,Q2,2023,Shift 1 (07:00-19:00),Office Area,SPV-005,Maintenance,Near Miss,1,0,0,0,0,0,0,37,390.1,Berawan,Komunikasi Buruk,Investigasi Lanjut,Selesai,Office-Blok03,Menunggu spare part
379,2022-11-17,Thursday,11,Q4,2022,Shift 2 (19:00-07:00),Drainase,SPV-004,Administrasi,First Aid,0,1,0,0,0,0,0,35,461.6,Hujan Lebat,Housekeeping Buruk,Perbaikan Desain,Selesai,Draina-Blok04,
380,2022-04-23,Saturday,4,Q2,2022,Shift 1 (07:00-19:00),Workshop,SPV-020,Administrasi,Lost Time Injury,0,0,0,1,0,5,0,13,136.1,Berawan,Peralatan Rusak,Perbaikan Alat,Selesai,Worksh-Blok03,Investigasi selesai
381,2023-04-21,Friday,4,Q2,2023,Shift 2 (19:00-07:00),Stockpile,SPV-013,Drilling,Near Miss,1,0,0,0,0,0,0,33,380.3,Hujan Ringan,Prosedur Tidak Diikuti,Pelatihan Ulang,Selesai,Stockp-Blok02,Sudah dilaporkan ke HSE Manager
382,2023-02-19,Sunday,2,Q1,2023,Shift 1 (07:00-19:00),Stockpile,SPV-002,Pengawasan,First Aid,0,1,0,0,0,0,0,32,369.9,Hujan Lebat,Faktor Eksternal,Pelatihan Ulang,Selesai,Stockp-Blok04,Investigasi selesai
383,2024-05-01,Wednesday,5,Q2,2024,Shift 2 (19:00-07:00),Pit-B (Coal Getting),SPV-019,Grading,Near Miss,1,0,0,0,0,0,0,16,196.7,Berawan,Peralatan Rusak,Perbaikan Desain,Dalam Proses,Pit-B-Blok05,
384,2022-04-18,Monday,4,Q2,2022,Shift 2 (19:00-07:00),Pit-C (Hauling),SPV-019,Maintenance,Medical Treatment,0,0,1,0,0,0,0,9,91.3,Berkabut,Alat Pelindung Diri Tidak Sesuai,Pelatihan Ulang,Overdue,Pit-C-Blok02,Sudah dilaporkan ke HSE Manager
385,2022-02-14,Monday,2,Q1,2022,Shift 1 (07:00-19:00),Pit-B (Coal Getting),SPV-011,Hauling,Medical Treatment,0,0,1,0,0,0,0,18,222.3,Hujan Lebat,Komunikasi Buruk,Penggantian APD,Selesai,Pit-B-Blok05,
386,2022-04-15,Friday,4,Q2,2022,Shift 2 (19:00-07:00),ROM (Run of Mine),SPV-016,Fueling,Near Miss,1,0,0,0,0,0,0,24,256.3,Cerah,Faktor Eksternal,Pelatihan Ulang,Dalam Proses,ROM (R-Blok02,Sudah dilaporkan ke HSE Manager
387,2024-06-07,Friday,6,Q2,2024,Shift 2 (19:00-07:00),Workshop,SPV-004,Pengawasan,First Aid,0,1,0,0,0,0,0,41,474.9,Cerah,Komunikasi Buruk,Perbaikan Alat,Selesai,Worksh-Blok03,
388,2023-09-01,Friday,9,Q3,2023,Shift 1 (07:00-19:00),Workshop,SPV-017,Drilling,First Aid,0,1,0,0,0,0,0,40,527.1,Cerah,Prosedur Tidak Diikuti,Investigasi Lanjut,Selesai,Worksh-Blok03,
389,2024-08-03,Saturday,8,Q3,2024,Shift 2 (19:00-07:00),Pit-C (Hauling),SPV-015,Loading,Near Miss,1,0,0,0,0,0,0,26,311.9,Cerah,Kondisi Cuaca Buruk,Investigasi Lanjut,Selesai,Pit-C-Blok01,Perlu tindak lanjut
390,2024-05-05,Sunday,5,Q2,2024,Shift 1 (07:00-19:00),Stockpile,SPV-006,Fueling,Lost Time Injury,0,0,0,1,0,14,0,40,460.4,Berawan,Human Error,Briefing Safety,Dalam Proses,Stockp-Blok01,
391,2023-07-28,Friday,7,Q3,2023,Shift 2 (19:00-07:00),Drainase,SPV-008,Administrasi,Near Miss,1,0,0,0,0,0,0,17,177.2,Cerah,Human Error,Revisi Prosedur,Belum Dimulai,Draina-Blok01,
392,2024-12-03,Tuesday,12,Q4,2024,Shift 1 (07:00-19:00),Pit-C (Hauling),SPV-011,Pengawasan,Medical Treatment,0,0,1,0,0,0,0,12,137,Berawan,Desain/Engineering,Investigasi Lanjut,Belum Dimulai,Pit-C-Blok03,Perlu tindak lanjut
393,2022-09-05,Monday,9,Q3,2022,Shift 1 (07:00-19:00),Pit-A (Overburden),SPV-004,Administrasi,First Aid,0,1,0,0,0,0,0,41,403.3,Berawan,Faktor Eksternal,Investigasi Lanjut,Selesai,Pit-A-Blok03,Investigasi selesai
394,2024-10-01,Tuesday,10,Q4,2024,Shift 2 (19:00-07:00),Stockpile,SPV-009,Pumping,Lost Time Injury,0,0,0,1,0,9,0,14,176.2,Hujan Ringan,Komunikasi Buruk,Pelatihan Ulang,Selesai,Stockp-Blok01,
395,2024-11-21,Thursday,11,Q4,2024,Shift 1 (07:00-19:00),Pit-C (Hauling),SPV-012,Loading,Near Miss,1,0,0,0,0,0,0,16,189.5,Cerah,Alat Pelindung Diri Tidak Sesuai,Investigasi Lanjut,Belum Dimulai,Pit-C-Blok01,Investigasi selesai
396,2024-05-13,Monday,5,Q2,2024,Shift 2 (19:00-07:00),Pit-B (Coal Getting),SPV-009,Grading,Near Miss,1,0,0,0,0,0,0,12,133.6,Cerah,Kondisi Cuaca Buruk,Pelatihan Ulang,Selesai,Pit-B-Blok04,Perlu tindak lanjut
397,2024-03-13,Wednesday,3,Q1,2024,Shift 2 (19:00-07:00),ROM (Run of Mine),SPV-009,Pengawasan,Near Miss,1,0,0,0,0,0,0,15,182.9,Cerah,Komunikasi Buruk,Investigasi Lanjut,Selesai,ROM (R-Blok02,
398,2023-07-22,Saturday,7,Q3,2023,Shift 2 (19:00-07:00),Pit-B (Coal Getting),SPV-009,Dozing,Property Damage,0,0,0,0,0,0,1,36,372,Hujan Ringan,Alat Pelindung Diri Tidak Sesuai,Revisi Prosedur,Dalam Proses,Pit-B-Blok03,Sudah dilaporkan ke HSE Manager
399,2022-11-06,Sunday,11,Q4,2022,Shift 2 (19:00-07:00),Pit-A (Overburden),SPV-002,Blasting,Medical Treatment,0,0,1,0,0,0,0,18,200.9,Hujan Lebat,Human Error,Investigasi Lanjut,Overdue,Pit-A-Blok04,
400,2024-11-03,Sunday,11,Q4,2024,Shift 2 (19:00-07:00),Pit-C (Hauling),SPV-005,Loading,First Aid,0,1,0,0,0,0,0,11,120.2,Berawan,Housekeeping Buruk,Perbaikan Alat,Dalam Proses,Pit-C-Blok04,
401,2024-06-26,Wednesday,6,Q2,2024,Shift 2 (19:00-07:00),Drainase,SPV-016,Fueling,Lost Time Injury,0,0,0,1,0,4,0,44,517.6,Cerah,Human Error,Revisi Prosedur,Dalam Proses,Draina-Blok03,Menunggu spare part
402,2022-06-20,Monday,6,Q2,2022,Shift 2 (19:00-07:00),Pit-B (Coal Getting),SPV-005,Pengawasan,Medical Treatment,0,0,1,0,0,0,0,15,149,Cerah,Faktor Eksternal,Investigasi Lanjut,Selesai,Pit-B-Blok02,
403,2023-06-25,Sunday,6,Q2,2023,Shift 1 (07:00-19:00),Pit-B (Coal Getting),SPV-018,Survei,First Aid,0,1,0,0,0,0,0,32,409.4,Cerah,Desain/Engineering,Revisi Prosedur,Selesai,Pit-B-Blok03,
404,2022-10-03,Monday,10,Q4,2022,Shift 2 (19:00-07:00),Pit-C (Hauling),SPV-018,Fueling,Near Miss,1,0,0,0,0,0,0,43,486.4,Hujan Lebat,Prosedur Tidak Diikuti,Investigasi Lanjut,Dalam Proses,Pit-C-Blok02,
405,2023-12-25,Monday,12,Q4,2023,Shift 1 (07:00-19:00),Workshop,SPV-002,Blasting,Near Miss,1,0,0,0,0,0,0,40,408.2,Hujan Lebat,Kelelahan Pekerja,Investigasi Lanjut,Dalam Proses,Worksh-Blok04,
406,2022-08-17,Wednesday,8,Q3,2022,Shift 1 (07:00-19:00),Pit-B (Coal Getting),SPV-002,Fueling,Near Miss,1,0,0,0,0,0,0,30,363.3,Hujan Ringan,Faktor Eksternal,Perbaikan Desain,Dalam Proses,Pit-B-Blok05,
407,2023-01-02,Monday,1,Q1,2023,Shift 2 (19:00-07:00),Stockpile,SPV-018,Pumping,Near Miss,1,0,0,0,0,0,0,44,576.4,Cerah,Housekeeping Buruk,Revisi Prosedur,Selesai,Stockp-Blok01,
408,2022-09-01,Thursday,9,Q3,2022,Shift 2 (19:00-07:00),Pit-C (Hauling),SPV-015,Fueling,Near Miss,1,0,0,0,0,0,0,34,3600,Berkabut,Kondisi Cuaca Buruk,Revisi Prosedur,Selesai,Pit-C-Blok03,
409,2024-01-17,Wednesday,1,Q1,2024,Shift 2 (19:00-07:00),ROM (Run of Mine),SPV-019,Hauling,Near Miss,1,0,0,0,0,0,0,11,139.8,Cerah,Prosedur Tidak Diikuti,Revisi Prosedur,Selesai,ROM (R-Blok01,
410,2024-09-07,Saturday,9,Q3,2024,Shift 1 (07:00-19:00),Pit-C (Hauling),SPV-013,Administrasi,Near Miss,1,0,0,0,0,0,0,27,302.1,Berkabut,Alat Pelindung Diri Tidak Sesuai,Investigasi Lanjut,Selesai,Pit-C-Blok02,Sudah dilaporkan ke HSE Manager
411,2022-02-15,Tuesday,2,Q1,2022,Shift 1 (07:00-19:00),Pit-A (Overburden),SPV-005,Fueling,First Aid,0,1,0,0,0,0,0,18,197.4,Cerah,Human Error,Perbaikan Alat,Dalam Proses,Pit-A-Blok01,Sudah dilaporkan ke HSE Manager
412,2024-09-14,Saturday,9,Q3,2024,Shift 2 (19:00-07:00),Pit-B (Coal Getting),SPV-016,Hauling,Near Miss,1,0,0,0,0,0,0,23,244.1,Hujan Ringan,Housekeeping Buruk,Penggantian APD,Selesai,Pit-B-Blok04,Sudah dilaporkan ke HSE Manager
413,2024-10-06,Sunday,10,Q4,2024,Shift 2 (19:00-07:00),Pit-C (Hauling),SPV-019,Loading,First Aid,0,1,0,0,0,0,0,25,291.9,Berawan,Prosedur Tidak Diikuti,Penggantian APD,Belum Dimulai,Pit-C-Blok02,
414,2023-09-27,Wednesday,9,Q3,2023,Shift 1 (07:00-19:00),Stockpile,SPV-019,Loading,Near Miss,1,0,0,0,0,0,0,43,424.5,Berkabut,Kondisi Cuaca Buruk,Investigasi Lanjut,Dalam Proses,Stockp-Blok05,Investigasi selesai
415,2022-07-20,Wednesday,7,Q3,2022,Shift 1 (07:00-19:00),Pit-C (Hauling),SPV-010,Pumping,Near Miss,1,0,0,0,0,0,0,43,530.2,Hujan Ringan,Alat Pelindung Diri Tidak Sesuai,Penggantian APD,Selesai,Pit-C-Blok04,Perlu tindak lanjut
416,2022-08-31,Wednesday,8,Q3,2022,Shift 2 (19:00-07:00),Stockpile,SPV-013,Blasting,Medical Treatment,0,0,1,0,0,0,0,15,160.5,Hujan Lebat,Desain/Engineering,Investigasi Lanjut,Dalam Proses,Stockp-Blok02,
417,2023-08-11,Friday,8,Q3,2023,Shift 1 (07:00-19:00),Stockpile,SPV-001,Administrasi,Near Miss,1,0,0,0,0,0,0,30,378.8,Berkabut,Housekeeping Buruk,Investigasi Lanjut,Belum Dimulai,Stockp-Blok03,Investigasi selesai
418,2022-09-23,Friday,9,Q3,2022,Shift 2 (19:00-07:00),Stockpile,SPV-003,Hauling,Medical Treatment,0,0,1,0,0,0,0,45,451.4,Hujan Lebat,Komunikasi Buruk,Penggantian APD,Selesai,Stockp-Blok01,Investigasi selesai
419,2022-01-14,Friday,1,Q1,2022,Shift 1 (07:00-19:00),Pit-A (Overburden),SPV-009,Administrasi,Environmental Spill,0,0,0,0,0,0,0,34,441,Cerah,Desain/Engineering,Perbaikan Desain,Selesai,Pit-A-Blok01,Perlu tindak lanjut
420,2022-06-27,Monday,6,Q2,2022,Shift 1 (07:00-19:00),Office Area,SPV-014,Hauling,Near Miss,1,0,0,0,0,0,0,13,151.5,Berawan,Prosedur Tidak Diikuti,Perbaikan Desain,Belum Dimulai,Office-Blok01,Sudah dilaporkan ke HSE Manager
421,2023-10-26,Thursday,10,Q4,2023,Shift 2 (19:00-07:00),Pit-B (Coal Getting),SPV-005,Drilling,Lost Time Injury,0,0,0,1,0,13,0,35,388.9,Cerah,Peralatan Rusak,Briefing Safety,Selesai,Pit-B-Blok04,Perlu tindak lanjut
422,2024-09-19,Thursday,9,Q3,2024,Shift 2 (19:00-07:00),Pit-A (Overburden),SPV-013,Survei,Near Miss,1,0,0,0,0,0,0,31,398.4,Cerah,Housekeeping Buruk,Revisi Prosedur,Overdue,Pit-A-Blok05,
423,2023-08-03,Thursday,8,Q3,2023,Shift 2 (19:00-07:00),Pit-A (Overburden),SPV-015,Drilling,Property Damage,0,0,0,0,0,0,1,19,223.9,Berawan,Desain/Engineering,Briefing Safety,Selesai,Pit-A-Blok03,
424,2022-08-20,Saturday,8,Q3,2022,Shift 2 (19:00-07:00),Pit-C (Hauling),SPV-004,Fueling,Near Miss,1,0,0,0,0,0,0,28,342.2,Cerah,Human Error,Revisi Prosedur,Dalam Proses,Pit-C-Blok05,
425,2023-06-13,Tuesday,6,Q2,2023,Shift 2 (19:00-07:00),Pit-A (Overburden),SPV-011,Drilling,Near Miss,1,0,0,0,0,0,0,16,168.4,Cerah,Alat Pelindung Diri Tidak Sesuai,Revisi Prosedur,Selesai,Pit-A-Blok05,Sudah dilaporkan ke HSE Manager
426,2024-01-20,Saturday,1,Q1,2024,Shift 1 (07:00-19:00),Workshop,SPV-017,Pengawasan,Near Miss,1,0,0,0,0,0,0,40,453.6,Hujan Ringan,Kondisi Cuaca Buruk,Pelatihan Ulang,Selesai,Worksh-Blok03,
427,2022-02-01,Tuesday,2,Q1,2022,Shift 2 (19:00-07:00),Workshop,SPV-011,Maintenance,Medical Treatment,0,0,1,0,0,0,0,23,250.8,Cerah,Faktor Eksternal,Briefing Safety,Selesai,Worksh-Blok04,Perlu tindak lanjut
428,2024-07-06,Saturday,7,Q3,2024,Shift 2 (19:00-07:00),ROM (Run of Mine),SPV-012,Hauling,Lost Time Injury,0,0,0,1,0,12,0,28,311.1,Cerah,Desain/Engineering,Perbaikan Desain,Belum Dimulai,ROM (R-Blok01,
429,2022-06-28,Tuesday,6,Q2,2022,Shift 1 (07:00-19:00),Pit-A (Overburden),SPV-010,Administrasi,Near Miss,1,0,0,0,0,0,0,30,302,Cerah,Desain/Engineering,Investigasi Lanjut,Overdue,Pit-A-Blok04,Investigasi selesai
430,2022-07-12,Tuesday,7,Q3,2022,Shift 2 (19:00-07:00),ROM (Run of Mine),SPV-010,Dozing,Near Miss,1,0,0,0,0,0,0,8,102.3,Hujan Ringan,Prosedur Tidak Diikuti,Penggantian APD,Dalam Proses,ROM (R-Blok05,Perlu tindak lanjut
431,2024-12-03,Tuesday,12,Q4,2024,Shift 2 (19:00-07:00),Pit-C (Hauling),SPV-008,Loading,First Aid,0,1,0,0,0,0,0,23,231.4,Cerah,Human Error,Perbaikan Alat,Dalam Proses,Pit-C-Blok01,
432,2022-09-26,Monday,9,Q3,2022,Shift 2 (19:00-07:00),Office Area,SPV-009,Pengawasan,Near Miss,1,0,0,0,0,0,0,42,487.8,Berawan,Komunikasi Buruk,Revisi Prosedur,Selesai,Office-Blok05,
433,2023-12-18,Monday,12,Q4,2023,Shift 2 (19:00-07:00),Workshop,SPV-009,Fueling,First Aid,0,1,0,0,0,0,0,15,162.9,Hujan Ringan,Prosedur Tidak Diikuti,Revisi Prosedur,Selesai,Worksh-Blok04,Perlu tindak lanjut
434,2024-11-16,Saturday,11,Q4,2024,Shift 2 (19:00-07:00),Pit-B (Coal Getting),SPV-004,Survei,Near Miss,1,0,0,0,0,0,0,25,287,Cerah,Human Error,Briefing Safety,Selesai,Pit-B-Blok01,Sudah dilaporkan ke HSE Manager
435,2023-06-11,Sunday,6,Q2,2023,Shift 2 (19:00-07:00),Pit-A (Overburden),SPV-001,Survei,First Aid,0,1,0,0,0,0,0,10,109,Berkabut,Human Error,Investigasi Lanjut,Selesai,Pit-A-Blok04,Menunggu spare part
436,2023-04-24,Monday,4,Q2,2023,Shift 1 (07:00-19:00),Pit-B (Coal Getting),SPV-013,Pengawasan,Near Miss,1,0,0,0,0,0,0,37,393.3,Berawan,Housekeeping Buruk,Investigasi Lanjut,Dalam Proses,Pit-B-Blok03,Investigasi selesai
437,2023-03-11,Saturday,3,Q1,2023,Malam,Pit-C (Hauling),SPV-007,Dozing,Lost Time Injury,0,0,0,1,0,7,0,36,412.3,Cerah,Faktor Eksternal,Investigasi Lanjut,Selesai,Pit-C-Blok03,
438,2024-06-13,Thursday,6,Q2,2024,Shift 2 (19:00-07:00),Stockpile,SPV-006,Pengawasan,First Aid,0,1,0,0,0,0,0,14,180.2,Hujan Lebat,Human Error,Investigasi Lanjut,Selesai,Stockp-Blok04,Perlu tindak lanjut
439,2022-12-18,Sunday,12,Q4,2022,Shift 1 (07:00-19:00),Pit-C (Hauling),SPV-016,Grading,Medical Treatment,0,0,1,0,0,0,0,18,226.5,Cerah,Kondisi Cuaca Buruk,Pelatihan Ulang,Dalam Proses,Pit-C-Blok01,Perlu tindak lanjut
440,2022-04-09,Saturday,4,Q2,2022,Shift 2 (19:00-07:00),Drainase,SPV-008,Maintenance,Lost Time Injury,0,0,0,1,0,12,0,18,208.8,Berkabut,Housekeeping Buruk,Perbaikan Alat,Dalam Proses,Draina-Blok03,
441,2023-04-07,Friday,4,Q2,2023,Shift 2 (19:00-07:00),Pit-A (Overburden),SPV-006,Blasting,Medical Treatment,0,0,1,0,0,0,0,11,128.9,Berkabut,Alat Pelindung Diri Tidak Sesuai,Pelatihan Ulang,Selesai,Pit-A-Blok02,
442,2023-08-25,Friday,8,Q3,2023,Shift 2 (19:00-07:00),Pit-A (Overburden),SPV-002,Survei,Near Miss,1,0,0,0,0,0,0,20,243.2,Berawan,Prosedur Tidak Diikuti,Briefing Safety,Belum Dimulai,Pit-A-Blok05,
443,2022-02-18,Friday,2,Q1,2022,Shift 1 (07:00-19:00),Pit-B (Coal Getting),SPV-014,Dozing,Near Miss,1,0,0,0,0,0,0,27,332.2,Cerah,Peralatan Rusak,Revisi Prosedur,Selesai,Pit-B-Blok04,
444,2024-07-05,Friday,7,Q3,2024,Shift 2 (19:00-07:00),Office Area,SPV-003,Hauling,First Aid,0,1,0,0,0,0,0,9,98.2,Cerah,Human Error,Perbaikan Desain,Selesai,Office-Blok01,Perlu tindak lanjut
445,2024-10-27,Sunday,10,Q4,2024,Shift 1 (07:00-19:00),Workshop,SPV-006,Loading,Near Miss,1,0,0,0,0,0,0,20,-0.5,Hujan Ringan,Kondisi Cuaca Buruk,Perbaikan Desain,Selesai,Worksh-Blok04,
446,2024-08-05,Monday,8,Q3,2024,Shift 1 (07:00-19:00),ROM (Run of Mine),SPV-015,Loading,Near Miss,1,0,0,0,0,0,0,26,336.7,Cerah,Desain/Engineering,Penggantian APD,Selesai,ROM (R-Blok01,Sudah dilaporkan ke HSE Manager
447,2022-03-11,Friday,3,Q1,2022,Shift 2 (19:00-07:00),ROM,SPV-012,Hauling,Near Miss,1,0,0,0,0,0,0,41,421.5,Hujan Lebat,Human Error,Revisi Prosedur,Selesai,Stockp-Blok02,Sudah dilaporkan ke HSE Manager
448,2024-09-28,Saturday,9,Q3,2024,Shift 2 (19:00-07:00),Workshop,SPV-009,Pengawasan,First Aid,0,1,0,0,0,0,0,45,513.2,Hujan Ringan,Human Error,Revisi Prosedur,Selesai,Worksh-Blok03,Investigasi selesai
449,2022-05-09,Monday,5,Q2,2022,Shift 2 (19:00-07:00),Drainase,SPV-009,Blasting,Medical Treatment,0,0,1,0,0,0,0,42,458.3,Berawan,Faktor Eksternal,Perbaikan Alat,Selesai,Draina-Blok05,
450,2022-04-15,Friday,4,Q2,2022,Shift 2 (19:00-07:00),Drainase,SPV-012,Hauling,First Aid,0,1,0,0,0,0,0,41,424.7,Hujan Ringan,Prosedur Tidak Diikuti,Investigasi Lanjut,Dalam Proses,Draina-Blok02,
451,2024-04-09,Tuesday,4,Q2,2024,Shift 1 (07:00-19:00),Pit-C (Hauling),SPV-008,Pengawasan,First Aid,0,1,0,0,0,0,0,31,363.3,Berawan,Desain/Engineering,Revisi Prosedur,Overdue,Pit-C-Blok03,Perlu tindak lanjut
452,2022-10-04,Tuesday,10,Q4,2022,Shift 2 (19:00-07:00),Workshop,SPV-015,Survei,Near Miss,1,0,0,0,0,0,0,34,336.8,Berawan,Human Error,Investigasi Lanjut,Selesai,Worksh-Blok01,
453,2023-07-04,Tuesday,7,Q3,2023,Shift 1 (07:00-19:00),Drainase,SPV-013,Pumping,Property Damage,0,0,0,0,0,0,1,20,239.7,Cerah,Housekeeping Buruk,Perbaikan Alat,Selesai,Draina-Blok04,
454,2023-05-23,Tuesday,5,Q2,2023,Shift 1 (07:00-19:00),Pit-C (Hauling),SPV-005,Dozing,First Aid,0,1,0,0,0,0,0,23,283.8,Cerah,Peralatan Rusak,Perbaikan Alat,Selesai,Pit-C-Blok01,
455,2024-05-24,Friday,5,Q2,2024,Shift 1 (07:00-19:00),ROM (Run of Mine),SPV-012,Hauling,Near Miss,1,0,0,0,0,0,0,20,255.1,Cerah,Prosedur Tidak Diikuti,Pelatihan Ulang,Dalam Proses,ROM (R-Blok01,Investigasi selesai
456,2022-11-14,Monday,11,Q4,2022,Shift 1 (07:00-19:00),Pit-A (Overburden),SPV-013,Pumping,First Aid,0,1,0,0,0,0,0,14,152,Cerah,Alat Pelindung Diri Tidak Sesuai,Briefing Safety,Selesai,Pit-A-Blok04,
457,2024-01-07,Sunday,1,Q1,2024,Shift 2 (19:00-07:00),Workshop,SPV-007,Dozing,Near Miss,1,0,0,0,0,0,0,22,263.3,Berawan,Alat Pelindung Diri Tidak Sesuai,Perbaikan Alat,Overdue,Worksh-Blok03,
458,2023-08-26,Saturday,8,Q3,2023,Shift 2 (19:00-07:00),Pit-B (Coal Getting),SPV-014,Dozing,Near Miss,1,0,0,0,0,0,0,43,479.5,Berawan,Prosedur Tidak Diikuti,Briefing Safety,Dalam Proses,Pit-B-Blok01,
459,2023-01-16,Monday,1,Q1,2023,Shift 1 (07:00-19:00),Pit-C (Hauling),SPV-014,Drilling,Lost Time Injury,0,0,0,1,0,11,0,8,87.8,Hujan Lebat,Kelelahan Pekerja,Briefing Safety,Overdue,Pit-C-Blok02,Menunggu spare part
460,2023-10-16,Monday,10,Q4,2023,Shift 1 (07:00-19:00),Pit-A (Overburden),SPV-016,Grading,Near Miss,1,0,0,0,0,0,0,37,379.7,Cerah,Kondisi Cuaca Buruk,Perbaikan Desain,Overdue,Pit-A-Blok01,Perlu tindak lanjut
461,2024-12-20,Friday,12,Q4,2024,Shift 1 (07:00-19:00),Pit-A (Overburden),SPV-016,Maintenance,Near Miss,1,0,0,0,0,0,0,31,357.9,Berawan,Housekeeping Buruk,Pelatihan Ulang,Overdue,Pit-A-Blok04,Menunggu spare part
462,2022-12-12,Monday,12,Q4,2022,Shift 2 (19:00-07:00),Pit-A (Overburden),SPV-014,Grading,Medical Treatment,0,0,1,0,0,0,0,35,393.1,Cerah,Kelelahan Pekerja,Perbaikan Desain,Belum Dimulai,Pit-A-Blok03,Menunggu spare part
463,2024-05-15,Wednesday,5,Q2,2024,Shift 2 (19:00-07:00),Drainase,SPV-020,Hauling,Medical Treatment,0,0,1,0,0,0,0,13,163.3,Hujan Ringan,Desain/Engineering,Revisi Prosedur,Belum Dimulai,Draina-Blok03,Perlu tindak lanjut
464,2022-09-25,Sunday,9,Q3,2022,Shift 2 (19:00-07:00),Drainase,SPV-009,Survei,Medical Treatment,0,0,1,0,0,0,0,43,442,Berawan,Housekeeping Buruk,Pelatihan Ulang,Dalam Proses,Draina-Blok03,
465,2024-11-04,Monday,11,Q4,2024,Shift 1 (07:00-19:00),Pit-C (Hauling),SPV-004,Administrasi,Near Miss,1,0,0,0,0,0,0,45,449.4,Berawan,Prosedur Tidak Diikuti,Penggantian APD,Selesai,Pit-C-Blok01,
466,2024-07-26,Friday,7,Q3,2024,Shift 2 (19:00-07:00),Stockpile,SPV-012,Blasting,First Aid,0,1,0,0,0,0,0,22,236.6,Cerah,Desain/Engineering,Revisi Prosedur,Selesai,Stockp-Blok05,
467,2022-06-28,Tuesday,6,Q2,2022,Shift 1 (07:00-19:00),Pit-C (Hauling),SPV-010,Dozing,First Aid,0,1,0,0,0,0,0,19,188.6,Cerah,Housekeeping Buruk,Investigasi Lanjut,Selesai,Pit-C-Blok04,Investigasi selesai
468,2024-06-01,Saturday,6,Q2,2024,Shift 1 (07:00-19:00),Workshop,SPV-001,Loading,First Aid,0,1,0,0,0,0,0,11,130.6,Cerah,Peralatan Rusak,Penggantian APD,Selesai,Worksh-Blok02,Investigasi selesai
469,2024-09-17,Tuesday,9,Q3,2024,Shift 1 (07:00-19:00),Pit-B (Coal Getting),SPV-018,Blasting,First Aid,0,1,0,0,0,0,0,13,127.5,Hujan Lebat,Peralatan Rusak,Briefing Safety,Belum Dimulai,Pit-B-Blok04,Menunggu spare part
470,2022-08-21,Sunday,8,Q3,2022,Shift 2 (19:00-07:00),Pit-B (Coal Getting),SPV-003,Dozing,First Aid,0,1,0,0,0,0,0,36,385.9,Berawan,Kondisi Cuaca Buruk,Perbaikan Desain,Overdue,Pit-B-Blok01,
471,2024-06-09,Sunday,6,Q2,2024,Shift 2 (19:00-07:00),Pit-B (Coal Getting),SPV-008,Drilling,First Aid,0,1,0,0,0,0,0,36,463,Hujan Ringan,Kelelahan Pekerja,Briefing Safety,Dalam Proses,Pit-B-Blok01,
472,2022-07-11,Monday,7,Q3,2022,Shift 1 (07:00-19:00),Drainase,SPV-008,Grading,First Aid,0,1,0,0,0,0,0,20,240.6,Berawan,Peralatan Rusak,Revisi Prosedur,Selesai,Draina-Blok01,
473,2024-06-12,Wednesday,6,Q2,2024,Shift 2 (19:00-07:00),Stockpile,SPV-003,Pengawasan,Property Damage,0,0,0,0,0,0,1,38,431.1,Cerah,Alat Pelindung Diri Tidak Sesuai,Perbaikan Alat,Selesai,Stockp-Blok02,Menunggu spare part
474,2023-03-24,Friday,3,Q1,2023,Shift 1 (07:00-19:00),Stockpile,SPV-019,Drilling,Near Miss,1,0,0,0,0,0,0,26,328.3,Cerah,Human Error,Briefing Safety,Dalam Proses,Stockp-Blok01,
475,2022-03-08,Tuesday,3,Q1,2022,Shift 1 (07:00-19:00),Pit-A (Overburden),SPV-015,Survei,First Aid,0,1,0,0,0,0,0,8,88,Cerah,Komunikasi Buruk,Perbaikan Desain,Selesai,Pit-A-Blok03,
476,2024-03-30,Saturday,3,Q1,2024,Shift 1 (07:00-19:00),Pit-C (Hauling),SPV-018,Blasting,Near Miss,1,0,0,0,0,0,0,9,91.8,Cerah,Peralatan Rusak,Perbaikan Alat,Dalam Proses,Pit-C-Blok02,
477,2023-09-23,Saturday,9,Q3,2023,Shift 1 (07:00-19:00),Drainase,SPV-008,Dozing,Near Miss,1,0,0,0,0,0,0,21,272.6,Berkabut,Human Error,Penggantian APD,Overdue,Draina-Blok02,Menunggu spare part
478,2023-04-12,Wednesday,4,Q2,2023,Shift 1 (07:00-19:00),Pit-A (Overburden),SPV-018,Blasting,Lost Time Injury,0,0,0,1,0,4,0,19,210.6,Berawan,Peralatan Rusak,Revisi Prosedur,Selesai,Pit-A-Blok05,Perlu tindak lanjut
479,2024-10-03,Thursday,10,Q4,2024,Shift 1 (07:00-19:00),Workshop,SPV-013,Maintenance,Near Miss,1,0,0,0,0,0,0,33,329.7,Cerah,Kondisi Cuaca Buruk,Pelatihan Ulang,Belum Dimulai,Worksh-Blok03,
480,2024-04-27,Saturday,4,Q2,2024,Shift 2 (19:00-07:00),Pit-C (Hauling),SPV-011,Fueling,Near Miss,1,0,0,0,0,0,0,36,403.2,Hujan Lebat,Alat Pelindung Diri Tidak Sesuai,Investigasi Lanjut,Belum Dimulai,Pit-C-Blok03,
481,2022-09-02,Friday,9,Q3,2022,Shift 1 (07:00-19:00),Pit-B (Coal Getting),SPV-008,Blasting,Medical Treatment,0,0,1,0,0,0,0,39,470.4,Berkabut,Housekeeping Buruk,Perbaikan Desain,Selesai,Pit-B-Blok04,Perlu tindak lanjut
482,2024-03-28,Thursday,3,Q1,2024,Shift 1 (07:00-19:00),Workshop,SPV-010,Administrasi,Medical Treatment,0,0,1,0,0,0,0,21,271.5,Cerah,Komunikasi Buruk,Penggantian APD,Selesai,Worksh-Blok01,
483,2022-08-06,Saturday,8,Q3,2022,Shift 2 (19:00-07:00),Drainase,SPV-002,Hauling,Near Miss,1,0,0,0,0,0,0,23,295.2,Hujan Ringan,Kondisi Cuaca Buruk,Perbaikan Alat,Selesai,Draina-Blok04,
484,2023-10-18,Wednesday,10,Q4,2023,Shift 2 (19:00-07:00),Pit-B (Coal Getting),SPV-006,Administrasi,Medical Treatment,0,0,1,0,0,0,0,45,553.4,Berkabut,Peralatan Rusak,Briefing Safety,Dalam Proses,Pit-B-Blok04,Perlu tindak lanjut
485,2022-02-16,Wednesday,2,Q1,2022,Shift 2 (19:00-07:00),Pit-A (Overburden),SPV-010,Maintenance,Medical Treatment,0,0,1,0,0,0,0,13,164.1,Cerah,Peralatan Rusak,Investigasi Lanjut,Dalam Proses,Pit-A-Blok02,Menunggu spare part
486,2022-05-11,Wednesday,5,Q2,2022,Shift 2 (19:00-07:00),Workshop,SPV-013,Loading,Environmental Spill,0,0,0,0,0,0,0,35,435.6,Hujan Lebat,Alat Pelindung Diri Tidak Sesuai,Perbaikan Alat,Selesai,Worksh-Blok01,Investigasi selesai
487,2023-12-05,Tuesday,12,Q4,2023,Shift 1 (07:00-19:00),Stockpile,SPV-011,Pumping,Medical Treatment,0,0,1,0,0,0,0,38,499.5,Berawan,Faktor Eksternal,Briefing Safety,Dalam Proses,Stockp-Blok01,
488,2024-09-30,Monday,9,Q3,2024,Shift 2 (19:00-07:00),Pit-A (Overburden),SPV-016,Grading,First Aid,0,1,0,0,0,0,0,33,411.3,Cerah,Housekeeping Buruk,Perbaikan Desain,Dalam Proses,Pit-A-Blok04,
489,2022-09-28,Wednesday,9,Q3,2022,Shift 2 (19:00-07:00),ROM (Run of Mine),SPV-018,Maintenance,First Aid,0,1,0,0,0,0,0,35,412.3,Cerah,Peralatan Rusak,Revisi Prosedur,Belum Dimulai,ROM (R-Blok05,Menunggu spare part
490,2022-07-31,Sunday,7,Q3,2022,Shift 1 (07:00-19:00),Pit-B (Coal Getting),SPV-016,Administrasi,Environmental Spill,0,0,0,0,0,0,0,36,356.5,Berawan,Human Error,Investigasi Lanjut,Selesai,Pit-B-Blok03,Menunggu spare part
491,2023-01-15,Sunday,1,Q1,2023,Shift 2 (19:00-07:00),Pit-B (Coal Getting),SPV-018,Hauling,Lost Time Injury,0,0,0,1,0,11,0,14,170.6,Hujan Ringan,Komunikasi Buruk,Revisi Prosedur,Overdue,Pit-B-Blok01,
492,2022-04-19,Tuesday,4,Q2,2022,Shift 1 (07:00-19:00),Pit-B (Coal Getting),SPV-007,Administrasi,Medical Treatment,0,0,1,0,0,0,0,14,160.9,Berawan,Kondisi Cuaca Buruk,Perbaikan Desain,Selesai,Pit-B-Blok01,
493,2023-03-25,Saturday,3,Q1,2023,Shift 1 (07:00-19:00),Stockpile,SPV-012,Pumping,Medical Treatment,0,0,1,0,0,0,0,16,188.6,Berkabut,Prosedur Tidak Diikuti,Revisi Prosedur,Selesai,Stockp-Blok05,
494,2023-10-23,Monday,10,Q4,2023,Shift 2 (19:00-07:00),Workshop,SPV-009,Pengawasan,First Aid,0,1,0,0,0,0,0,40,429.1,Berawan,Prosedur Tidak Diikuti,Perbaikan Alat,Selesai,Worksh-Blok01,
495,2023-11-24,Friday,11,Q4,2023,Shift 2 (19:00-07:00),Workshop,SPV-006,Survei,Medical Treatment,0,0,1,0,0,0,0,40,412.7,Hujan Lebat,Housekeeping Buruk,Briefing Safety,Selesai,Worksh-Blok03,Sudah dilaporkan ke HSE Manager
496,2022-11-15,Tuesday,11,Q4,2022,Shift 1 (07:00-19:00),Pit-A (Overburden),SPV-018,Blasting,Medical Treatment,0,0,1,0,0,0,0,12,135.8,Berkabut,Faktor Eksternal,Briefing Safety,Dalam Proses,Pit-A-Blok01,Sudah dilaporkan ke HSE Manager
497,2023-06-26,Monday,6,Q2,2023,Shift 1 (07:00-19:00),Stockpile,SPV-016,Loading,Medical Treatment,0,0,1,0,0,0,0,12,152,Berawan,Kelelahan Pekerja,Perbaikan Desain,Belum Dimulai,Stockp-Blok03,Investigasi selesai
498,2024-06-12,Wednesday,6,Q2,2024,Shift 1 (07:00-19:00),Stockpile,SPV-003,Blasting,Medical Treatment,0,0,1,0,0,0,0,32,344.7,Cerah,Kelelahan Pekerja,Pelatihan Ulang,Selesai,Stockp-Blok04,
499,2022-03-17,Thursday,3,Q1,2022,Shift 2 (19:00-07:00),ROM (Run of Mine),,Pumping,Medical Treatment,0,0,1,0,0,0,0,21,241.9,Cerah,Faktor Eksternal,Penggantian APD,Selesai,ROM (R-Blok05,
500,2022-05-14,Saturday,5,Q2,2022,Shift 1 (07:00-19:00),Office Area,SPV-003,Survei,Lost Time Injury,0,0,0,1,0,14,0,12,152.5,Berawan,Faktor Eksternal,Penggantian APD,Dalam Proses,Office-Blok05,Sudah dilaporkan ke HSE Manager
501,2024-11-30,Saturday,11,Q4,2024,Shift 1 (07:00-19:00),Drainase,SPV-017,Pengawasan,Medical Treatment,0,0,1,0,0,0,0,27,347,Cerah,Human Error,Perbaikan Alat,Selesai,Draina-Blok05,
502,2022-12-09,Friday,12,Q4,2022,Shift 1 (07:00-19:00),Drainase,SPV-018,Survei,Near Miss,1,0,0,0,0,0,0,16,178.5,Cerah,Human Error,Perbaikan Alat,Selesai,Draina-Blok04,
503,2022-07-09,Saturday,7,Q3,2022,Shift 2 (19:00-07:00),ROM (Run of Mine),SPV-003,Drilling,Near Miss,1,0,0,0,0,0,0,31,310.1,Berawan,Peralatan Rusak,Briefing Safety,Selesai,ROM (R-Blok03,Menunggu spare part
504,2024-03-25,Monday,3,Q1,2024,Shift 1 (07:00-19:00),Pit-C (Hauling),SPV-001,Survei,Lost Time Injury,0,0,0,1,0,11,0,20,224.3,Berawan,Kondisi Cuaca Buruk,Pelatihan Ulang,Dalam Proses,Pit-C-Blok02,Investigasi selesai
505,2023-10-17,Tuesday,10,Q4,2023,Shift 2 (19:00-07:00),Pit-A (Overburden),SPV-008,Survei,Near Miss,1,0,0,0,0,0,0,36,412.8,Cerah,Desain/Engineering,Perbaikan Alat,Selesai,Pit-A-Blok01,
506,2022-04-18,Monday,4,Q2,2022,Shift 1 (07:00-19:00),Workshop,SPV-014,Pengawasan,Near Miss,1,0,0,0,0,0,0,26,341.1,Berawan,Kelelahan Pekerja,Revisi Prosedur,Selesai,Worksh-Blok05,Perlu tindak lanjut
507,2022-11-16,Wednesday,11,Q4,2022,Shift 2 (19:00-07:00),Pit-A (Overburden),SPV-020,Loading,Near Miss,1,0,0,0,0,0,0,41,478.5,Berawan,Alat Pelindung Diri Tidak Sesuai,Investigasi Lanjut,Belum Dimulai,Pit-A-Blok02,
508,2022-10-24,Monday,10,Q4,2022,Shift 2 (19:00-07:00),Pit-B (Coal Getting),SPV-002,Survei,First Aid,0,1,0,0,0,0,0,34,405.5,Cerah,Faktor Eksternal,Pelatihan Ulang,Dalam Proses,Pit-B-Blok01,Perlu tindak lanjut
509,2024-02-07,Wednesday,2,Q1,2024,Shift 1 (07:00-19:00),Drainase,SPV-007,Maintenance,Near Miss,1,0,0,0,0,0,0,12,155.6,Berawan,Housekeeping Buruk,Pelatihan Ulang,Selesai,Draina-Blok05,Menunggu spare part
510,2023-12-30,Saturday,12,Q4,2023,Shift 1 (07:00-19:00),Pit-A (Overburden),SPV-018,Pumping,Near Miss,1,0,0,0,0,0,0,9,100.8,Hujan Ringan,Peralatan Rusak,Pelatihan Ulang,Selesai,Pit-A-Blok01,
511,2022-10-29,Saturday,10,Q4,2022,Shift 2 (19:00-07:00),Pit-B (Coal Getting),SPV-020,Blasting,Near Miss,1,0,0,0,0,0,0,10,114.5,Cerah,Desain/Engineering,Penggantian APD,Selesai,Pit-B-Blok02,Perlu tindak lanjut
512,2022-11-05,Saturday,11,Q4,2022,Shift 1 (07:00-19:00),Pit-C (Hauling),SPV-014,Administrasi,First Aid,0,1,0,0,0,0,0,30,387.2,Cerah,Faktor Eksternal,Perbaikan Alat,Selesai,Pit-C-Blok05,Perlu tindak lanjut
513,2022-07-18,Monday,7,Q3,2022,Shift 1 (07:00-19:00),ROM (Run of Mine),SPV-003,Administrasi,Near Miss,1,0,0,0,0,0,0,15,151.8,Hujan Ringan,Faktor Eksternal,Investigasi Lanjut,Dalam Proses,ROM (R-Blok03,
514,2022-10-02,Sunday,10,Q4,2022,Shift 1 (07:00-19:00),Drainase,SPV-011,Loading,Near Miss,1,0,0,0,0,0,0,25,323.5,Hujan Ringan,Kondisi Cuaca Buruk,Pelatihan Ulang,Dalam Proses,Draina-Blok05,Sudah dilaporkan ke HSE Manager
515,2024-10-11,Friday,10,Q4,2024,Shift 1 (07:00-19:00),Pit-B (Coal Getting),SPV-015,Fueling,Medical Treatment,0,0,1,0,0,0,0,28,276.9,Cerah,Human Error,Revisi Prosedur,Dalam Proses,Pit-B-Blok04,
516,2022-12-19,Monday,12,Q4,2022,Shift 2 (19:00-07:00),Pit-B (Coal Getting),SPV-013,Fueling,Near Miss,1,0,0,0,0,0,0,29,316.8,Cerah,Desain/Engineering,Perbaikan Alat,Dalam Proses,Pit-B-Blok03,
517,2024-04-12,Friday,4,Q2,2024,Shift 1 (07:00-19:00),Drainase,SPV-003,Blasting,Near Miss,1,0,0,0,0,0,0,41,510.9,Berawan,Desain/Engineering,Investigasi Lanjut,Selesai,Draina-Blok02,
518,2024-06-14,Friday,6,Q2,2024,Shift 2 (19:00-07:00),Pit-C (Hauling),SPV-002,Fueling,Property Damage,0,0,0,0,0,0,1,45,449.4,Berawan,Human Error,Revisi Prosedur,Selesai,Pit-C-Blok01,
519,2023-07-14,Friday,7,Q3,2023,Shift 1 (07:00-19:00),Workshop,SPV-020,Pumping,Near Miss,1,0,0,0,0,0,0,14,177.4,Cerah,Komunikasi Buruk,Penggantian APD,Selesai,Worksh-Blok02,Perlu tindak lanjut
520,2024-05-18,Saturday,5,Q2,2024,Shift 1 (07:00-19:00),Stockpile,SPV-018,Maintenance,Near Miss,1,0,0,0,0,0,0,22,253.9,Hujan Ringan,Faktor Eksternal,Perbaikan Desain,Overdue,Stockp-Blok03,Sudah dilaporkan ke HSE Manager
521,2024-10-25,Friday,10,Q4,2024,Shift 1 (07:00-19:00),Stockpile,SPV-008,Blasting,Lost Time Injury,0,0,0,1,0,12,0,16,209,Cerah,Desain/Engineering,Briefing Safety,Dalam Proses,Stockp-Blok02,Sudah dilaporkan ke HSE Manager
522,2023-09-23,Saturday,9,Q3,2023,Shift 1 (07:00-19:00),Pit-B (Coal Getting),SPV-010,Pumping,Medical Treatment,0,0,1,0,0,0,0,24,292.9,Berawan,Kelelahan Pekerja,Briefing Safety,Overdue,Pit-B-Blok02,
523,2024-01-08,Monday,1,Q1,2024,Shift 1 (07:00-19:00),Pit-C (Hauling),SPV-004,Pumping,Near Miss,1,0,0,0,0,0,0,16,185.5,Hujan Ringan,Prosedur Tidak Diikuti,Pelatihan Ulang,Overdue,Pit-C-Blok03,Investigasi selesai
524,2023-08-02,Wednesday,8,Q3,2023,Shift 2 (19:00-07:00),ROM (Run of Mine),SPV-015,Loading,Near Miss,1,0,0,0,0,0,0,19,197.5,Cerah,Faktor Eksternal,Perbaikan Desain,Selesai,ROM (R-Blok04,Perlu tindak lanjut
525,2022-04-14,Thursday,4,Q2,2022,Shift 2 (19:00-07:00),ROM (Run of Mine),SPV-009,Pumping,First Aid,0,1,0,0,0,0,0,34,447.6,Berawan,Desain/Engineering,Pelatihan Ulang,Selesai,ROM (R-Blok02,
526,2024-08-08,Thursday,8,Q3,2024,Shift 1 (07:00-19:00),Pit-A (Overburden),SPV-015,Grading,Medical Treatment,0,0,1,0,0,0,0,20,236.7,Berawan,Housekeeping Buruk,Penggantian APD,Belum Dimulai,Pit-A-Blok03,
527,2023-12-07,Thursday,12,Q4,2023,Shift 1 (07:00-19:00),Office Area,SPV-019,Dozing,First Aid,0,1,0,0,0,0,0,12,144.4,Cerah,Housekeeping Buruk,Revisi Prosedur,Selesai,Office-Blok04,
528,2022-05-26,Thursday,5,Q2,2022,Shift 2 (19:00-07:00),Pit-B (Coal Getting),SPV-011,Drilling,Near Miss,1,0,0,0,0,0,0,37,396.3,Berawan,Komunikasi Buruk,Pelatihan Ulang,Dalam Proses,Pit-B-Blok01,
529,2024-02-10,Saturday,2,Q1,2024,Shift 1 (07:00-19:00),Drainase,SPV-019,Dozing,Property Damage,0,0,0,0,0,0,1,8,105.5,Berkabut,Prosedur Tidak Diikuti,Pelatihan Ulang,Selesai,Draina-Blok03,Investigasi selesai
530,2024-02-13,Tuesday,2,Q1,2024,Shift 2 (19:00-07:00),ROM (Run of Mine),SPV-012,Administrasi,Lost Time Injury,0,0,0,1,0,1,0,9,111.7,Cerah,Kondisi Cuaca Buruk,Perbaikan Desain,Belum Dimulai,ROM (R-Blok05,
531,2024-05-30,Thursday,5,Q2,2024,Shift 1 (07:00-19:00),Drainase,SPV-010,Blasting,First Aid,0,1,0,0,0,0,0,45,526.8,Cerah,Desain/Engineering,Investigasi Lanjut,Selesai,Draina-Blok05,Investigasi selesai
532,2024-09-01,Sunday,9,Q3,2024,Shift 1 (07:00-19:00),Pit-B (Coal Getting),SPV-019,Grading,Near Miss,1,0,0,0,0,0,0,27,316.3,Cerah,Komunikasi Buruk,Investigasi Lanjut,Selesai,Pit-B-Blok01,Investigasi selesai
533,2023-08-19,Saturday,8,Q3,2023,Shift 1 (07:00-19:00),Pit-C (Hauling),SPV-010,Pengawasan,Property Damage,0,0,0,0,0,0,1,17,223.4,Berkabut,Kondisi Cuaca Buruk,Revisi Prosedur,Selesai,Pit-C-Blok04,
534,2023-07-16,Sunday,7,Q3,2023,Shift 2 (19:00-07:00),Workshop,SPV-018,Drilling,Near Miss,1,0,0,0,0,0,0,39,452,Hujan Ringan,Faktor Eksternal,Revisi Prosedur,Dalam Proses,Worksh-Blok04,Sudah dilaporkan ke HSE Manager
535,2022-07-03,Sunday,7,Q3,2022,Shift 2 (19:00-07:00),Pit-B (Coal Getting),SPV-009,Maintenance,First Aid,0,1,0,0,0,0,0,43,540.6,Hujan Ringan,Housekeeping Buruk,Pelatihan Ulang,Overdue,Pit-B-Blok01,
536,2023-02-01,Wednesday,2,Q1,2023,Shift 1 (07:00-19:00),Pit-C (Hauling),SPV-001,Dozing,Near Miss,1,0,0,0,0,0,0,25,305.6,Cerah,Prosedur Tidak Diikuti,Investigasi Lanjut,Dalam Proses,Pit-C-Blok03,Investigasi selesai
537,2022-10-31,Monday,10,Q4,2022,Shift 1 (07:00-19:00),Pit-B (Coal Getting),SPV-009,Administrasi,Lost Time Injury,0,0,0,1,0,13,0,28,340.2,Hujan Ringan,Alat Pelindung Diri Tidak Sesuai,Perbaikan Desain,Dalam Proses,Pit-B-Blok05,Menunggu spare part
538,2023-03-20,Monday,3,Q1,2023,Shift 1 (07:00-19:00),Pit-B (Coal Getting),SPV-010,Hauling,Medical Treatment,0,0,1,0,0,0,0,28,285.5,Berawan,Kondisi Cuaca Buruk,Pelatihan Ulang,Selesai,Pit-B-Blok05,Menunggu spare part
539,2023-01-21,Saturday,1,Q1,2023,Shift 1 (07:00-19:00),Stockpile,SPV-011,Drilling,Near Miss,1,0,0,0,0,0,0,21,-0.5,Cerah,Peralatan Rusak,Perbaikan Desain,Selesai,Stockp-Blok01,Perlu tindak lanjut
540,2023-05-26,Friday,5,Q2,2023,Shift 1 (07:00-19:00),Stockpile,SPV-014,Blasting,First Aid,0,1,0,0,0,0,0,24,236.3,Berkabut,Kondisi Cuaca Buruk,Perbaikan Desain,Selesai,Stockp-Blok03,
541,2024-08-02,Friday,8,Q3,2024,Shift 2 (19:00-07:00),Pit-C (Hauling),SPV-009,Loading,Property Damage,0,0,0,0,0,0,1,11,139.4,Cerah,Kondisi Cuaca Buruk,Perbaikan Alat,Belum Dimulai,Pit-C-Blok01,Perlu tindak lanjut
542,2023-08-05,Saturday,8,Q3,2023,Shift 1 (07:00-19:00),Drainase,SPV-006,Maintenance,First Aid,0,1,0,0,0,0,0,17,188.3,Berkabut,Peralatan Rusak,Revisi Prosedur,Selesai,Draina-Blok03,Investigasi selesai
543,2024-07-14,Sunday,7,Q3,2024,Shift 2 (19:00-07:00),Pit-B (Coal Getting),SPV-020,Loading,Lost Time Injury,0,0,0,1,0,13,0,32,314.6,Berawan,Alat Pelindung Diri Tidak Sesuai,Briefing Safety,Selesai,Pit-B-Blok03,Sudah dilaporkan ke HSE Manager
544,2024-02-18,Sunday,2,Q1,2024,Shift 1 (07:00-19:00),Pit-C (Hauling),SPV-002,Administrasi,Near Miss,1,0,0,0,0,0,0,36,379.3,Berawan,Housekeeping Buruk,Revisi Prosedur,Belum Dimulai,Pit-C-Blok05,
545,2024-11-14,Thursday,11,Q4,2024,Shift 1 (07:00-19:00),Pit-C (Hauling),SPV-018,Drilling,Near Miss,1,0,0,0,0,0,0,35,453.2,Hujan Ringan,Komunikasi Buruk,Investigasi Lanjut,Selesai,Pit-C-Blok04,Investigasi selesai
546,2022-05-28,Saturday,5,Q2,2022,Shift 1 (07:00-19:00),Office Area,SPV-016,Hauling,Medical Treatment,0,0,1,0,0,0,0,11,131.2,Hujan Ringan,Human Error,Pelatihan Ulang,Selesai,Office-Blok02,
547,2022-03-29,Tuesday,3,Q1,2022,Shift 2 (19:00-07:00),Pit-A (Overburden),SPV-010,Blasting,Medical Treatment,0,0,1,0,0,0,0,40,449.7,Hujan Ringan,Desain/Engineering,Perbaikan Desain,Selesai,Pit-A-Blok03,Sudah dilaporkan ke HSE Manager
548,2022-11-22,Tuesday,11,Q4,2022,Shift 2 (19:00-07:00),Pit-B (Coal Getting),SPV-017,Loading,Near Miss,1,0,0,0,0,0,0,35,373.9,Cerah,Komunikasi Buruk,Penggantian APD,Selesai,Pit-B-Blok04,
549,2024-04-29,Monday,4,Q2,2024,Shift 2 (19:00-07:00),Workshop,SPV-007,Hauling,Near Miss,1,0,0,0,0,0,0,20,199.7,Hujan Ringan,Faktor Eksternal,Revisi Prosedur,Dalam Proses,Worksh-Blok01,Perlu tindak lanjut
550,2024-10-01,Tuesday,10,Q4,2024,Shift 1 (07:00-19:00),Pit-A (Overburden),SPV-006,Maintenance,Environmental Spill,0,0,0,0,0,0,0,22,255.9,Cerah,Kelelahan Pekerja,Penggantian APD,Selesai,Pit-A-Blok03,Investigasi selesai
551,2023-05-10,Wednesday,5,Q2,2023,Shift 1 (07:00-19:00),Office Area,SPV-008,Administrasi,Medical Treatment,0,0,1,0,0,0,0,27,321.3,Cerah,Komunikasi Buruk,Penggantian APD,Belum Dimulai,Office-Blok03,Menunggu spare part
552,2022-01-26,Wednesday,1,Q1,2022,Shift 2 (19:00-07:00),ROM (Run of Mine),SPV-001,Pumping,First Aid,0,1,0,0,0,0,0,23,268.2,Hujan Ringan,Kelelahan Pekerja,Briefing Safety,Selesai,ROM (R-Blok04,
553,2023-11-09,Thursday,11,Q4,2023,Shift 2 (19:00-07:00),Workshop,SPV-012,Blasting,Property Damage,0,0,0,0,0,0,1,45,589.4,Hujan Ringan,Peralatan Rusak,Penggantian APD,Dalam Proses,Worksh-Blok05,Perlu tindak lanjut
554,2024-02-24,Saturday,2,Q1,2024,Shift 2 (19:00-07:00),Pit-B (Coal Getting),SPV-006,Survei,First Aid,0,1,0,0,0,0,0,19,248.6,Berawan,Alat Pelindung Diri Tidak Sesuai,Penggantian APD,Selesai,Pit-B-Blok02,
555,2022-04-07,Thursday,4,Q2,2022,Shift 2 (19:00-07:00),Pit-C (Hauling),SPV-007,Drilling,First Aid,0,1,0,0,0,0,0,23,280.7,Cerah,Kondisi Cuaca Buruk,Penggantian APD,Selesai,Pit-C-Blok05,Sudah dilaporkan ke HSE Manager
556,2024-02-19,Monday,2,Q1,2024,Shift 1 (07:00-19:00),Office Area,SPV-015,Dozing,First Aid,0,1,0,0,0,0,0,34,385.9,Berawan,Prosedur Tidak Diikuti,Pelatihan Ulang,Dalam Proses,Office-Blok04,Menunggu spare part
557,2024-11-18,Monday,11,Q4,2024,Shift 1 (07:00-19:00),Office Area,SPV-016,Fueling,Medical Treatment,0,0,1,0,0,0,0,13,134.9,Berawan,Alat Pelindung Diri Tidak Sesuai,Investigasi Lanjut,Overdue,Office-Blok01,
558,2024-12-25,Wednesday,12,Q4,2024,Shift 1 (07:00-19:00),Stockpile,SPV-010,Survei,First Aid,0,1,0,0,0,0,0,33,349.7,Hujan Lebat,Kondisi Cuaca Buruk,Pelatihan Ulang,Selesai,Stockp-Blok02,Menunggu spare part
559,2024-10-23,Wednesday,10,Q4,2024,Shift 2 (19:00-07:00),Office Area,SPV-015,Dozing,Medical Treatment,0,0,1,0,0,0,0,10,104.5,Hujan Ringan,Housekeeping Buruk,Penggantian APD,Dalam Proses,Office-Blok02,Investigasi selesai
560,2022-12-23,Friday,12,Q4,2022,Shift 2 (19:00-07:00),ROM (Run of Mine),SPV-020,Hauling,First Aid,0,1,0,0,0,0,0,39,495.9,Berkabut,Kelelahan Pekerja,Revisi Prosedur,Selesai,ROM (R-Blok02,Menunggu spare part
561,2024-04-08,Monday,4,Q2,2024,Shift 1 (07:00-19:00),Pit-B (Coal Getting),SPV-019,Fueling,First Aid,0,1,0,0,0,0,0,27,285.9,Berawan,Peralatan Rusak,Pelatihan Ulang,Belum Dimulai,Pit-B-Blok04,Perlu tindak lanjut
562,2022-02-01,Tuesday,2,Q1,2022,Shift 2 (19:00-07:00),Pit-C (Hauling),SPV-014,Maintenance,Property Damage,0,0,0,0,0,0,1,19,201.1,Berawan,Kondisi Cuaca Buruk,Perbaikan Desain,Selesai,Pit-C-Blok01,Menunggu spare part
563,2022-08-19,Friday,8,Q3,2022,Shift 1 (07:00-19:00),Pit-C (Hauling),SPV-018,Hauling,Near Miss,1,0,0,0,0,0,0,16,186.8,Berawan,Peralatan Rusak,Penggantian APD,Selesai,Pit-C-Blok04,Sudah dilaporkan ke HSE Manager
564,2024-10-28,Monday,10,Q4,2024,Shift 1 (07:00-19:00),Pit-A (Overburden),SPV-020,Blasting,First Aid,0,1,0,0,0,0,0,18,183,Hujan Ringan,Peralatan Rusak,Penggantian APD,Overdue,Pit-A-Blok04,
565,2024-01-02,Tuesday,1,Q1,2024,Shift 1 (07:00-19:00),Stockpile,SPV-007,Hauling,Near Miss,1,0,0,0,0,0,0,12,133.6,Cerah,Kelelahan Pekerja,Perbaikan Desain,Selesai,Stockp-Blok05,Perlu tindak lanjut
566,2024-02-10,Saturday,2,Q1,2024,Shift 2 (19:00-07:00),Workshop,SPV-018,Drilling,First Aid,0,1,0,0,0,0,0,27,355.1,Berawan,Prosedur Tidak Diikuti,Penggantian APD,Dalam Proses,Worksh-Blok05,Investigasi selesai
567,2023-05-28,Sunday,5,Q2,2023,Shift 2 (19:00-07:00),Pit-A (Overburden),SPV-017,Grading,Near Miss,1,0,0,0,0,0,0,27,287.4,Cerah,Peralatan Rusak,Pelatihan Ulang,Overdue,Pit-A-Blok03,Sudah dilaporkan ke HSE Manager
568,2023-03-15,Wednesday,3,Q1,2023,Shift 1 (07:00-19:00),Pit-B (Coal Getting),SPV-018,Blasting,Near Miss,1,0,0,0,0,0,0,34,434.4,Cerah,Human Error,Pelatihan Ulang,Dalam Proses,Pit-B-Blok03,Perlu tindak lanjut
569,2024-03-08,Friday,3,Q1,2024,Shift 2 (19:00-07:00),Pit-A (Overburden),SPV-005,Grading,Property Damage,0,0,0,0,0,0,1,28,330.7,Cerah,Alat Pelindung Diri Tidak Sesuai,Briefing Safety,Dalam Proses,Pit-A-Blok04,
570,2023-08-14,Monday,8,Q3,2023,Shift 2 (19:00-07:00),Pit-B (Coal Getting),SPV-012,Drilling,First Aid,0,1,0,0,0,0,0,14,142.3,Hujan Lebat,Kondisi Cuaca Buruk,Briefing Safety,Dalam Proses,Pit-B-Blok04,
571,2023-12-14,Thursday,12,Q4,2023,Shift 2 (19:00-07:00),Pit-A (Overburden),SPV-006,Fueling,Medical Treatment,0,0,1,0,0,0,0,42,490.7,Berawan,Peralatan Rusak,Perbaikan Desain,Dalam Proses,Pit-A-Blok03,
572,2022-10-12,Wednesday,10,Q4,2022,Shift 2 (19:00-07:00),Pit-A (Overburden),SPV-005,Survei,First Aid,0,1,0,0,0,0,0,33,359.7,Hujan Lebat,Housekeeping Buruk,Revisi Prosedur,Selesai,Pit-A-Blok02,Sudah dilaporkan ke HSE Manager
573,2024-10-14,Monday,10,Q4,2024,Shift 1 (07:00-19:00),Office Area,SPV-013,Pumping,First Aid,0,1,0,0,0,0,0,43,430.8,Cerah,Human Error,Perbaikan Alat,Dalam Proses,Office-Blok03,Sudah dilaporkan ke HSE Manager
574,2022-04-27,Wednesday,4,Q2,2022,Shift 2 (19:00-07:00),Pit-C (Hauling),SPV-003,Pengawasan,Near Miss,1,0,0,0,0,0,0,44,565.3,Berawan,Kondisi Cuaca Buruk,Perbaikan Alat,Dalam Proses,Pit-C-Blok05,
575,2024-12-01,Sunday,12,Q4,2024,Shift 2 (19:00-07:00),Pit-C (Hauling),SPV-020,Survei,First Aid,0,1,0,0,0,0,0,8,85,Berawan,Desain/Engineering,Investigasi Lanjut,Overdue,Pit-C-Blok05,Perlu tindak lanjut
576,2023-01-02,Monday,1,Q1,2023,Shift 1 (07:00-19:00),Drainase,SPV-018,Fueling,First Aid,0,1,0,0,0,0,0,37,362.8,Berawan,Kelelahan Pekerja,Revisi Prosedur,Belum Dimulai,Draina-Blok03,
577,2023-06-24,Saturday,6,Q2,2023,Shift 2 (19:00-07:00),Pit-B (Coal Getting),SPV-002,Pumping,First Aid,0,1,0,0,0,0,0,22,242.8,Cerah,Kondisi Cuaca Buruk,Pelatihan Ulang,Selesai,Pit-B-Blok03,Menunggu spare part
578,2023-12-04,Monday,12,Q4,2023,Shift 1 (07:00-19:00),Office Area,SPV-009,Grading,First Aid,0,1,0,0,0,0,0,42,426.1,Berawan,Alat Pelindung Diri Tidak Sesuai,Investigasi Lanjut,Belum Dimulai,Office-Blok05,
579,2024-03-22,Friday,3,Q1,2024,Shift 2 (19:00-07:00),Pit-A (Overburden),SPV-017,Hauling,Medical Treatment,0,0,1,0,0,0,0,23,247.9,Hujan Ringan,Komunikasi Buruk,Pelatihan Ulang,Selesai,Pit-A-Blok02,Investigasi selesai
580,2024-01-14,Sunday,1,Q1,2024,Shift 1 (07:00-19:00),Pit-B (Coal Getting),SPV-010,Administrasi,Near Miss,1,0,0,0,0,0,0,22,-100,Hujan Ringan,Prosedur Tidak Diikuti,Revisi Prosedur,Overdue,Pit-B-Blok02,
581,2024-12-15,Sunday,12,Q4,2024,Shift 1 (07:00-19:00),Stockpile,SPV-018,Blasting,First Aid,0,1,0,0,0,0,0,30,352.9,Cerah,Faktor Eksternal,Perbaikan Alat,Dalam Proses,Stockp-Blok04,
582,2022-06-30,Thursday,6,Q2,2022,Shift 1 (07:00-19:00),Pit-C (Hauling),SPV-012,Dozing,Property Damage,0,0,0,0,0,0,1,19,232.4,Cerah,Kondisi Cuaca Buruk,Revisi Prosedur,Selesai,Pit-C-Blok02,
583,2022-07-28,Thursday,7,Q3,2022,Shift 2 (19:00-07:00),Pit-B (Coal Getting),SPV-010,Drilling,Medical Treatment,0,0,1,0,0,0,0,15,157.1,Cerah,Peralatan Rusak,Perbaikan Desain,Selesai,Pit-B-Blok04,Perlu tindak lanjut
584,2022-02-04,Friday,2,Q1,2022,Shift 2 (19:00-07:00),Drainase,SPV-013,Hauling,Near Miss,1,0,0,0,0,0,0,20,222.5,Berkabut,Alat Pelindung Diri Tidak Sesuai,Perbaikan Alat,Selesai,Draina-Blok01,
585,2022-08-02,Tuesday,8,Q3,2022,Shift 2 (19:00-07:00),Pit-A (Overburden),SPV-010,Grading,Medical Treatment,0,0,1,0,0,0,0,43,430,Hujan Ringan,Desain/Engineering,Perbaikan Alat,Dalam Proses,Pit-A-Blok01,
586,2024-04-12,Friday,4,Q2,2024,Shift 2 (19:00-07:00),Workshop,SPV-003,Loading,Near Miss,1,0,0,0,0,0,0,38,500.9,Hujan Ringan,Kondisi Cuaca Buruk,Pelatihan Ulang,Selesai,Worksh-Blok03,Menunggu spare part
587,2023-09-02,Saturday,9,Q3,2023,Shift 2 (19:00-07:00),Pit-C (Hauling),SPV-009,Blasting,Lost Time Injury,0,0,0,1,0,9,0,33,356.4,Hujan Ringan,Alat Pelindung Diri Tidak Sesuai,Briefing Safety,Overdue,Pit-C-Blok04,Sudah dilaporkan ke HSE Manager
588,2023-05-07,Sunday,5,Q2,2023,Shift 1 (07:00-19:00),Pit-C (Hauling),SPV-009,Pengawasan,Near Miss,1,0,0,0,0,0,0,24,285.3,Hujan Lebat,Kelelahan Pekerja,Briefing Safety,Selesai,Pit-C-Blok03,Menunggu spare part
589,2023-05-19,Friday,5,Q2,2023,Shift 1 (07:00-19:00),Office Area,SPV-019,Survei,Near Miss,1,0,0,0,0,0,0,17,185.9,Hujan Lebat,Komunikasi Buruk,Penggantian APD,Dalam Proses,Office-Blok03,Perlu tindak lanjut
590,2023-05-11,Thursday,5,Q2,2023,Shift 2 (19:00-07:00),ROM (Run of Mine),SPV-018,Survei,First Aid,0,1,0,0,0,0,0,40,506.2,Hujan Ringan,Faktor Eksternal,Penggantian APD,Overdue,ROM (R-Blok03,Sudah dilaporkan ke HSE Manager
591,2022-09-14,Wednesday,9,Q3,2022,Shift 2 (19:00-07:00),Pit-A (Overburden),SPV-015,Pengawasan,Near Miss,1,0,0,0,0,0,0,42,497.4,Cerah,Peralatan Rusak,Revisi Prosedur,Selesai,Pit-A-Blok01,Investigasi selesai
592,2022-07-19,Tuesday,7,Q3,2022,Shift 1 (07:00-19:00),Pit-B (Coal Getting),SPV-012,Hauling,Medical Treatment,0,0,1,0,0,0,0,26,318.7,Berawan,Desain/Engineering,Revisi Prosedur,Dalam Proses,Pit-B-Blok05,Investigasi selesai
593,2023-09-29,Friday,9,Q3,2023,Shift 1 (07:00-19:00),Pit-B (Coal Getting),SPV-018,Fueling,First Aid,0,1,0,0,0,0,0,39,484,Berkabut,Faktor Eksternal,Revisi Prosedur,Selesai,Pit-B-Blok03,
594,2024-08-06,Tuesday,8,Q3,2024,Shift 2 (19:00-07:00),Pit-C (Hauling),SPV-017,Pumping,Near Miss,1,0,0,0,0,0,0,26,265.2,Hujan Ringan,Alat Pelindung Diri Tidak Sesuai,Perbaikan Desain,Dalam Proses,Pit-C-Blok02,Investigasi selesai
595,2024-11-28,Thursday,11,Q4,2024,Shift 1 (07:00-19:00),Pit-C (Hauling),SPV-010,Pumping,Property Damage,0,0,0,0,0,0,1,38,379,Cerah,Faktor Eksternal,Briefing Safety,Selesai,Pit-C-Blok01,
596,2022-06-29,Wednesday,6,Q2,2022,Shift 1 (07:00-19:00),Pit-C (Hauling),SPV-017,Pengawasan,Near Miss,1,0,0,0,0,0,0,35,458.3,Hujan Lebat,Kelelahan Pekerja,Investigasi Lanjut,Dalam Proses,Pit-C-Blok03,
597,2023-08-14,Monday,8,Q3,2023,Shift 1 (07:00-19:00),ROM (Run of Mine),SPV-010,Administrasi,Property Damage,0,0,0,0,0,0,1,19,197.6,Berkabut,Alat Pelindung Diri Tidak Sesuai,Pelatihan Ulang,Selesai,ROM (R-Blok03,Investigasi selesai
598,2023-10-22,Sunday,10,Q4,2023,Shift 1 (07:00-19:00),Workshop,SPV-010,Pengawasan,First Aid,0,1,0,0,0,0,0,30,346.1,Cerah,Housekeeping Buruk,Briefing Safety,Selesai,Worksh-Blok01,
599,2022-03-12,Saturday,3,Q1,2022,Shift 2 (19:00-07:00),Pit-B (Coal Getting),SPV-003,Maintenance,Near Miss,1,0,0,0,0,0,0,40,515.4,Berawan,Prosedur Tidak Diikuti,Pelatihan Ulang,Selesai,Pit-B-Blok02,Menunggu spare part
600,2022-01-28,Friday,1,Q1,2022,Shift 1 (07:00-19:00),Office Area,SPV-009,Dozing,Medical Treatment,0,0,1,0,0,0,0,22,250.4,Cerah,Faktor Eksternal,Pelatihan Ulang,Dalam Proses,Office-Blok02,
601,2022-08-05,Friday,8,Q3,2022,Shift 2 (19:00-07:00),Pit-A (Overburden),SPV-012,Grading,Near Miss,1,0,0,0,0,0,0,21,231.7,Cerah,Prosedur Tidak Diikuti,Pelatihan Ulang,Selesai,Pit-A-Blok05,
602,2022-01-23,Sunday,1,Q1,2022,Shift 1 (07:00-19:00),ROM (Run of Mine),SPV-006,Maintenance,Lost Time Injury,0,0,0,1,0,3,0,39,387.8,Berawan,Kelelahan Pekerja,Revisi Prosedur,Selesai,ROM (R-Blok03,
603,2023-05-01,Monday,5,Q2,2023,Shift 1 (07:00-19:00),ROM (Run of Mine),SPV-002,Dozing,Near Miss,1,0,0,0,0,0,0,36,431.1,Hujan Ringan,Faktor Eksternal,Pelatihan Ulang,Selesai,ROM (R-Blok01,
604,2023-09-24,Sunday,9,Q3,2023,Shift 1 (07:00-19:00),Office Area,SPV-020,Pumping,Property Damage,0,0,0,0,0,0,1,25,268.8,Cerah,Human Error,Penggantian APD,Dalam Proses,Office-Blok02,Sudah dilaporkan ke HSE Manager
605,2023-04-06,Thursday,4,Q2,2023,Shift 2 (19:00-07:00),Pit-B (Coal Getting),SPV-012,Dozing,Medical Treatment,0,0,1,0,0,0,0,26,305.5,Cerah,Peralatan Rusak,Perbaikan Desain,Selesai,Pit-B-Blok02,Sudah dilaporkan ke HSE Manager
606,2022-01-23,Sunday,1,Q1,2022,Shift 2 (19:00-07:00),Pit-B (Coal Getting),SPV-013,Survei,Medical Treatment,0,0,1,0,0,0,0,35,448.9,,Peralatan Rusak,Briefing Safety,Overdue,Pit-B-Blok04,
607,2023-05-17,Wednesday,5,Q2,2023,Shift 2 (19:00-07:00),Drainase,SPV-011,Survei,Medical Treatment,0,0,1,0,0,0,0,39,465.5,Berkabut,Kondisi Cuaca Buruk,Perbaikan Desain,Belum Dimulai,Draina-Blok01,
608,2024-02-26,Monday,2,Q1,2024,Shift 1 (07:00-19:00),Office Area,SPV-015,Pengawasan,Near Miss,1,0,0,0,0,0,0,32,376.3,Hujan Lebat,Komunikasi Buruk,Penggantian APD,Selesai,Office-Blok02,
609,2023-03-10,Friday,3,Q1,2023,Shift 1 (07:00-19:00),Pit-B (Coal Getting),SPV-011,Survei,Near Miss,1,0,0,0,0,0,0,31,371.1,Cerah,Housekeeping Buruk,Penggantian APD,Selesai,Pit-B-Blok04,
610,2024-01-12,Friday,1,Q1,2024,Shift 1 (07:00-19:00),Pit-A (Overburden),SPV-011,Grading,Near Miss,1,0,0,0,0,0,0,29,320.1,Cerah,Housekeeping Buruk,Penggantian APD,Overdue,Pit-A-Blok05,
611,2024-11-01,Friday,11,Q4,2024,Shift 2 (19:00-07:00),ROM (Run of Mine),SPV-012,Pumping,First Aid,0,1,0,0,0,0,0,26,335.1,Hujan Ringan,Kelelahan Pekerja,Briefing Safety,Dalam Proses,ROM (R-Blok02,Sudah dilaporkan ke HSE Manager
612,2022-01-12,Wednesday,1,Q1,2022,Shift 2 (19:00-07:00),Pit-A (Overburden),SPV-012,Loading,Medical Treatment,0,0,1,0,0,0,0,17,221.3,Cerah,Prosedur Tidak Diikuti,Pelatihan Ulang,Selesai,Pit-A-Blok01,
613,2023-03-06,Monday,3,Q1,2023,Shift 2 (19:00-07:00),Workshop,SPV-011,Administrasi,Environmental Spill,0,0,0,0,0,0,0,41,446.3,Cerah,Kondisi Cuaca Buruk,Investigasi Lanjut,Belum Dimulai,Worksh-Blok05,Sudah dilaporkan ke HSE Manager
614,2024-02-11,Sunday,2,Q1,2024,Shift 1 (07:00-19:00),ROM (Run of Mine),SPV-005,Drilling,Near Miss,1,0,0,0,0,0,0,22,257.2,Berawan,Kondisi Cuaca Buruk,Perbaikan Alat,Dalam Proses,ROM (R-Blok04,Perlu tindak lanjut
615,2024-09-03,Tuesday,9,Q3,2024,Shift 1 (07:00-19:00),Stockpile,SPV-010,Loading,Near Miss,1,0,0,0,0,0,0,27,351.3,Berawan,Alat Pelindung Diri Tidak Sesuai,Perbaikan Desain,Selesai,Stockp-Blok03,
616,2024-06-16,Sunday,6,Q2,2024,Shift 1 (07:00-19:00),Stockpile,SPV-016,Survei,Near Miss,1,0,0,0,0,0,0,24,240.4,Berkabut,Human Error,Briefing Safety,Dalam Proses,Stockp-Blok05,
617,2024-01-15,Monday,1,Q1,2024,Shift 2 (19:00-07:00),Pit-A (Overburden),SPV-014,Loading,Near Miss,1,0,0,0,0,0,0,23,237,Berkabut,Housekeeping Buruk,Perbaikan Alat,Dalam Proses,Pit-A-Blok02,
618,2022-06-01,Wednesday,6,Q2,2022,Shift 2 (19:00-07:00),Stockpile,SPV-020,Survei,Near Miss,1,0,0,0,0,0,0,39,400.2,Hujan Lebat,Prosedur Tidak Diikuti,Investigasi Lanjut,Dalam Proses,Stockp-Blok04,Menunggu spare part
619,2023-05-20,Saturday,5,Q2,2023,Shift 1 (07:00-19:00),Pit-C (Hauling),SPV-011,Grading,First Aid,0,1,0,0,0,0,0,22,224.5,Cerah,Desain/Engineering,Perbaikan Alat,Selesai,Pit-C-Blok05,
620,2023-07-02,Sunday,7,Q3,2023,Shift 1 (07:00-19:00),Workshop,SPV-006,Maintenance,Near Miss,1,0,0,0,0,0,0,36,387.7,Berawan,Komunikasi Buruk,Penggantian APD,Overdue,Worksh-Blok01,Sudah dilaporkan ke HSE Manager
621,2024-05-16,Thursday,5,Q2,2024,Shift 1 (07:00-19:00),Pit-C (Hauling),SPV-003,Pumping,Near Miss,1,0,0,0,0,0,0,42,551.9,Cerah,Kondisi Cuaca Buruk,Penggantian APD,Selesai,Pit-C-Blok04,Perlu tindak lanjut
622,2024-02-28,Wednesday,2,Q1,2024,Shift 2 (19:00-07:00),pit a,SPV-007,Drilling,Near Miss,1,0,0,0,0,0,0,39,480.8,Hujan Lebat,Alat Pelindung Diri Tidak Sesuai,Perbaikan Alat,Selesai,Worksh-Blok05,Menunggu spare part
623,2024-06-15,Saturday,6,Q2,2024,Shift 1 (07:00-19:00),Pit-B (Coal Getting),SPV-018,Pumping,First Aid,0,1,0,0,0,0,0,30,307.4,Berawan,Prosedur Tidak Diikuti,Perbaikan Alat,Dalam Proses,Pit-B-Blok02,Sudah dilaporkan ke HSE Manager
624,2024-09-02,Monday,9,Q3,2024,Shift 1 (07:00-19:00),Pit-C (Hauling),SPV-011,Maintenance,Near Miss,1,0,0,0,0,0,0,11,116.1,Cerah,Kondisi Cuaca Buruk,Revisi Prosedur,Selesai,Pit-C-Blok02,Menunggu spare part
625,2023-02-24,Friday,2,Q1,2023,Shift 2 (19:00-07:00),Pit-B (Coal Getting),SPV-011,Dozing,Medical Treatment,0,0,1,0,0,0,0,44,453.8,Hujan Ringan,Peralatan Rusak,Briefing Safety,Selesai,Pit-B-Blok03,
626,2023-09-01,Friday,9,Q3,2023,Shift 1 (07:00-19:00),Pit-A (Overburden),SPV-008,Dozing,Near Miss,1,0,0,0,0,0,0,10,118.6,Hujan Ringan,Kondisi Cuaca Buruk,Pelatihan Ulang,Overdue,Pit-A-Blok03,Menunggu spare part
627,2022-04-11,Monday,4,Q2,2022,Shift 2 (19:00-07:00),Pit-C (Hauling),SPV-009,Loading,Medical Treatment,0,0,1,0,0,0,0,38,484.6,Hujan Lebat,Kelelahan Pekerja,Briefing Safety,Selesai,Pit-C-Blok04,Investigasi selesai
628,2023-09-11,Monday,9,Q3,2023,Shift 2 (19:00-07:00),Pit-A (Overburden),SPV-001,Hauling,Medical Treatment,0,0,1,0,0,0,0,11,132.2,Hujan Lebat,Housekeeping Buruk,Investigasi Lanjut,Selesai,Pit-A-Blok03,Investigasi selesai
629,2022-08-25,Thursday,8,Q3,2022,Shift 2 (19:00-07:00),Workshop,SPV-009,Grading,Near Miss,1,0,0,0,0,0,0,29,290.6,Cerah,Peralatan Rusak,Perbaikan Desain,Overdue,Worksh-Blok04,
630,2023-02-08,Wednesday,2,Q1,2023,Shift 1 (07:00-19:00),Pit-A (Overburden),SPV-007,Pumping,Near Miss,1,0,0,0,0,0,0,34,388.4,Cerah,Kelelahan Pekerja,Pelatihan Ulang,Belum Dimulai,Pit-A-Blok03,Investigasi selesai
631,2022-11-08,Tuesday,11,Q4,2022,Shift 1 (07:00-19:00),Pit-C (Hauling),SPV-012,Blasting,Medical Treatment,0,0,1,0,0,0,0,23,264,Berkabut,Peralatan Rusak,Briefing Safety,Dalam Proses,Pit-C-Blok04,
632,2023-10-31,Tuesday,10,Q4,2023,Shift 2 (19:00-07:00),Pit-B (Coal Getting),SPV-003,Hauling,First Aid,0,1,0,0,0,0,0,43,545,Cerah,Desain/Engineering,Revisi Prosedur,Belum Dimulai,Pit-B-Blok05,
633,2024-11-09,Saturday,11,Q4,2024,Shift 2 (19:00-07:00),Pit-B (Coal Getting),SPV-013,Maintenance,Medical Treatment,0,0,1,0,0,0,0,28,290.5,Hujan Lebat,Desain/Engineering,Revisi Prosedur,Belum Dimulai,Pit-B-Blok01,
634,2022-05-27,Friday,5,Q2,2022,Malam,Pit-C (Hauling),SPV-014,Blasting,Lost Time Injury,0,0,0,1,0,5,0,22,280.3,Cerah,Peralatan Rusak,Briefing Safety,Belum Dimulai,Pit-C-Blok01,Menunggu spare part
635,2024-10-11,Friday,10,Q4,2024,Shift 2 (19:00-07:00),Pit-B (Coal Getting),SPV-007,Loading,Near Miss,1,0,0,0,0,0,0,38,500.1,Berawan,Housekeeping Buruk,Investigasi Lanjut,Selesai,Pit-B-Blok05,
636,2023-10-04,Wednesday,10,Q4,2023,Shift 2 (19:00-07:00),wrkshop,SPV-019,Loading,Near Miss,1,0,0,0,0,0,0,34,402,Cerah,Faktor Eksternal,Revisi Prosedur,Selesai,Pit-B-Blok04,Sudah dilaporkan ke HSE Manager
637,2024-02-06,Tuesday,2,Q1,2024,Shift 1 (07:00-19:00),Pit-B (Coal Getting),SPV-016,Drilling,First Aid,0,1,0,0,0,0,0,26,267.2,Berkabut,Desain/Engineering,Investigasi Lanjut,Dalam Proses,Pit-B-Blok03,
638,2023-08-09,Wednesday,8,Q3,2023,Shift 2 (19:00-07:00),ROM (Run of Mine),SPV-003,Administrasi,Near Miss,1,0,0,0,0,0,0,34,447.1,Cerah,Desain/Engineering,Investigasi Lanjut,Selesai,ROM (R-Blok03,
639,2023-02-17,Friday,2,Q1,2023,Shift 1 (07:00-19:00),Stockpile,,Survei,Near Miss,1,0,0,0,0,0,0,9,103,Cerah,Faktor Eksternal,Briefing Safety,Selesai,Stockp-Blok04,
640,2024-05-09,Thursday,5,Q2,2024,Shift 2 (19:00-07:00),Workshop,SPV-006,Pengawasan,Property Damage,0,0,0,0,0,0,1,20,205.7,Hujan Lebat,Kelelahan Pekerja,Investigasi Lanjut,Selesai,Worksh-Blok05,
641,2024-10-11,Friday,10,Q4,2024,Shift 1 (07:00-19:00),ROM (Run of Mine),SPV-001,Fueling,Near Miss,1,0,0,0,0,0,0,17,167.6,Berkabut,Prosedur Tidak Diikuti,Perbaikan Desain,Dalam Proses,ROM (R-Blok02,Sudah dilaporkan ke HSE Manager
642,2023-01-30,Monday,1,Q1,2023,Shift 1 (07:00-19:00),Workshop,SPV-007,Dozing,Medical Treatment,0,0,1,0,0,0,0,25,283,Cerah,Komunikasi Buruk,Revisi Prosedur,Dalam Proses,Worksh-Blok03,Sudah dilaporkan ke HSE Manager
643,2024-10-25,Friday,10,Q4,2024,Shift 2 (19:00-07:00),Pit-B (Coal Getting),SPV-013,Loading,Near Miss,1,0,0,0,0,0,0,24,305.4,Cerah,Housekeeping Buruk,Pelatihan Ulang,Selesai,Pit-B-Blok02,
644,2024-07-03,Wednesday,7,Q3,2024,Shift 2 (19:00-07:00),Pit-B (Coal Getting),SPV-010,Survei,Near Miss,1,0,0,0,0,0,0,8,102.4,Hujan Ringan,Human Error,Briefing Safety,Dalam Proses,Pit-B-Blok05,Menunggu spare part
645,2023-02-17,Friday,2,Q1,2023,Shift 1 (07:00-19:00),Pit-A (Overburden),SPV-011,Blasting,First Aid,0,1,0,0,0,0,0,16,185.5,Hujan Ringan,Housekeeping Buruk,Briefing Safety,Belum Dimulai,Pit-A-Blok03,Menunggu spare part
646,2023-07-26,Wednesday,7,Q3,2023,Shift 1 (07:00-19:00),Workshop,SPV-017,Hauling,Near Miss,1,0,0,0,0,0,0,35,376.2,Hujan Ringan,Peralatan Rusak,Perbaikan Alat,Selesai,Worksh-Blok02,
647,2022-08-08,Monday,8,Q3,2022,Shift 1 (07:00-19:00),Workshop,SPV-003,Survei,Property Damage,0,0,0,0,0,0,1,12,156.9,Hujan Ringan,Human Error,Penggantian APD,Selesai,Worksh-Blok05,
648,2023-05-15,Monday,5,Q2,2023,Shift 1 (07:00-19:00),,SPV-015,Fueling,Near Miss,1,0,0,1,0,0,0,14,175.8,Hujan Ringan,Alat Pelindung Diri Tidak Sesuai,Pelatihan Ulang,Selesai,Pit-B-Blok01,
649,2023-05-13,Saturday,5,Q2,2023,Shift 2 (19:00-07:00),Pit-A (Overburden),SPV-004,Grading,First Aid,0,1,0,0,0,0,0,25,265.4,Cerah,Komunikasi Buruk,Perbaikan Desain,Dalam Proses,Pit-A-Blok03,
650,2024-05-31,Friday,5,Q2,2024,Shift 2 (19:00-07:00),Pit-C (Hauling),SPV-013,Fueling,First Aid,0,1,0,0,0,0,0,26,321.8,Hujan Ringan,Prosedur Tidak Diikuti,Revisi Prosedur,Selesai,Pit-C-Blok05,
651,2023-09-10,Sunday,9,Q3,2023,Shift 1 (07:00-19:00),Stockpile,SPV-001,Loading,Near Miss,1,0,0,0,0,0,0,25,310.8,Berkabut,Alat Pelindung Diri Tidak Sesuai,Revisi Prosedur,Selesai,Stockp-Blok01,
652,2024-09-23,Monday,9,Q3,2024,Shift 2 (19:00-07:00),Pit-C (Hauling),SPV-015,Blasting,Medical Treatment,0,0,1,0,0,0,0,19,191.4,Cerah,Human Error,Pelatihan Ulang,Dalam Proses,Pit-C-Blok04,Perlu tindak lanjut
653,2023-11-05,Sunday,11,Q4,2023,Shift 2 (19:00-07:00),Workshop,SPV-008,Blasting,First Aid,0,1,0,0,0,0,0,45,529.8,Cerah,Human Error,Penggantian APD,Selesai,Worksh-Blok03,
654,2023-04-29,Saturday,4,Q2,2023,Shift 2 (19:00-07:00),Workshop,SPV-012,Survei,Lost Time Injury,0,0,0,1,0,14,0,28,340.1,Hujan Ringan,Housekeeping Buruk,Investigasi Lanjut,Selesai,Worksh-Blok05,
655,2024-01-07,Sunday,1,Q1,2024,Shift 2 (19:00-07:00),Pit-A (Overburden),SPV-007,Administrasi,Near Miss,1,0,0,0,0,0,0,18,232.3,Berawan,Komunikasi Buruk,Revisi Prosedur,Selesai,Pit-A-Blok01,Perlu tindak lanjut
656,2024-06-15,Saturday,6,Q2,2024,Shift 2 (19:00-07:00),Pit-B (Coal Getting),SPV-013,Hauling,First Aid,0,1,0,0,0,0,0,12,123.1,Cerah,Kondisi Cuaca Buruk,Perbaikan Alat,Selesai,Pit-B-Blok02,
657,2022-02-23,Wednesday,2,Q1,2022,Shift 1 (07:00-19:00),Pit-B (Coal Getting),SPV-011,Maintenance,First Aid,0,1,0,0,0,0,0,8,82.6,Hujan Ringan,Housekeeping Buruk,Perbaikan Desain,Selesai,Pit-B-Blok04,
658,2024-10-27,Sunday,10,Q4,2024,Shift 1 (07:00-19:00),Stockpile,SPV-012,Drilling,Near Miss,1,0,0,0,0,0,0,31,391.9,Cerah,Prosedur Tidak Diikuti,Pelatihan Ulang,Selesai,Stockp-Blok02,Menunggu spare part
659,2024-12-06,Friday,12,Q4,2024,Shift 2 (19:00-07:00),Pit-A (Overburden),SPV-004,Fueling,First Aid,0,1,0,0,0,0,0,24,266,Hujan Ringan,Alat Pelindung Diri Tidak Sesuai,Revisi Prosedur,Dalam Proses,Pit-A-Blok04,Sudah dilaporkan ke HSE Manager
660,2022-09-07,Wednesday,9,Q3,2022,Shift 1 (07:00-19:00),Drainase,,Grading,Near Miss,1,0,0,0,0,0,0,39,419.4,Cerah,Desain/Engineering,Perbaikan Alat,Selesai,Draina-Blok03,Perlu tindak lanjut
661,2022-06-19,Sunday,6,Q2,2022,Shift 2 (19:00-07:00),Pit-B (Coal Getting),SPV-009,Blasting,First Aid,0,1,0,0,0,0,0,35,395.5,Hujan Ringan,Komunikasi Buruk,Briefing Safety,Selesai,Pit-B-Blok03,Investigasi selesai
662,2024-09-16,Monday,9,Q3,2024,Shift 2 (19:00-07:00),ROM (Run of Mine),SPV-015,Pengawasan,First Aid,0,1,0,0,0,0,0,25,302.9,Hujan Ringan,Peralatan Rusak,Perbaikan Desain,Belum Dimulai,ROM (R-Blok03,
663,2023-07-18,Tuesday,7,Q3,2023,Shift 2 (19:00-07:00),Pit-B (Coal Getting),SPV-009,Survei,Property Damage,0,0,0,0,0,0,1,37,487.5,Hujan Lebat,Kondisi Cuaca Buruk,Penggantian APD,Belum Dimulai,Pit-B-Blok01,
664,2023-01-18,Wednesday,1,Q1,2023,Shift 1 (07:00-19:00),Workshop,SPV-018,Loading,Property Damage,0,0,0,0,0,0,1,10,99.5,Cerah,Faktor Eksternal,Perbaikan Desain,Selesai,Worksh-Blok02,
665,2022-07-24,Sunday,7,Q3,2022,Shift 1 (07:00-19:00),Pit-A (Overburden),SPV-016,Fueling,Near Miss,1,0,0,0,0,0,0,35,445.8,Berawan,Komunikasi Buruk,Investigasi Lanjut,Selesai,Pit-A-Blok04,
666,2024-01-19,Friday,1,Q1,2024,Shift 2 (19:00-07:00),ROM (Run of Mine),SPV-016,Grading,Near Miss,1,0,0,0,0,0,0,43,508.7,Berawan,Komunikasi Buruk,Perbaikan Alat,Belum Dimulai,ROM (R-Blok02,Perlu tindak lanjut
667,2022-05-24,Tuesday,5,Q2,2022,Shift 1 (07:00-19:00),Pit-B (Coal Getting),SPV-015,Fueling,First Aid,0,1,0,0,0,0,0,37,479.6,Cerah,Housekeeping Buruk,Perbaikan Desain,Selesai,Pit-B-Blok02,Menunggu spare part
668,2024-04-15,Monday,4,Q2,2024,Shift 1 (07:00-19:00),Stockpile,SPV-019,Administrasi,Near Miss,1,0,0,0,0,0,0,11,115.8,Hujan Lebat,Human Error,Revisi Prosedur,Selesai,Stockp-Blok02,
669,2022-05-04,Wednesday,5,Q2,2022,Shift 1 (07:00-19:00),Pit-B (Coal Getting),SPV-009,Maintenance,Lost Time Injury,0,0,0,1,0,2,0,41,515.5,Hujan Ringan,Human Error,Penggantian APD,Belum Dimulai,Pit-B-Blok05,Menunggu spare part
670,2024-07-25,Thursday,7,Q3,2024,Shift 1 (07:00-19:00),Office Area,SPV-019,Grading,Near Miss,1,0,0,0,0,0,0,42,490.8,Berkabut,Faktor Eksternal,Revisi Prosedur,Dalam Proses,Office-Blok04,Sudah dilaporkan ke HSE Manager
671,2022-10-25,Tuesday,10,Q4,2022,Shift 1 (07:00-19:00),Pit-C (Hauling),SPV-016,Grading,Near Miss,1,0,0,0,0,0,0,30,335.4,Cerah,Komunikasi Buruk,Perbaikan Desain,Belum Dimulai,Pit-C-Blok02,
672,2022-12-02,Friday,12,Q4,2022,Shift 2 (19:00-07:00),Pit-B (Coal Getting),SPV-015,Hauling,Near Miss,1,0,0,0,0,0,0,15,187.1,Cerah,Peralatan Rusak,Perbaikan Alat,Dalam Proses,Pit-B-Blok01,Perlu tindak lanjut
673,2022-11-15,Tuesday,11,Q4,2022,Shift 2 (19:00-07:00),Pit-A (Overburden),SPV-020,Survei,Near Miss,1,0,0,0,0,0,0,25,279.6,Berawan,Human Error,Revisi Prosedur,Dalam Proses,Pit-A-Blok04,Menunggu spare part
674,2023-12-10,Sunday,12,Q4,2023,Shift 1 (07:00-19:00),Pit-A (Overburden),SPV-016,Administrasi,First Aid,0,1,0,0,0,0,0,45,586.3,Berawan,Kelelahan Pekerja,Pelatihan Ulang,Selesai,Pit-A-Blok04,
675,2023-07-09,Sunday,7,Q3,2023,Shift 2 (19:00-07:00),Pit-A (Overburden),SPV-006,Grading,First Aid,0,1,0,0,0,0,0,42,463.7,Cerah,Kondisi Cuaca Buruk,Perbaikan Alat,Overdue,Pit-A-Blok03,Investigasi selesai
676,2022-04-03,Sunday,4,Q2,2022,Shift 1 (07:00-19:00),ROM (Run of Mine),SPV-001,Drilling,Environmental Spill,0,0,0,0,0,0,0,25,326.2,Cerah,Prosedur Tidak Diikuti,Pelatihan Ulang,Selesai,ROM (R-Blok01,
677,2023-06-15,Thursday,6,Q2,2023,Shift 1 (07:00-19:00),Pit-C (Hauling),SPV-006,Loading,Near Miss,1,0,0,0,0,0,0,20,206.9,Berkabut,Alat Pelindung Diri Tidak Sesuai,Perbaikan Desain,Selesai,Pit-C-Blok04,Sudah dilaporkan ke HSE Manager
678,2022-10-15,Saturday,10,Q4,2022,Shift 2 (19:00-07:00),Pit-C (Hauling),SPV-001,Grading,First Aid,0,1,0,0,0,0,0,22,233.8,Cerah,Kondisi Cuaca Buruk,Investigasi Lanjut,Dalam Proses,Pit-C-Blok03,Menunggu spare part
679,2022-07-05,Tuesday,7,Q3,2022,Shift 2 (19:00-07:00),Pit-A (Overburden),SPV-018,Pengawasan,Near Miss,1,0,0,0,0,0,0,15,165.6,Cerah,Komunikasi Buruk,Perbaikan Desain,Belum Dimulai,Pit-A-Blok03,Perlu tindak lanjut
680,2023-04-26,Wednesday,4,Q2,2023,Shift 1 (07:00-19:00),Pit-A (Overburden),SPV-010,Pengawasan,Medical Treatment,0,0,1,0,0,0,0,26,262.3,Berkabut,Komunikasi Buruk,Perbaikan Desain,Selesai,Pit-A-Blok02,
681,2022-02-09,Wednesday,2,Q1,2022,Shift 1 (07:00-19:00),Office Area,SPV-008,Blasting,Property Damage,0,0,0,0,0,0,1,18,218.6,Hujan Lebat,Faktor Eksternal,Investigasi Lanjut,Selesai,Office-Blok03,Menunggu spare part
682,2023-05-05,Friday,5,Q2,2023,Shift 2 (19:00-07:00),Drainase,SPV-020,Pengawasan,First Aid,0,1,0,0,0,0,0,24,262.9,Cerah,Prosedur Tidak Diikuti,Perbaikan Desain,Overdue,Draina-Blok03,Sudah dilaporkan ke HSE Manager
683,2022-09-08,Thursday,9,Q3,2022,Shift 1 (07:00-19:00),Pit-B (Coal Getting),SPV-008,Survei,Near Miss,1,0,0,0,0,0,0,33,352.6,Hujan Lebat,Kelelahan Pekerja,Investigasi Lanjut,Selesai,Pit-B-Blok03,
684,2022-04-21,Thursday,4,Q2,2022,Shift 1 (07:00-19:00),Workshop,SPV-004,Drilling,Near Miss,1,0,0,0,0,0,0,19,214.2,Cerah,Peralatan Rusak,Investigasi Lanjut,Dalam Proses,Worksh-Blok02,
685,2024-06-21,Friday,6,Q2,2024,Shift 2 (19:00-07:00),Workshop,SPV-018,Blasting,Near Miss,1,0,0,0,0,0,0,24,267.1,Berawan,Kelelahan Pekerja,Penggantian APD,Belum Dimulai,Worksh-Blok04,Sudah dilaporkan ke HSE Manager
686,2022-04-30,Saturday,4,Q2,2022,Shift 2 (19:00-07:00),Stockpile,SPV-006,Blasting,Near Miss,1,0,0,0,0,0,0,8,78.2,Berkabut,Housekeeping Buruk,Penggantian APD,Belum Dimulai,Stockp-Blok03,
687,2022-11-25,Friday,11,Q4,2022,Shift 1 (07:00-19:00),ROM (Run of Mine),SPV-015,Loading,Near Miss,1,0,0,0,0,0,0,37,469.8,Berawan,Peralatan Rusak,Briefing Safety,Overdue,ROM (R-Blok01,Investigasi selesai
688,2023-03-06,Monday,3,Q1,2023,Shift 1 (07:00-19:00),Workshop,SPV-012,Loading,Medical Treatment,0,0,1,0,0,0,0,30,367.7,Hujan Ringan,Human Error,Investigasi Lanjut,Dalam Proses,Worksh-Blok02,Investigasi selesai
689,2022-06-23,Thursday,6,Q2,2022,Shift 1 (07:00-19:00),ROM (Run of Mine),SPV-019,Blasting,Property Damage,0,0,0,0,0,0,1,23,281.1,Berawan,Kondisi Cuaca Buruk,Penggantian APD,Selesai,ROM (R-Blok05,Sudah dilaporkan ke HSE Manager
690,2022-07-16,Saturday,7,Q3,2022,Shift 2 (19:00-07:00),Pit-C (Hauling),SPV-001,Pengawasan,Property Damage,0,0,0,0,0,0,1,17,203.9,Cerah,Alat Pelindung Diri Tidak Sesuai,Pelatihan Ulang,Dalam Proses,Pit-C-Blok05,Investigasi selesai
691,2024-10-26,Saturday,10,Q4,2024,Shift 1 (07:00-19:00),Workshop,SPV-018,Survei,Near Miss,1,0,0,0,0,0,0,15,191.7,Cerah,Alat Pelindung Diri Tidak Sesuai,Pelatihan Ulang,Selesai,Worksh-Blok02,
692,2023-02-16,Thursday,2,Q1,2023,Shift 1 (07:00-19:00),ROM (Run of Mine),SPV-005,Administrasi,First Aid,0,1,0,0,0,0,0,8,87.7,Cerah,Desain/Engineering,Perbaikan Alat,Dalam Proses,ROM (R-Blok03,Sudah dilaporkan ke HSE Manager
693,2024-07-06,Saturday,7,Q3,2024,Shift 2 (19:00-07:00),ROM (Run of Mine),SPV-012,Hauling,Lost Time Injury,0,0,0,1,0,12,0,28,311.1,Cerah,Desain/Engineering,Perbaikan Desain,Belum Dimulai,ROM (R-Blok01,
694,2024-12-16,Monday,12,Q4,2024,Shift 1 (07:00-19:00),Pit-B (Coal Getting),SPV-010,Fueling,First Aid,0,1,0,0,0,0,0,14,138.3,Hujan Lebat,Komunikasi Buruk,Perbaikan Desain,Overdue,Pit-B-Blok03,
695,2022-09-24,Saturday,9,Q3,2022,Shift 2 (19:00-07:00),Stockpile,SPV-007,Loading,First Aid,0,1,0,0,0,0,0,38,502.5,Berawan,Peralatan Rusak,Investigasi Lanjut,Selesai,Stockp-Blok01,
696,2024-03-27,Wednesday,3,Q1,2024,Shift 1 (07:00-19:00),Pit-A (Overburden),SPV-014,Blasting,Medical Treatment,0,0,1,0,0,0,0,38,396.3,Cerah,Kondisi Cuaca Buruk,Penggantian APD,Dalam Proses,Pit-A-Blok04,Menunggu spare part
697,2024-11-12,Tuesday,11,Q4,2024,Shift 2 (19:00-07:00),stock pile,SPV-006,Fueling,First Aid,0,1,0,0,0,0,0,21,249.4,Hujan Lebat,Kelelahan Pekerja,Pelatihan Ulang,Belum Dimulai,Pit-C-Blok02,Sudah dilaporkan ke HSE Manager
698,2022-05-24,Tuesday,5,Q2,2022,Shift 1 (07:00-19:00),pit-a (OB),SPV-006,Survei,Near Miss,1,0,0,0,0,0,0,38,434.6,Cerah,Desain/Engineering,Briefing Safety,Dalam Proses,Worksh-Blok01,Investigasi selesai
699,2024-10-13,Sunday,10,Q4,2024,Shift 1 (07:00-19:00),Pit-A (Overburden),SPV-007,Blasting,Near Miss,1,0,0,0,0,0,0,20,202.5,Berawan,Peralatan Rusak,Pelatihan Ulang,Selesai,Pit-A-Blok03,
700,2022-12-18,Sunday,12,Q4,2022,Shift 1 (07:00-19:00),ROM (Run of Mine),SPV-015,Dozing,Near Miss,1,0,0,0,0,0,0,15,177.6,Berkabut,Kelelahan Pekerja,Penggantian APD,Overdue,ROM (R-Blok04,
701,2023-04-06,Thursday,4,Q2,2023,Shift 2 (19:00-07:00),Pit-B (Coal Getting),SPV-010,Maintenance,First Aid,0,1,0,0,0,0,0,21,238.4,Berawan,Peralatan Rusak,Investigasi Lanjut,Selesai,Pit-B-Blok05,Menunggu spare part
702,2022-04-26,Tuesday,4,Q2,2022,Shift 1 (07:00-19:00),Drainase,SPV-019,Hauling,Property Damage,0,0,0,0,0,0,1,39,487.7,Hujan Ringan,Kondisi Cuaca Buruk,Briefing Safety,Dalam Proses,Draina-Blok02,Menunggu spare part
703,2023-03-19,Sunday,3,Q1,2023,Shift 1 (07:00-19:00),Pit-B (Coal Getting),SPV-002,Fueling,Lost Time Injury,0,0,0,1,0,4,0,11,114.8,Cerah,Housekeeping Buruk,Pelatihan Ulang,Dalam Proses,Pit-B-Blok03,Investigasi selesai
704,2023-01-18,Wednesday,1,Q1,2023,Shift 1 (07:00-19:00),Stockpile,SPV-005,Survei,Near Miss,1,0,0,0,0,0,0,12,122.6,Hujan Ringan,Housekeeping Buruk,Briefing Safety,Dalam Proses,Stockp-Blok05,Perlu tindak lanjut
705,2023-07-10,Monday,7,Q3,2023,Shift 1 (07:00-19:00),Drainase,SPV-013,Blasting,Near Miss,1,0,0,0,0,0,0,8,84,Berawan,Faktor Eksternal,Briefing Safety,Dalam Proses,Draina-Blok03,
706,2023-05-31,Wednesday,5,Q2,2023,Shift 1 (07:00-19:00),Drainase,SPV-020,Maintenance,Near Miss,1,0,0,0,0,0,0,35,424.2,Hujan Lebat,Komunikasi Buruk,Perbaikan Desain,Selesai,Draina-Blok01,
707,2022-01-09,Sunday,1,Q1,2022,Shift 2 (19:00-07:00),Pit-C (Hauling),SPV-003,Fueling,Near Miss,1,0,0,0,0,0,0,33,375.3,Cerah,Prosedur Tidak Diikuti,Briefing Safety,Selesai,Pit-C-Blok04,Perlu tindak lanjut
708,2022-09-06,Tuesday,9,Q3,2022,Shift 1 (07:00-19:00),Pit-B (Coal Getting),SPV-009,Fueling,Property Damage,0,0,0,0,0,0,1,35,438.7,Hujan Ringan,Housekeeping Buruk,Perbaikan Desain,Overdue,Pit-B-Blok04,
709,2022-09-19,Monday,9,Q3,2022,S2,Pit-C (Hauling),SPV-020,Pumping,Medical Treatment,0,0,1,0,0,0,0,11,145.5,Berawan,Kondisi Cuaca Buruk,Penggantian APD,Dalam Proses,Pit-C-Blok01,
710,2024-10-12,Saturday,10,Q4,2024,Shift 2 (19:00-07:00),Pit-C (Hauling),SPV-004,Fueling,First Aid,0,1,0,0,0,0,0,11,137.8,Cerah,Desain/Engineering,Briefing Safety,Belum Dimulai,Pit-C-Blok01,
711,2024-06-24,Monday,6,Q2,2024,Shift 2 (19:00-07:00),ROM (Run of Mine),SPV-020,Survei,Medical Treatment,0,0,1,0,0,0,0,25,247.7,Cerah,Prosedur Tidak Diikuti,Investigasi Lanjut,Selesai,ROM (R-Blok02,
712,2024-02-12,Monday,2,Q1,2024,Shift 2 (19:00-07:00),Workshop,SPV-004,Pengawasan,First Aid,0,1,0,0,0,0,0,14,181,Berawan,Desain/Engineering,Briefing Safety,Selesai,Worksh-Blok03,Investigasi selesai
713,2023-07-27,Thursday,7,Q3,2023,Shift 1 (07:00-19:00),Pit-B (Coal Getting),SPV-011,Pengawasan,Near Miss,1,0,0,0,0,0,0,21,258.5,Cerah,Desain/Engineering,Investigasi Lanjut,Selesai,Pit-B-Blok04,Menunggu spare part
714,2024-01-05,Friday,1,Q1,2024,Shift 2 (19:00-07:00),Stockpile,SPV-019,Pumping,Near Miss,1,0,0,0,0,0,0,36,447.1,Cerah,Kelelahan Pekerja,Perbaikan Desain,Selesai,Stockp-Blok02,
715,2024-04-30,Tuesday,4,Q2,2024,Shift 2 (19:00-07:00),ROM (Run of Mine),SPV-006,Loading,First Aid,0,1,0,0,0,0,0,25,292.9,Berawan,Alat Pelindung Diri Tidak Sesuai,Pelatihan Ulang,Selesai,ROM (R-Blok04,Sudah dilaporkan ke HSE Manager
716,2024-10-17,Thursday,10,Q4,2024,Shift 2 (19:00-07:00),Pit-C (Hauling),SPV-005,Dozing,First Aid,0,1,0,0,0,0,0,20,225.9,Hujan Ringan,Human Error,Penggantian APD,Dalam Proses,Pit-C-Blok02,Sudah dilaporkan ke HSE Manager
717,2024-06-27,Thursday,6,Q2,2024,Shift 1 (07:00-19:00),Workshop,SPV-017,Blasting,Near Miss,1,0,0,0,0,0,0,17,166.5,Berawan,Komunikasi Buruk,Perbaikan Alat,Selesai,Worksh-Blok01,
718,2023-02-20,Monday,2,Q1,2023,Shift 2 (19:00-07:00),Pit-C (Hauling),SPV-007,Maintenance,Near Miss,1,0,0,0,0,0,0,35,416,Berawan,Alat Pelindung Diri Tidak Sesuai,Briefing Safety,Dalam Proses,Pit-C-Blok05,
719,2023-12-28,Thursday,12,Q4,2023,Shift 1 (07:00-19:00),Workshop,SPV-013,Drilling,Near Miss,1,0,0,0,0,0,0,31,359.8,Berkabut,Kelelahan Pekerja,Pelatihan Ulang,Overdue,Worksh-Blok03,Sudah dilaporkan ke HSE Manager
720,2024-11-27,Wednesday,11,Q4,2024,Shift 1 (07:00-19:00),Office Area,SPV-009,Fueling,Medical Treatment,0,0,1,0,0,0,0,16,198.2,Hujan Lebat,Kondisi Cuaca Buruk,Revisi Prosedur,Overdue,Office-Blok03,
721,2022-10-05,Wednesday,10,Q4,2022,Shift 2 (19:00-07:00),Pit-A (Overburden),SPV-001,Fueling,Near Miss,1,0,0,0,0,0,0,20,247.4,Cerah,Komunikasi Buruk,Revisi Prosedur,Selesai,Pit-A-Blok04,Perlu tindak lanjut
722,2022-11-16,Wednesday,11,Q4,2022,Shift 2 (19:00-07:00),Pit-B (Coal Getting),SPV-010,Maintenance,First Aid,0,1,0,0,0,0,0,15,155.2,Hujan Ringan,Desain/Engineering,Pelatihan Ulang,Dalam Proses,Pit-B-Blok01,
723,2023-05-18,Thursday,5,Q2,2023,Shift 2 (19:00-07:00),Pit-B (Coal Getting),SPV-014,Survei,Near Miss,1,0,0,0,0,0,0,34,411.5,Cerah,Desain/Engineering,Perbaikan Alat,Selesai,Pit-B-Blok02,Perlu tindak lanjut
724,2023-10-19,Thursday,10,Q4,2023,Shift 1 (07:00-19:00),Pit-C (Hauling),SPV-020,Hauling,Medical Treatment,0,0,1,0,0,0,0,36,443.9,Cerah,Housekeeping Buruk,Penggantian APD,Dalam Proses,Pit-C-Blok04,
725,2024-10-11,Friday,10,Q4,2024,Shift 2 (19:00-07:00),Pit-A (Overburden),SPV-007,Loading,Medical Treatment,0,0,1,0,0,0,0,34,358.6,Berawan,Alat Pelindung Diri Tidak Sesuai,Perbaikan Desain,Belum Dimulai,Pit-A-Blok02,Menunggu spare part
726,2022-04-03,Sunday,4,Q2,2022,Shift 2 (19:00-07:00),Stockpile,SPV-003,Dozing,Near Miss,1,0,0,0,0,0,0,9,103.1,Cerah,Desain/Engineering,Revisi Prosedur,Belum Dimulai,Stockp-Blok04,Perlu tindak lanjut
727,2022-09-01,Thursday,9,Q3,2022,Shift 2 (19:00-07:00),Pit-B (Coal Getting),SPV-019,Pumping,Medical Treatment,0,0,1,0,0,0,0,41,432.9,Cerah,Kelelahan Pekerja,Revisi Prosedur,Selesai,Pit-B-Blok03,
728,2024-06-11,Tuesday,6,Q2,2024,Shift 1 (07:00-19:00),Pit-B (Coal Getting),SPV-002,Loading,First Aid,0,1,0,0,0,0,0,44,541.4,Cerah,Human Error,Pelatihan Ulang,Dalam Proses,Pit-B-Blok02,
729,2023-07-13,Thursday,7,Q3,2023,Shift 1 (07:00-19:00),Pit-C (Hauling),SPV-017,Drilling,Lost Time Injury,0,0,0,1,0,2,0,22,290.6,Cerah,Alat Pelindung Diri Tidak Sesuai,Perbaikan Desain,Dalam Proses,Pit-C-Blok02,Perlu tindak lanjut
730,2022-05-06,Friday,5,Q2,2022,Shift 1 (07:00-19:00),ROM (Run of Mine),SPV-005,Loading,First Aid,0,1,0,0,0,0,0,25,312.1,Cerah,Kondisi Cuaca Buruk,Penggantian APD,Selesai,ROM (R-Blok03,
731,2024-04-17,Wednesday,4,Q2,2024,Shift 2 (19:00-07:00),Stockpile,SPV-011,Maintenance,Lost Time Injury,0,0,0,1,0,11,0,39,466.1,Berawan,Prosedur Tidak Diikuti,Briefing Safety,Selesai,Stockp-Blok04,
732,2024-04-03,Wednesday,4,Q2,2024,Shift 2 (19:00-07:00),Office Area,SPV-002,Administrasi,Near Miss,1,0,0,0,0,0,0,15,168.9,Berkabut,Housekeeping Buruk,Briefing Safety,Selesai,Office-Blok04,Perlu tindak lanjut
733,2023-09-04,Monday,9,Q3,2023,Shift 2 (19:00-07:00),Pit-A (Overburden),SPV-008,Hauling,First Aid,0,1,0,0,0,0,0,27,282.2,Berawan,Desain/Engineering,Perbaikan Desain,Selesai,Pit-A-Blok02,
734,2023-08-24,Thursday,8,Q3,2023,Shift 2 (19:00-07:00),Stockpile,SPV-020,Pengawasan,Near Miss,1,0,0,0,0,0,0,8,92,Cerah,Kelelahan Pekerja,Penggantian APD,Selesai,Stockp-Blok05,
735,2023-10-07,Saturday,10,Q4,2023,Shift 2 (19:00-07:00),Pit-A (Overburden),SPV-002,Dozing,Near Miss,1,0,0,0,0,0,0,15,175.1,Berkabut,Alat Pelindung Diri Tidak Sesuai,Pelatihan Ulang,Selesai,Pit-A-Blok04,Investigasi selesai
736,2022-05-25,Wednesday,5,Q2,2022,Shift 1 (07:00-19:00),Workshop,SPV-011,Fueling,Near Miss,1,0,0,0,0,0,0,32,401.5,Cerah,Komunikasi Buruk,Perbaikan Desain,Belum Dimulai,Worksh-Blok02,Investigasi selesai
737,2023-02-27,Monday,2,Q1,2023,Shift 1 (07:00-19:00),Pit-B (Coal Getting),SPV-009,Maintenance,Near Miss,1,0,0,0,0,0,0,25,249.4,Hujan Ringan,Human Error,Investigasi Lanjut,Selesai,Pit-B-Blok05,
738,2024-08-30,Friday,8,Q3,2024,Shift 2 (19:00-07:00),Office Area,SPV-001,Blasting,Near Miss,1,0,0,0,0,0,0,29,319.4,Berawan,Alat Pelindung Diri Tidak Sesuai,Penggantian APD,Selesai,Office-Blok03,Investigasi selesai
739,2022-09-22,Thursday,9,Q3,2022,Shift 1 (07:00-19:00),Pit-A (Overburden),SPV-009,Hauling,Medical Treatment,0,0,1,0,0,0,0,42,419.5,Hujan Lebat,Human Error,Revisi Prosedur,Selesai,Pit-A-Blok05,
740,2024-09-04,Wednesday,9,Q3,2024,Shift 1 (07:00-19:00),Pit-A (Overburden),SPV-012,Pengawasan,Medical Treatment,0,0,1,0,0,0,0,34,373,Cerah,Prosedur Tidak Diikuti,Briefing Safety,Selesai,Pit-A-Blok03,Sudah dilaporkan ke HSE Manager
741,2024-01-12,Friday,1,Q1,2024,Shift 1 (07:00-19:00),Stockpile,SPV-019,Maintenance,First Aid,0,1,0,0,0,0,0,15,153.8,Cerah,Desain/Engineering,Revisi Prosedur,Belum Dimulai,Stockp-Blok04,
742,2023-09-13,Wednesday,9,Q3,2023,Shift 2 (19:00-07:00),Workshop,SPV-019,Administrasi,Near Miss,1,0,0,0,0,0,0,43,566.5,Berawan,Peralatan Rusak,Perbaikan Alat,Dalam Proses,Worksh-Blok03,Investigasi selesai
743,2024-08-02,Friday,8,Q3,2024,Shift 2 (19:00-07:00),Stockpile,SPV-017,Pengawasan,Near Miss,1,0,0,0,0,0,0,33,363.6,Cerah,Peralatan Rusak,Perbaikan Desain,Dalam Proses,Stockp-Blok03,
744,2023-09-20,Wednesday,9,Q3,2023,Shift 1 (07:00-19:00),Office Area,SPV-003,Grading,Property Damage,0,0,0,0,0,0,1,26,285.6,Hujan Ringan,Desain/Engineering,Investigasi Lanjut,Dalam Proses,Office-Blok02,
745,2023-08-31,Thursday,8,Q3,2023,Shift 1 (07:00-19:00),Workshop,SPV-005,Pengawasan,Near Miss,1,0,0,0,0,0,0,37,477.1,Berawan,Desain/Engineering,Perbaikan Alat,Selesai,Worksh-Blok03,Menunggu spare part
746,2023-03-14,Tuesday,3,Q1,2023,Shift 1 (07:00-19:00),Pit-B (Coal Getting),SPV-001,Administrasi,Property Damage,0,0,0,0,0,0,1,36,445.7,Hujan Ringan,Human Error,Investigasi Lanjut,Selesai,Pit-B-Blok03,
747,2023-05-30,Tuesday,5,Q2,2023,Shift 1 (07:00-19:00),Pit-A (Overburden),SPV-018,Maintenance,Near Miss,1,0,0,0,0,0,0,15,169,Hujan Ringan,Prosedur Tidak Diikuti,Briefing Safety,Selesai,Pit-A-Blok03,
748,2022-03-23,Wednesday,3,Q1,2022,Shift 2 (19:00-07:00),Pit-B (Coal Getting),SPV-015,Pengawasan,Near Miss,1,0,0,0,0,0,0,30,335,Hujan Lebat,Prosedur Tidak Diikuti,Revisi Prosedur,Selesai,Pit-B-Blok03,
749,2022-03-15,Tuesday,3,Q1,2022,Shift 1 (07:00-19:00),Pit-C (Hauling),SPV-013,Administrasi,Near Miss,1,0,0,0,0,0,0,17,191.7,Cerah,Komunikasi Buruk,Revisi Prosedur,Overdue,Pit-C-Blok05,Investigasi selesai
750,2024-02-28,Wednesday,2,Q1,2024,Shift 2 (19:00-07:00),ROM (Run of Mine),SPV-018,Loading,Near Miss,1,0,0,0,0,0,0,13,146.4,Hujan Lebat,Kondisi Cuaca Buruk,Perbaikan Alat,Selesai,ROM (R-Blok03,Menunggu spare part
751,2023-07-25,Tuesday,7,Q3,2023,Shift 2 (19:00-07:00),Pit-B (Coal Getting),SPV-002,Dozing,Medical Treatment,0,0,1,0,0,0,0,25,247.8,Berawan,Housekeeping Buruk,Investigasi Lanjut,Selesai,Pit-B-Blok01,
752,2024-06-06,Thursday,6,Q2,2024,Shift 2 (19:00-07:00),Pit-C (Hauling),SPV-003,Fueling,Property Damage,0,0,0,0,0,0,1,41,526.6,Cerah,Kondisi Cuaca Buruk,Penggantian APD,Selesai,Pit-C-Blok01,Investigasi selesai
753,2024-05-31,Friday,5,Q2,2024,Shift 2 (19:00-07:00),Pit-B (Coal Getting),SPV-010,Pumping,Medical Treatment,0,0,1,0,0,0,0,29,289.6,Berawan,Desain/Engineering,Briefing Safety,Selesai,Pit-B-Blok04,
754,2023-02-21,Tuesday,2,Q1,2023,Shift 2 (19:00-07:00),Pit-C (Hauling),SPV-019,Administrasi,Near Miss,1,0,0,0,0,0,0,43,531.8,Berkabut,Komunikasi Buruk,Perbaikan Alat,Dalam Proses,Pit-C-Blok04,
755,2022-09-29,Thursday,9,Q3,2022,Shift 1 (07:00-19:00),ROM (Run of Mine),SPV-016,Administrasi,Near Miss,1,0,0,0,0,0,0,37,383.8,Cerah,Alat Pelindung Diri Tidak Sesuai,Penggantian APD,Selesai,ROM (R-Blok01,
756,2022-02-26,Saturday,2,Q1,2022,Shift 1 (07:00-19:00),Pit-A (Overburden),SPV-013,Administrasi,Lost Time Injury,0,0,0,1,0,10,0,11,137.5,Cerah,Faktor Eksternal,Perbaikan Desain,Selesai,Pit-A-Blok01,
757,2022-05-23,Monday,5,Q2,2022,Shift 2 (19:00-07:00),Drainase,SPV-003,Dozing,First Aid,0,1,0,0,0,0,0,11,112,Cerah,Housekeeping Buruk,Perbaikan Alat,Overdue,Draina-Blok05,
758,2024-03-17,Sunday,3,Q1,2024,Shift 2 (19:00-07:00),Pit-B (Coal Getting),SPV-015,Hauling,Near Miss,1,0,0,0,0,0,0,10,122.4,Cerah,Desain/Engineering,Penggantian APD,Selesai,Pit-B-Blok04,Sudah dilaporkan ke HSE Manager
759,2024-02-07,Wednesday,2,Q1,2024,Shift 1 (07:00-19:00),Drainase,SPV-007,Maintenance,Near Miss,1,0,0,0,0,0,0,12,155.6,Berawan,Housekeeping Buruk,Pelatihan Ulang,Selesai,Draina-Blok05,Menunggu spare part
760,2023-08-19,Saturday,8,Q3,2023,Shift 1 (07:00-19:00),Stockpile,SPV-003,Fueling,Environmental Spill,0,0,0,0,0,0,0,12,118.4,Hujan Lebat,Kelelahan Pekerja,Perbaikan Alat,Selesai,Stockp-Blok01,Sudah dilaporkan ke HSE Manager
761,2024-06-30,Sunday,6,Q2,2024,Shift 2 (19:00-07:00),Pit-A (Overburden),SPV-012,Maintenance,Near Miss,1,0,0,0,0,0,0,42,472.6,Berawan,Komunikasi Buruk,Revisi Prosedur,Selesai,Pit-A-Blok04,Perlu tindak lanjut
762,2022-05-08,Sunday,5,Q2,2022,Shift 2 (19:00-07:00),Pit-B (Coal Getting),SPV-007,Survei,Property Damage,0,0,0,0,0,0,1,41,481.2,Hujan Ringan,Kondisi Cuaca Buruk,Revisi Prosedur,Belum Dimulai,Pit-B-Blok05,
763,2022-09-16,Friday,9,Q3,2022,Shift 1 (07:00-19:00),Pit-B (Coal Getting),SPV-013,Maintenance,Near Miss,1,0,0,0,0,0,0,40,397,Berawan,Human Error,Penggantian APD,Selesai,Pit-B-Blok03,Sudah dilaporkan ke HSE Manager
764,2022-06-08,Wednesday,6,Q2,2022,Shift 1 (07:00-19:00),Pit-B (Coal Getting),SPV-017,Drilling,Near Miss,1,0,0,0,0,0,0,19,217.9,Hujan Ringan,Prosedur Tidak Diikuti,Penggantian APD,Overdue,Pit-B-Blok05,Perlu tindak lanjut
765,2023-08-23,Wednesday,8,Q3,2023,Shift 2 (19:00-07:00),Pit-A (Overburden),SPV-016,Grading,First Aid,0,1,0,0,0,0,0,43,455.2,Berkabut,Peralatan Rusak,Pelatihan Ulang,Dalam Proses,Pit-A-Blok01,
766,2024-10-22,Tuesday,10,Q4,2024,Shift 1 (07:00-19:00),Pit-A (Overburden),SPV-017,Hauling,Near Miss,1,0,0,0,0,0,0,22,247.6,Hujan Ringan,Housekeeping Buruk,Investigasi Lanjut,Belum Dimulai,Pit-A-Blok04,
767,2024-09-26,Thursday,9,Q3,2024,Shift 1 (07:00-19:00),Stockpile,SPV-005,Dozing,Property Damage,0,0,0,0,0,0,1,36,435.4,Cerah,Komunikasi Buruk,Penggantian APD,Selesai,Stockp-Blok04,Menunggu spare part
768,2022-03-16,Wednesday,3,Q1,2022,Shift 1 (07:00-19:00),Pit-B (Coal Getting),SPV-007,Pumping,First Aid,0,1,0,0,0,0,0,44,453.5,Berawan,Housekeeping Buruk,Investigasi Lanjut,Dalam Proses,Pit-B-Blok05,
769,2022-06-25,Saturday,6,Q2,2022,Shift 2 (19:00-07:00),Pit-C (Hauling),SPV-002,Dozing,Medical Treatment,0,0,1,0,0,0,0,18,226.8,Berawan,Komunikasi Buruk,Briefing Safety,Selesai,Pit-C-Blok02,
770,2022-07-23,Saturday,7,Q3,2022,Shift 1 (07:00-19:00),Pit-A (Overburden),SPV-015,Maintenance,Near Miss,1,0,0,0,0,0,0,29,383.2,Hujan Ringan,Prosedur Tidak Diikuti,Investigasi Lanjut,Overdue,Pit-A-Blok02,
771,2024-04-23,Tuesday,4,Q2,2024,Shift 1 (07:00-19:00),Pit-C (Hauling),SPV-015,Drilling,Medical Treatment,0,0,1,0,0,0,0,36,362.9,Hujan Ringan,Komunikasi Buruk,Briefing Safety,Belum Dimulai,Pit-C-Blok03,
772,2023-06-03,Saturday,6,Q2,2023,Shift 2 (19:00-07:00),Pit-C (Hauling),SPV-007,Administrasi,Medical Treatment,0,0,1,0,0,0,0,11,111.4,Berawan,Kelelahan Pekerja,Briefing Safety,Dalam Proses,Pit-C-Blok02,Menunggu spare part
773,2023-03-19,Sunday,3,Q1,2023,Shift 1 (07:00-19:00),Pit-C (Hauling),SPV-020,Loading,Near Miss,1,0,0,0,0,0,0,21,248.8,Cerah,Komunikasi Buruk,Briefing Safety,Selesai,Pit-C-Blok05,
774,2022-03-20,Sunday,3,Q1,2022,Shift 2 (19:00-07:00),ROM (Run of Mine),SPV-002,Loading,First Aid,0,1,0,0,0,0,0,23,244.6,Berkabut,Prosedur Tidak Diikuti,Revisi Prosedur,Selesai,ROM (R-Blok04,Menunggu spare part
775,2023-06-17,Saturday,6,Q2,2023,Shift 2 (19:00-07:00),Pit-C (Hauling),SPV-009,Survei,Near Miss,1,0,0,0,0,0,0,9,107.2,Berawan,,Penggantian APD,Overdue,Pit-C-Blok02,
776,2024-06-21,Friday,6,Q2,2024,Shift 1 (07:00-19:00),Pit-C (Hauling),SPV-007,Hauling,First Aid,0,1,0,0,0,0,0,36,356.2,Berawan,Peralatan Rusak,Briefing Safety,Selesai,Pit-C-Blok03,
777,2024-02-28,Wednesday,2,Q1,2024,Shift 2 (19:00-07:00),Pit-B (Coal Getting),SPV-014,Hauling,Near Miss,1,0,0,0,0,0,0,45,506.7,Cerah,Housekeeping Buruk,Perbaikan Desain,Selesai,Pit-B-Blok05,Menunggu spare part
778,2023-02-22,Wednesday,2,Q1,2023,Shift 2 (19:00-07:00),Pit-C (Hauling),SPV-014,Administrasi,First Aid,0,1,0,0,0,0,0,15,185.6,Cerah,Kondisi Cuaca Buruk,Perbaikan Alat,Belum Dimulai,Pit-C-Blok04,Perlu tindak lanjut
779,2023-10-27,Friday,10,Q4,2023,Shift 1 (07:00-19:00),Drainase,SPV-011,Drilling,Near Miss,1,0,0,0,0,0,0,39,486.8,Cerah,Desain/Engineering,Revisi Prosedur,Selesai,Draina-Blok03,
780,2023-02-24,Friday,2,Q1,2023,Shift 2 (19:00-07:00),Pit-B (Coal Getting),SPV-007,Maintenance,Medical Treatment,0,0,1,0,0,0,0,28,340.7,Hujan Ringan,Prosedur Tidak Diikuti,Investigasi Lanjut,Belum Dimulai,Pit-B-Blok03,Sudah dilaporkan ke HSE Manager
781,2023-03-10,Friday,3,Q1,2023,Shift 1 (07:00-19:00),Pit-C (Hauling),SPV-007,Pengawasan,Near Miss,1,0,0,0,0,0,0,11,119,Berawan,Housekeeping Buruk,Revisi Prosedur,Dalam Proses,Pit-C-Blok04,
782,2024-11-08,Friday,11,Q4,2024,Shift 1 (07:00-19:00),Pit-A (Overburden),SPV-005,Grading,Environmental Spill,0,0,0,0,0,0,0,11,122.6,Hujan Ringan,Kondisi Cuaca Buruk,Penggantian APD,Dalam Proses,Pit-A-Blok05,Menunggu spare part
783,2022-07-21,Thursday,7,Q3,2022,Shift 1 (07:00-19:00),Pit-B (Coal Getting),SPV-013,Dozing,Lost Time Injury,0,0,0,1,0,4,0,32,399.6,Cerah,Faktor Eksternal,Briefing Safety,Selesai,Pit-B-Blok04,Sudah dilaporkan ke HSE Manager
784,2023-04-30,Sunday,4,Q2,2023,Shift 2 (19:00-07:00),Pit-B (Coal Getting),SPV-006,Dozing,Near Miss,1,0,0,0,0,0,0,9,101.4,Cerah,Kelelahan Pekerja,Penggantian APD,Selesai,Pit-B-Blok05,Menunggu spare part
785,2024-07-07,Sunday,7,Q3,2024,Shift 1 (07:00-19:00),Pit-C (Hauling),SPV-003,Grading,Medical Treatment,0,0,1,0,0,0,0,29,382.7,Hujan Ringan,Komunikasi Buruk,Pelatihan Ulang,Selesai,Pit-C-Blok04,
786,2022-10-09,Sunday,10,Q4,2022,Shift 1 (07:00-19:00),Drainase,SPV-018,Grading,Property Damage,0,0,0,0,0,0,1,31,359.7,Hujan Ringan,Peralatan Rusak,Briefing Safety,Selesai,Draina-Blok03,
787,2024-09-28,Saturday,9,Q3,2024,Shift 1 (07:00-19:00),Office Area,SPV-016,Pumping,Medical Treatment,0,0,1,0,0,0,0,42,452.3,Berkabut,Peralatan Rusak,Penggantian APD,Belum Dimulai,Office-Blok04,
788,2023-12-16,Saturday,12,Q4,2023,Shift 1 (07:00-19:00),Pit-A (Overburden),SPV-001,Dozing,Near Miss,1,0,0,0,0,0,0,33,417.2,Berawan,Kelelahan Pekerja,Briefing Safety,Selesai,Pit-A-Blok03,Investigasi selesai
789,2022-11-03,Thursday,11,Q4,2022,Shift 1 (07:00-19:00),ROM (Run of Mine),SPV-004,Pumping,Medical Treatment,0,0,1,0,0,0,0,32,313.4,Berkabut,Alat Pelindung Diri Tidak Sesuai,Penggantian APD,Dalam Proses,ROM (R-Blok05,Menunggu spare part
790,2024-08-07,Wednesday,8,Q3,2024,Shift 1 (07:00-19:00),Drainase,SPV-002,Survei,Near Miss,1,0,0,0,0,0,0,44,508.4,Cerah,Kelelahan Pekerja,Perbaikan Alat,Selesai,Draina-Blok03,
791,2023-12-06,Wednesday,12,Q4,2023,Shift 1 (07:00-19:00),Pit-B (Coal Getting),SPV-001,Pengawasan,First Aid,0,1,0,0,0,0,0,25,323,Hujan Ringan,Faktor Eksternal,Pelatihan Ulang,Selesai,Pit-B-Blok04,
792,2024-03-07,Thursday,3,Q1,2024,Shift 2 (19:00-07:00),Pit-B (Coal Getting),SPV-012,Dozing,First Aid,0,1,0,0,0,0,0,20,206.6,Berawan,Human Error,Penggantian APD,Selesai,Pit-B-Blok03,Menunggu spare part
793,2022-02-22,Tuesday,2,Q1,2022,Shift 2 (19:00-07:00),Pit-B (Coal Getting),SPV-016,Drilling,Medical Treatment,0,0,1,0,0,0,0,35,424.1,Hujan Lebat,Kelelahan Pekerja,Revisi Prosedur,Selesai,Pit-B-Blok03,
794,2024-01-15,Monday,1,Q1,2024,Shift 1 (07:00-19:00),ROM (Run of Mine),SPV-002,Blasting,Near Miss,1,0,0,0,0,0,0,10,127.3,Berkabut,Housekeeping Buruk,Briefing Safety,Selesai,ROM (R-Blok01,
795,2022-04-27,Wednesday,4,Q2,2022,Shift 2 (19:00-07:00),Pit-A (Overburden),SPV-008,Loading,Near Miss,1,0,0,0,0,0,0,34,336.1,Hujan Ringan,Prosedur Tidak Diikuti,Perbaikan Alat,Dalam Proses,Pit-A-Blok02,Investigasi selesai
796,2024-09-01,Sunday,9,Q3,2024,Shift 2 (19:00-07:00),Pit-A (Overburden),SPV-014,Fueling,First Aid,0,1,0,0,0,0,0,27,349.9,Cerah,Prosedur Tidak Diikuti,Perbaikan Alat,Overdue,Pit-A-Blok04,Perlu tindak lanjut
797,2024-06-18,Tuesday,6,Q2,2024,Shift 2 (19:00-07:00),WORKSHOP,SPV-019,Maintenance,Near Miss,1,0,0,0,0,0,0,13,133.6,Cerah,Komunikasi Buruk,Investigasi Lanjut,Belum Dimulai,Worksh-Blok05,Menunggu spare part
798,2024-05-16,Thursday,5,Q2,2024,Shift 1 (07:00-19:00),Pit-B (Coal Getting),SPV-009,Fueling,Medical Treatment,0,0,1,0,0,0,0,29,287.5,Berawan,Alat Pelindung Diri Tidak Sesuai,Perbaikan Alat,Dalam Proses,Pit-B-Blok04,Menunggu spare part
799,2024-10-28,Monday,10,Q4,2024,Shift 1 (07:00-19:00),Pit-C (Hauling),SPV-002,Survei,Medical Treatment,0,0,1,0,0,0,0,20,215,Berawan,Prosedur Tidak Diikuti,Revisi Prosedur,Dalam Proses,Pit-C-Blok02,Sudah dilaporkan ke HSE Manager
800,2022-12-21,Wednesday,12,Q4,2022,Shift 2 (19:00-07:00),Pit-A (Overburden),SPV-010,Pengawasan,First Aid,0,1,0,0,0,0,0,9,101.3,Berawan,Desain/Engineering,Investigasi Lanjut,Selesai,Pit-A-Blok04,
801,2023-02-04,Saturday,2,Q1,2023,Shift 1 (07:00-19:00),Drainase,SPV-018,Survei,First Aid,0,1,0,0,0,0,0,33,387,Hujan Ringan,Prosedur Tidak Diikuti,Investigasi Lanjut,Dalam Proses,Draina-Blok03,Investigasi selesai
802,2023-06-07,Wednesday,6,Q2,2023,Shift 1 (07:00-19:00),Pit-A (Overburden),SPV-001,Hauling,Property Damage,0,0,0,0,0,0,1,30,375.6,Berawan,Prosedur Tidak Diikuti,Investigasi Lanjut,Selesai,Pit-A-Blok01,
803,2024-03-15,Friday,3,Q1,2024,Shift 1 (07:00-19:00),ROM (Run of Mine),SPV-014,Administrasi,Medical Treatment,0,0,1,0,0,0,0,35,356.2,Berawan,Kondisi Cuaca Buruk,Perbaikan Desain,Belum Dimulai,ROM (R-Blok03,
804,2022-06-03,Friday,6,Q2,2022,Shift 1 (07:00-19:00),Workshop,SPV-005,Loading,Near Miss,1,0,0,0,0,0,0,28,323.3,Berkabut,Kondisi Cuaca Buruk,Pelatihan Ulang,Selesai,Worksh-Blok03,Sudah dilaporkan ke HSE Manager
805,2024-12-15,Sunday,12,Q4,2024,Shift 2 (19:00-07:00),Pit-B (Coal Getting),SPV-016,Drilling,Medical Treatment,0,0,1,0,0,0,0,27,311.6,Berkabut,Faktor Eksternal,Penggantian APD,Dalam Proses,Pit-B-Blok02,Sudah dilaporkan ke HSE Manager
806,2022-08-16,Tuesday,8,Q3,2022,Shift 2 (19:00-07:00),Office Area,SPV-005,Loading,Medical Treatment,0,0,1,0,0,0,0,32,421.1,Hujan Lebat,Komunikasi Buruk,Perbaikan Desain,Belum Dimulai,Office-Blok05,Investigasi selesai
807,2024-05-24,Friday,5,Q2,2024,Shift 2 (19:00-07:00),Pit-A (Overburden),SPV-003,Maintenance,Property Damage,0,0,0,0,0,0,1,42,535.1,Cerah,Peralatan Rusak,Investigasi Lanjut,Selesai,Pit-A-Blok05,
808,2023-08-31,Thursday,8,Q3,2023,Shift 1 (07:00-19:00),Pit-B (Coal Getting),SPV-017,Fueling,Medical Treatment,0,0,1,0,0,0,0,36,428.5,Berawan,,Perbaikan Desain,Selesai,Pit-B-Blok01,Perlu tindak lanjut
809,2023-07-30,Sunday,7,Q3,2023,Shift 1 (07:00-19:00),Pit-A (Overburden),SPV-016,Loading,Near Miss,1,0,0,0,0,0,0,23,239,Cerah,Komunikasi Buruk,Perbaikan Alat,Belum Dimulai,Pit-A-Blok01,Menunggu spare part
810,2024-10-02,Wednesday,10,Q4,2024,Shift 2 (19:00-07:00),Drainase,SPV-010,Pengawasan,Near Miss,1,0,0,0,0,0,0,32,353,Berawan,Housekeeping Buruk,Pelatihan Ulang,Dalam Proses,Draina-Blok02,Investigasi selesai
811,2022-03-26,Saturday,3,Q1,2022,Shift 1 (07:00-19:00),Pit-A (Overburden),SPV-011,Fueling,Property Damage,0,0,0,0,0,0,1,39,392.5,Berawan,Peralatan Rusak,Perbaikan Desain,Selesai,Pit-A-Blok04,
812,2024-05-06,Monday,5,Q2,2024,Shift 1 (07:00-19:00),Pit-A (Overburden),SPV-004,Grading,Near Miss,1,0,0,0,0,0,0,22,288.4,Berkabut,Alat Pelindung Diri Tidak Sesuai,Penggantian APD,Selesai,Pit-A-Blok04,
813,2024-03-21,Thursday,3,Q1,2024,Shift 2 (19:00-07:00),Workshop,SPV-019,Drilling,Near Miss,1,0,0,0,0,0,0,8,102.9,Hujan Ringan,Human Error,Perbaikan Alat,Dalam Proses,Worksh-Blok05,Investigasi selesai
814,2022-02-22,Tuesday,2,Q1,2022,Shift 1 (07:00-19:00),ROM (Run of Mine),SPV-009,Administrasi,Near Miss,1,0,0,0,0,0,0,12,144.5,Cerah,Prosedur Tidak Diikuti,Investigasi Lanjut,Selesai,ROM (R-Blok04,
815,2022-04-27,Wednesday,4,Q2,2022,Shift 1 (07:00-19:00),Drainase,SPV-012,Administrasi,Near Miss,1,0,0,0,0,0,0,34,343.2,Cerah,Housekeeping Buruk,Perbaikan Desain,Dalam Proses,Draina-Blok04,Perlu tindak lanjut
816,2022-08-22,Monday,8,Q3,2022,Shift 2 (19:00-07:00),Pit-C (Hauling),SPV-003,Pumping,Environmental Spill,0,0,0,0,0,0,0,21,265.1,Cerah,Komunikasi Buruk,Perbaikan Desain,Selesai,Pit-C-Blok04,Investigasi selesai
817,2023-09-04,Monday,9,Q3,2023,Shift 2 (19:00-07:00),Pit-B (Coal Getting),SPV-001,Pengawasan,Near Miss,1,0,0,0,0,0,0,20,201.1,Cerah,Human Error,Investigasi Lanjut,Selesai,Pit-B-Blok03,Menunggu spare part
818,2024-08-03,Saturday,8,Q3,2024,Shift 1 (07:00-19:00),Pit-A (Overburden),SPV-005,Grading,First Aid,0,1,0,0,0,0,0,29,351.1,Berawan,Peralatan Rusak,Briefing Safety,Selesai,Pit-A-Blok02,Perlu tindak lanjut
819,2023-11-03,Friday,11,Q4,2023,Shift 2 (19:00-07:00),Pit-A (Overburden),SPV-016,Grading,Near Miss,1,0,0,0,0,0,0,16,186.9,Hujan Ringan,Peralatan Rusak,Pelatihan Ulang,Overdue,Pit-A-Blok04,Menunggu spare part
820,2024-07-19,Friday,7,Q3,2024,Shift 2 (19:00-07:00),Workshop,SPV-016,Dozing,Near Miss,1,0,0,0,0,0,0,42,458.5,Cerah,Faktor Eksternal,Briefing Safety,Dalam Proses,Worksh-Blok04,
821,2022-04-24,Sunday,4,Q2,2022,Shift 1 (07:00-19:00),Pit-C (Hauling),SPV-005,Pumping,First Aid,0,1,0,0,0,0,0,14,156.8,Berawan,Komunikasi Buruk,Briefing Safety,Selesai,Pit-C-Blok02,
822,2024-06-21,Friday,6,Q2,2024,Shift 2 (19:00-07:00),Office Area,SPV-012,Survei,Lost Time Injury,0,0,0,1,0,10,0,36,356.7,Cerah,Komunikasi Buruk,Briefing Safety,Dalam Proses,Office-Blok02,
823,2022-04-17,Sunday,4,Q2,2022,Shift 2 (19:00-07:00),Pit-B (Coal Getting),SPV-017,Pengawasan,Lost Time Injury,0,0,0,1,0,2,0,24,9999,Berawan,Peralatan Rusak,Perbaikan Alat,Selesai,Pit-B-Blok03,
824,2022-06-01,Wednesday,6,Q2,2022,Shift 1 (07:00-19:00),Pit-C (Hauling),SPV-009,Loading,Near Miss,1,0,0,0,0,0,0,11,142.7,Cerah,Peralatan Rusak,Penggantian APD,Selesai,Pit-C-Blok03,Perlu tindak lanjut
825,2023-06-19,Monday,6,Q2,2023,Shift 2 (19:00-07:00),Drainase,SPV-007,Blasting,Near Miss,1,0,0,0,0,0,0,39,450.9,Cerah,Prosedur Tidak Diikuti,Briefing Safety,Dalam Proses,Draina-Blok05,
826,2022-09-02,Friday,9,Q3,2022,Shift 1 (07:00-19:00),Pit-A (Overburden),SPV-009,Pengawasan,Near Miss,1,0,0,0,0,0,0,21,240.3,Cerah,Komunikasi Buruk,Perbaikan Alat,Selesai,Pit-A-Blok03,
827,2023-02-26,Sunday,2,Q1,2023,Shift 1 (07:00-19:00),Pit-B (Coal Getting),SPV-014,Survei,First Aid,0,1,0,0,0,0,0,29,360.5,Berawan,Faktor Eksternal,Penggantian APD,Selesai,Pit-B-Blok03,
828,2023-12-28,Thursday,12,Q4,2023,Shift 1 (07:00-19:00),Pit-B (Coal Getting),SPV-014,Loading,Medical Treatment,0,0,1,0,0,0,0,37,470.2,Hujan Ringan,Human Error,Penggantian APD,Selesai,Pit-B-Blok05,
829,2022-09-13,Tuesday,9,Q3,2022,Shift 2 (19:00-07:00),Drainase,SPV-007,Administrasi,First Aid,0,1,0,0,0,0,0,8,83.2,Berawan,Desain/Engineering,Penggantian APD,Selesai,Draina-Blok01,Investigasi selesai
830,2023-08-18,Friday,8,Q3,2023,Shift 1 (07:00-19:00),Drainase,SPV-009,Administrasi,Near Miss,1,0,0,0,0,0,0,36,403.3,Cerah,Kelelahan Pekerja,Penggantian APD,Selesai,Draina-Blok03,
831,2024-05-19,Sunday,5,Q2,2024,Shift 2 (19:00-07:00),ROM (Run of Mine),SPV-013,Blasting,Near Miss,1,0,0,0,0,0,0,25,312.9,Cerah,Kondisi Cuaca Buruk,Pelatihan Ulang,Selesai,ROM (R-Blok05,Sudah dilaporkan ke HSE Manager
832,2023-03-03,Friday,3,Q1,2023,Shift 2 (19:00-07:00),Pit-C (Hauling),SPV-007,Blasting,Property Damage,0,0,0,0,0,0,1,30,338.4,Berawan,Alat Pelindung Diri Tidak Sesuai,Perbaikan Desain,Belum Dimulai,Pit-C-Blok01,Sudah dilaporkan ke HSE Manager
833,2022-04-29,Friday,4,Q2,2022,Shift 2 (19:00-07:00),Pit-C (Hauling),SPV-013,Blasting,Medical Treatment,0,0,1,0,0,0,0,29,366.1,Cerah,Komunikasi Buruk,Perbaikan Desain,Dalam Proses,Pit-C-Blok04,Menunggu spare part
834,2023-09-02,Saturday,9,Q3,2023,Shift 2 (19:00-07:00),Pit-A (Overburden),SPV-019,Survei,First Aid,0,1,0,0,0,0,0,20,253.1,Cerah,Faktor Eksternal,Investigasi Lanjut,Dalam Proses,Pit-A-Blok01,Sudah dilaporkan ke HSE Manager
835,2023-03-21,Tuesday,3,Q1,2023,Shift 1 (07:00-19:00),Stockpile,SPV-014,Fueling,Medical Treatment,0,0,1,0,0,0,0,28,350.1,Berawan,Housekeeping Buruk,Perbaikan Alat,Belum Dimulai,Stockp-Blok01,
836,2023-07-18,Tuesday,7,Q3,2023,Shift 1 (07:00-19:00),Pit-B (Coal Getting),SPV-018,Loading,First Aid,0,1,0,0,0,0,0,18,206,Cerah,Komunikasi Buruk,Investigasi Lanjut,Selesai,Pit-B-Blok03,
837,2023-08-29,Tuesday,8,Q3,2023,Shift 2 (19:00-07:00),Workshop,SPV-015,Fueling,Property Damage,0,0,0,0,0,0,1,16,158.6,Hujan Ringan,Desain/Engineering,Perbaikan Desain,Selesai,Worksh-Blok04,
838,2022-06-25,Saturday,6,Q2,2022,Shift 2 (19:00-07:00),Pit-B (Coal Getting),SPV-011,Maintenance,Medical Treatment,0,0,1,0,0,0,0,45,500,Hujan Ringan,Kondisi Cuaca Buruk,Perbaikan Desain,Overdue,Pit-B-Blok01,
839,2024-05-07,Tuesday,5,Q2,2024,Shift 1 (07:00-19:00),Workshop,SPV-010,Hauling,First Aid,0,1,0,0,0,0,0,20,205.1,Cerah,Alat Pelindung Diri Tidak Sesuai,Pelatihan Ulang,Selesai,Worksh-Blok05,
840,2023-08-17,Thursday,8,Q3,2023,Shift 1 (07:00-19:00),Office Area,SPV-017,Drilling,Near Miss,1,0,0,0,0,0,0,38,497.9,Cerah,Komunikasi Buruk,Investigasi Lanjut,Dalam Proses,Office-Blok01,
841,2024-04-01,Monday,4,Q2,2024,Shift 1 (07:00-19:00),Pit-C (Hauling),SPV-004,Pengawasan,Property Damage,0,0,0,0,0,0,1,29,297.5,Hujan Ringan,Kondisi Cuaca Buruk,Penggantian APD,Selesai,Pit-C-Blok05,
842,2022-03-11,Friday,3,Q1,2022,Shift 1 (07:00-19:00),ROM (Run of Mine),SPV-011,Pumping,Property Damage,0,0,0,0,0,0,1,11,137,Cerah,Komunikasi Buruk,Perbaikan Desain,Selesai,ROM (R-Blok05,
843,2022-01-31,Monday,1,Q1,2022,Shift 2 (19:00-07:00),Pit-B (Coal Getting),SPV-010,Drilling,Near Miss,1,0,0,0,0,0,0,28,363,Hujan Ringan,Faktor Eksternal,Investigasi Lanjut,Dalam Proses,Pit-B-Blok01,
844,2024-03-01,Friday,3,Q1,2024,Shift 1 (07:00-19:00),Pit-C (Hauling),SPV-006,Administrasi,Near Miss,1,0,0,0,0,0,0,9,107.9,Hujan Lebat,Komunikasi Buruk,Penggantian APD,Selesai,Pit-C-Blok01,Investigasi selesai
845,2023-12-09,Saturday,12,Q4,2023,Shift 1 (07:00-19:00),Workshop,SPV-003,Pumping,Medical Treatment,0,0,1,0,0,0,0,11,141.5,Hujan Lebat,Kondisi Cuaca Buruk,Penggantian APD,Belum Dimulai,Worksh-Blok01,Investigasi selesai
846,2023-08-03,Thursday,8,Q3,2023,Shift 2 (19:00-07:00),ROM (Run of Mine),SPV-011,Administrasi,Near Miss,1,0,0,0,0,0,0,45,476.6,Hujan Lebat,Peralatan Rusak,Penggantian APD,Dalam Proses,ROM (R-Blok01,Sudah dilaporkan ke HSE Manager
847,2022-10-30,Sunday,10,Q4,2022,Shift 1 (07:00-19:00),Drainase,SPV-014,Fueling,Medical Treatment,0,0,1,0,0,0,0,28,299.6,Hujan Ringan,Alat Pelindung Diri Tidak Sesuai,Briefing Safety,Selesai,Draina-Blok01,
848,2023-07-29,Saturday,7,Q3,2023,Shift 2 (19:00-07:00),Pit-C (Hauling),SPV-020,Loading,Medical Treatment,0,0,1,0,0,0,0,43,557,Hujan Ringan,Komunikasi Buruk,Perbaikan Desain,Dalam Proses,Pit-C-Blok01,
849,2023-02-02,Thursday,2,Q1,2023,Shift 2 (19:00-07:00),ROM (Run of Mine),SPV-010,Hauling,First Aid,0,1,0,0,0,0,0,25,321.1,Hujan Ringan,Alat Pelindung Diri Tidak Sesuai,Pelatihan Ulang,Dalam Proses,ROM (R-Blok05,Investigasi selesai
850,2022-04-07,Thursday,4,Q2,2022,Shift 2 (19:00-07:00),Pit-B (Coal Getting),SPV-019,Grading,Property Damage,0,0,0,0,0,0,1,11,110.5,Hujan Ringan,Human Error,Perbaikan Alat,Selesai,Pit-B-Blok01,
851,2024-05-23,Thursday,5,Q2,2024,Shift 2 (19:00-07:00),Pit-C (Hauling),SPV-009,Dozing,First Aid,0,1,0,0,0,0,0,35,371.3,Cerah,Peralatan Rusak,Revisi Prosedur,Dalam Proses,Pit-C-Blok05,
852,2023-01-27,Friday,1,Q1,2023,Shift 2 (19:00-07:00),ROM (Run of Mine),SPV-014,Grading,Lost Time Injury,0,0,0,1,0,14,0,12,137.5,Hujan Lebat,Kelelahan Pekerja,Pelatihan Ulang,Selesai,ROM (R-Blok04,Sudah dilaporkan ke HSE Manager
853,2023-07-16,Sunday,7,Q3,2023,Shift 1 (07:00-19:00),Stockpile,SPV-006,Dozing,Near Miss,1,0,0,0,0,0,0,25,314.9,Hujan Lebat,Human Error,Perbaikan Desain,Selesai,Stockp-Blok03,Sudah dilaporkan ke HSE Manager
854,2023-03-25,Saturday,3,Q1,2023,Shift 1 (07:00-19:00),Pit-A (Overburden),SPV-001,Blasting,Near Miss,1,0,0,0,0,0,0,24,249.5,Berkabut,Kelelahan Pekerja,Revisi Prosedur,Selesai,Pit-A-Blok02,Perlu tindak lanjut
855,2023-11-03,Friday,11,Q4,2023,Shift 2 (19:00-07:00),Pit-B (Coal Getting),SPV-009,Fueling,Near Miss,1,0,0,0,0,0,0,11,111.1,Berawan,Alat Pelindung Diri Tidak Sesuai,Investigasi Lanjut,Selesai,Pit-B-Blok04,Menunggu spare part
856,2024-10-12,Saturday,10,Q4,2024,Shift 1 (07:00-19:00),Pit-B (Coal Getting),SPV-013,Survei,First Aid,0,1,0,0,0,0,0,39,410,Berawan,Peralatan Rusak,Revisi Prosedur,Selesai,Pit-B-Blok03,
857,2024-12-23,Monday,12,Q4,2024,Shift 1 (07:00-19:00),Pit-B (Coal Getting),SPV-003,Blasting,Lost Time Injury,0,0,0,1,0,10,0,15,153.5,Berawan,Prosedur Tidak Diikuti,Pelatihan Ulang,Overdue,Pit-B-Blok05,Menunggu spare part
858,2023-06-18,Sunday,6,Q2,2023,Shift 2 (19:00-07:00),Pit-B (Coal Getting),SPV-007,Blasting,First Aid,0,1,0,0,0,0,0,8,91.2,Berawan,Housekeeping Buruk,Investigasi Lanjut,Selesai,Pit-B-Blok02,
859,2022-12-08,Thursday,12,Q4,2022,Shift 1 (07:00-19:00),Pit-B (Coal Getting),SPV-001,Pumping,Near Miss,1,0,0,0,0,0,0,9,110.7,Berawan,Alat Pelindung Diri Tidak Sesuai,Perbaikan Desain,Selesai,Pit-B-Blok04,
860,2023-12-09,Saturday,12,Q4,2023,Shift 1 (07:00-19:00),Pit-C (Hauling),SPV-009,Hauling,Lost Time Injury,0,0,0,1,0,9,0,13,150.8,Cerah,Prosedur Tidak Diikuti,Investigasi Lanjut,Overdue,Pit-C-Blok02,Sudah dilaporkan ke HSE Manager
861,2022-06-06,Monday,6,Q2,2022,Shift 2 (19:00-07:00),Drainase,SPV-002,Grading,Near Miss,1,0,0,0,0,0,0,24,284.8,Cerah,Komunikasi Buruk,Investigasi Lanjut,Belum Dimulai,Draina-Blok03,Menunggu spare part
862,2024-01-21,Sunday,1,Q1,2024,Shift 1 (07:00-19:00),Pit-B (Coal Getting),SPV-018,Administrasi,Near Miss,1,0,0,0,0,0,0,9,109.4,Hujan Ringan,Kelelahan Pekerja,Investigasi Lanjut,Selesai,Pit-B-Blok01,
863,2024-01-03,Wednesday,1,Q1,2024,Shift 1 (07:00-19:00),Pit-C (Hauling),SPV-011,Drilling,Near Miss,1,0,0,0,0,0,0,45,509.9,Berawan,Peralatan Rusak,Perbaikan Alat,Selesai,Pit-C-Blok05,Investigasi selesai
864,2023-12-18,Monday,12,Q4,2023,Shift 2 (19:00-07:00),Workshop,SPV-006,Hauling,First Aid,0,1,0,0,0,0,0,29,343.4,Cerah,Human Error,Pelatihan Ulang,Selesai,Worksh-Blok04,Perlu tindak lanjut
865,2022-05-03,Tuesday,5,Q2,2022,Shift 1 (07:00-19:00),Office Area,SPV-011,Maintenance,Near Miss,1,0,0,0,0,0,0,38,397.3,Berawan,Kelelahan Pekerja,Revisi Prosedur,Selesai,Office-Blok04,
866,2022-08-31,Wednesday,8,Q3,2022,Shift 2 (19:00-07:00),Pit-A (Overburden),SPV-013,Drilling,Near Miss,1,0,0,0,0,0,0,28,370.1,Cerah,Prosedur Tidak Diikuti,Penggantian APD,Overdue,Pit-A-Blok04,Investigasi selesai
867,2023-11-30,Thursday,11,Q4,2023,Shift 2 (19:00-07:00),Pit-B (Coal Getting),SPV-014,Fueling,First Aid,0,1,0,1,0,0,0,0,545.6,Berawan,Prosedur Tidak Diikuti,Briefing Safety,Belum Dimulai,Pit-B-Blok04,
868,2022-11-02,Wednesday,11,Q4,2022,Shift 2 (19:00-07:00),Workshop,SPV-010,Grading,Near Miss,1,0,0,0,0,0,0,26,256.2,Cerah,Kelelahan Pekerja,Perbaikan Desain,Selesai,Worksh-Blok05,Menunggu spare part
869,2022-02-16,Wednesday,2,Q1,2022,Shift 2 (19:00-07:00),Pit-A (Overburden),SPV-003,Fueling,Near Miss,1,0,0,0,0,0,0,42,539.7,Berkabut,Peralatan Rusak,Perbaikan Alat,Selesai,Pit-A-Blok01,
870,2023-12-21,Thursday,12,Q4,2023,Shift 1 (07:00-19:00),Office Area,SPV-008,Loading,Property Damage,0,0,0,0,0,0,1,12,149.7,Berawan,Peralatan Rusak,Revisi Prosedur,Dalam Proses,Office-Blok01,
871,2023-07-21,Friday,7,Q3,2023,Shift 2 (19:00-07:00),Drainase,SPV-005,Pengawasan,First Aid,0,1,0,0,0,0,0,11,112.4,Cerah,Peralatan Rusak,Pelatihan Ulang,Selesai,Draina-Blok05,
872,2022-12-23,Friday,12,Q4,2022,Shift 2 (19:00-07:00),Pit-A (Overburden),SPV-011,Blasting,Near Miss,1,0,0,0,0,0,0,39,439.6,Berawan,Housekeeping Buruk,Perbaikan Desain,Overdue,Pit-A-Blok05,Sudah dilaporkan ke HSE Manager
873,2022-10-27,Thursday,10,Q4,2022,Shift 2 (19:00-07:00),ROM (Run of Mine),SPV-009,Grading,Property Damage,0,0,0,0,0,0,1,29,318,Cerah,Human Error,Perbaikan Desain,Dalam Proses,ROM (R-Blok05,Investigasi selesai
874,2023-03-16,Thursday,3,Q1,2023,Shift 1 (07:00-19:00),Office Area,SPV-005,Loading,Property Damage,0,0,0,0,0,0,1,11,111.9,Cerah,Human Error,Investigasi Lanjut,Selesai,Office-Blok04,Investigasi selesai
875,2024-06-24,Monday,6,Q2,2024,Shift 2 (19:00-07:00),Pit-C (Hauling),SPV-019,Pengawasan,Near Miss,1,0,0,0,0,0,0,14,177.3,Hujan Ringan,Housekeeping Buruk,Perbaikan Desain,Belum Dimulai,Pit-C-Blok04,
876,2022-08-05,Friday,8,Q3,2022,Shift 2 (19:00-07:00),Office Area,SPV-007,Pumping,Near Miss,1,0,0,0,0,0,0,29,306.4,Cerah,Komunikasi Buruk,Briefing Safety,Dalam Proses,Office-Blok03,Menunggu spare part
877,2023-08-08,Tuesday,8,Q3,2023,Shift 1 (07:00-19:00),Drainase,SPV-016,Pumping,Property Damage,0,0,0,0,0,0,1,18,179.5,Hujan Lebat,Peralatan Rusak,Penggantian APD,Selesai,Draina-Blok02,
878,2023-07-25,Tuesday,7,Q3,2023,Shift 1 (07:00-19:00),Drainase,SPV-007,Hauling,First Aid,0,1,0,0,0,0,0,27,319.5,Cerah,Kondisi Cuaca Buruk,Penggantian APD,Selesai,Draina-Blok03,
879,2024-04-16,Tuesday,4,Q2,2024,Shift 2 (19:00-07:00),Pit-A (Overburden),SPV-003,Grading,Medical Treatment,0,0,1,0,0,0,0,42,453.8,Berawan,Desain/Engineering,Revisi Prosedur,Dalam Proses,Pit-A-Blok02,Menunggu spare part
880,2022-09-16,Friday,9,Q3,2022,Shift 1 (07:00-19:00),Pit-C (Hauling),SPV-017,Survei,Property Damage,0,0,0,0,0,0,1,13,155,Berawan,Kondisi Cuaca Buruk,Investigasi Lanjut,Selesai,Pit-C-Blok04,
881,2024-09-05,Thursday,9,Q3,2024,Shift 1 (07:00-19:00),Workshop,SPV-012,Fueling,First Aid,0,1,0,0,0,0,0,20,198.3,Cerah,Desain/Engineering,Pelatihan Ulang,Selesai,Worksh-Blok01,Sudah dilaporkan ke HSE Manager
882,2022-03-20,Sunday,3,Q1,2022,Shift 1 (07:00-19:00),Pit-C (Hauling),SPV-019,Hauling,Lost Time Injury,0,0,0,1,0,12,0,12,127.4,Berawan,Alat Pelindung Diri Tidak Sesuai,Perbaikan Desain,Selesai,Pit-C-Blok02,Sudah dilaporkan ke HSE Manager
883,2023-10-25,Wednesday,10,Q4,2023,Shift 2 (19:00-07:00),Drainase,SPV-002,Blasting,Medical Treatment,0,0,1,0,0,0,0,35,457.2,Hujan Lebat,Peralatan Rusak,Briefing Safety,Belum Dimulai,Draina-Blok01,
884,2024-01-31,Wednesday,1,Q1,2024,Shift 2 (19:00-07:00),Pit-B (Coal Getting),SPV-016,Fueling,Near Miss,1,0,0,0,0,0,0,30,371.5,Cerah,Desain/Engineering,Revisi Prosedur,Belum Dimulai,Pit-B-Blok04,Menunggu spare part
885,2023-05-03,Wednesday,5,Q2,2023,Shift 1 (07:00-19:00),Pit-B (Coal Getting),SPV-016,Loading,First Aid,0,1,0,0,0,0,0,35,370.1,Hujan Ringan,Alat Pelindung Diri Tidak Sesuai,Penggantian APD,Belum Dimulai,Pit-B-Blok03,Investigasi selesai
886,2023-06-03,Saturday,6,Q2,2023,Shift 1 (07:00-19:00),Pit-B (Coal Getting),SPV-020,Loading,Near Miss,1,0,0,0,0,0,0,26,298.8,Berkabut,Desain/Engineering,Investigasi Lanjut,Selesai,Pit-B-Blok03,Perlu tindak lanjut
887,2023-10-16,Monday,10,Q4,2023,Shift 1 (07:00-19:00),Workshop,SPV-010,Survei,Near Miss,1,0,0,0,0,0,0,44,450.6,Berkabut,Komunikasi Buruk,Briefing Safety,Dalam Proses,Worksh-Blok03,Menunggu spare part
888,2024-08-25,Sunday,8,Q3,2024,Shift 1 (07:00-19:00),Workshop,SPV-014,Grading,Lost Time Injury,0,0,0,1,1,10,0,14,141.4,Berkabut,Kelelahan Pekerja,Briefing Safety,Selesai,Worksh-Blok02,Sudah dilaporkan ke HSE Manager
889,2024-12-23,Monday,12,Q4,2024,Shift 2 (19:00-07:00),Drainase,SPV-012,Blasting,Near Miss,1,0,0,0,0,0,0,23,235.9,Cerah,Alat Pelindung Diri Tidak Sesuai,Penggantian APD,Belum Dimulai,Draina-Blok01,
890,2024-05-28,Tuesday,5,Q2,2024,Shift 2 (19:00-07:00),Pit-A (Overburden),SPV-016,Pengawasan,Near Miss,1,0,0,0,0,0,0,20,226.9,Cerah,Prosedur Tidak Diikuti,Pelatihan Ulang,Selesai,Pit-A-Blok03,Sudah dilaporkan ke HSE Manager
891,2022-07-28,Thursday,7,Q3,2022,Shift 1 (07:00-19:00),Workshop,SPV-010,Fueling,Near Miss,1,0,0,0,0,0,0,26,291.7,Cerah,Alat Pelindung Diri Tidak Sesuai,Revisi Prosedur,Selesai,Worksh-Blok02,
892,2023-08-09,Wednesday,8,Q3,2023,Shift 1 (07:00-19:00),,SPV-004,Fueling,Near Miss,1,0,0,1,0,0,0,9,105.4,Cerah,Housekeeping Buruk,Investigasi Lanjut,Selesai,Pit-C-Blok03,
893,2023-03-05,Sunday,3,Q1,2023,Shift 1 (07:00-19:00),wrkshop,SPV-012,Maintenance,First Aid,0,1,0,0,0,0,0,37,456.9,Hujan Ringan,Faktor Eksternal,Revisi Prosedur,Dalam Proses,Office-Blok05,Investigasi selesai
894,2023-10-28,Saturday,10,Q4,2023,Shift 2 (19:00-07:00),Pit-A (Overburden),SPV-002,Fueling,First Aid,0,1,0,0,0,0,0,39,459.9,Hujan Lebat,Peralatan Rusak,Penggantian APD,Overdue,Pit-A-Blok02,Sudah dilaporkan ke HSE Manager
895,2023-10-27,Friday,10,Q4,2023,Shift 1 (07:00-19:00),Pit-A (Overburden),SPV-007,Hauling,First Aid,0,1,0,0,0,0,0,34,395,Hujan Ringan,Desain/Engineering,Perbaikan Desain,Dalam Proses,Pit-A-Blok04,
896,2024-07-18,Thursday,7,Q3,2024,Shift 1 (07:00-19:00),Pit-C (Hauling),SPV-003,Pumping,Lost Time Injury,0,0,0,1,0,5,0,27,322.4,Hujan Ringan,Housekeeping Buruk,Investigasi Lanjut,Dalam Proses,Pit-C-Blok01,
897,2022-09-04,Sunday,9,Q3,2022,Shift 2 (19:00-07:00),Pit-B (Coal Getting),SPV-004,Loading,Medical Treatment,0,0,1,0,0,0,0,27,271,Berawan,Peralatan Rusak,Perbaikan Alat,Dalam Proses,Pit-B-Blok04,Menunggu spare part
898,2023-05-08,Monday,5,Q2,2023,Shift 2 (19:00-07:00),Pit-C (Hauling),SPV-020,Dozing,Lost Time Injury,0,0,0,1,0,6,0,21,277.7,Berkabut,Kelelahan Pekerja,Pelatihan Ulang,Selesai,Pit-C-Blok03,Perlu tindak lanjut
899,2022-08-18,Thursday,8,Q3,2022,Shift 2 (19:00-07:00),Drainase,SPV-004,Survei,First Aid,0,1,0,0,0,0,0,26,270.3,Cerah,Kondisi Cuaca Buruk,Revisi Prosedur,Selesai,Draina-Blok04,Perlu tindak lanjut
900,2022-03-06,Sunday,3,Q1,2022,Shift 1 (07:00-19:00),Pit-B (Coal Getting),SPV-016,Blasting,First Aid,0,1,0,0,0,0,0,28,317.8,Cerah,Desain/Engineering,Briefing Safety,Dalam Proses,Pit-B-Blok02,
901,2024-01-17,Wednesday,1,Q1,2024,Shift 1 (07:00-19:00),Pit-C (Hauling),SPV-003,Fueling,Near Miss,1,0,0,0,0,0,0,30,311.9,Berkabut,Komunikasi Buruk,Penggantian APD,Dalam Proses,Pit-C-Blok05,
902,2022-06-08,Wednesday,6,Q2,2022,Shift 2 (19:00-07:00),ROM (Run of Mine),SPV-019,Administrasi,First Aid,0,1,0,0,0,0,0,44,435.4,Berawan,Prosedur Tidak Diikuti,Pelatihan Ulang,Overdue,ROM (R-Blok02,Menunggu spare part
903,2023-06-03,Saturday,6,Q2,2023,Shift 2 (19:00-07:00),Pit-C (Hauling),SPV-004,Administrasi,Property Damage,0,0,0,0,0,0,1,20,248.2,Hujan Lebat,Housekeeping Buruk,Pelatihan Ulang,Belum Dimulai,Pit-C-Blok02,Perlu tindak lanjut
904,2022-10-25,Tuesday,10,Q4,2022,Shift 2 (19:00-07:00),Pit-A (Overburden),SPV-002,Pumping,Near Miss,1,0,0,0,0,0,0,18,214.1,Cerah,Housekeeping Buruk,Revisi Prosedur,Overdue,Pit-A-Blok02,Menunggu spare part
905,2023-03-19,Sunday,3,Q1,2023,Shift 2 (19:00-07:00),Pit-B (Coal Getting),SPV-012,Administrasi,First Aid,0,1,0,0,0,0,0,36,391.7,Cerah,Housekeeping Buruk,Revisi Prosedur,Dalam Proses,Pit-B-Blok01,Sudah dilaporkan ke HSE Manager
906,2023-06-05,Monday,6,Q2,2023,Shift 1 (07:00-19:00),Pit-B (Coal Getting),SPV-007,Drilling,Near Miss,1,0,0,0,0,0,0,39,439.6,Berkabut,Human Error,Investigasi Lanjut,Dalam Proses,Pit-B-Blok01,Investigasi selesai
907,2024-10-06,Sunday,10,Q4,2024,Shift 1 (07:00-19:00),Stockpile,SPV-007,Pumping,Lost Time Injury,0,0,0,1,0,10,0,8,87.2,Hujan Ringan,Kondisi Cuaca Buruk,Investigasi Lanjut,Dalam Proses,Stockp-Blok03,
908,2022-01-11,Tuesday,1,Q1,2022,Shift 1 (07:00-19:00),Pit-A (Overburden),SPV-020,Survei,Near Miss,1,0,0,0,0,0,0,12,135.7,Berawan,Kondisi Cuaca Buruk,Perbaikan Desain,Selesai,Pit-A-Blok05,
909,2022-03-09,Wednesday,3,Q1,2022,Shift 1 (07:00-19:00),Drainase,SPV-001,Survei,Near Miss,1,0,0,0,0,0,0,39,441.3,Hujan Lebat,Prosedur Tidak Diikuti,Briefing Safety,Selesai,Draina-Blok01,Investigasi selesai
910,2023-12-27,Wednesday,12,Q4,2023,Shift 1 (07:00-19:00),Pit-A (Overburden),SPV-014,Hauling,Lost Time Injury,0,0,0,1,0,4,0,25,281.5,Cerah,Desain/Engineering,Investigasi Lanjut,Selesai,Pit-A-Blok03,Perlu tindak lanjut
911,2022-12-20,Tuesday,12,Q4,2022,Shift 2 (19:00-07:00),Pit-C (Hauling),SPV-007,Loading,First Aid,0,1,0,0,0,0,0,30,303.2,Cerah,Kelelahan Pekerja,Briefing Safety,Selesai,Pit-C-Blok04,Sudah dilaporkan ke HSE Manager
912,2023-05-18,Thursday,5,Q2,2023,Shift 2 (19:00-07:00),Workshop,SPV-012,Pengawasan,First Aid,0,1,0,0,0,0,0,9,96.1,Berawan,Komunikasi Buruk,Briefing Safety,Selesai,Worksh-Blok03,Investigasi selesai
913,2022-05-19,Thursday,5,Q2,2022,Shift 2 (19:00-07:00),ROM (Run of Mine),SPV-008,Grading,Near Miss,1,0,0,0,0,0,0,26,321.7,Cerah,Human Error,Briefing Safety,Dalam Proses,ROM (R-Blok02,Menunggu spare part
914,2023-01-07,Saturday,1,Q1,2023,Shift 1 (07:00-19:00),Drainase,SPV-014,Administrasi,First Aid,0,1,0,0,0,0,0,21,230,Berawan,Faktor Eksternal,Perbaikan Alat,Selesai,Draina-Blok05,
915,2024-06-04,Tuesday,6,Q2,2024,Shift 1 (07:00-19:00),Pit-B (Coal Getting),SPV-011,Loading,Medical Treatment,0,0,1,0,0,0,0,22,278.4,Cerah,Peralatan Rusak,Investigasi Lanjut,Overdue,Pit-B-Blok03,Perlu tindak lanjut
916,2024-11-20,Wednesday,11,Q4,2024,Shift 1 (07:00-19:00),Pit-B (Coal Getting),SPV-017,Blasting,First Aid,0,1,0,0,0,0,0,23,278.9,Berawan,Prosedur Tidak Diikuti,Pelatihan Ulang,Dalam Proses,Pit-B-Blok04,Sudah dilaporkan ke HSE Manager
917,2024-04-07,Sunday,4,Q2,2024,Shift 2 (19:00-07:00),Stockpile,SPV-019,Administrasi,First Aid,0,1,0,0,0,0,0,30,324.9,Cerah,Housekeeping Buruk,Investigasi Lanjut,Selesai,Stockp-Blok01,
918,2022-07-02,Saturday,7,Q3,2022,Shift 1 (07:00-19:00),Pit-A (Overburden),SPV-001,Hauling,Near Miss,1,0,0,0,0,0,0,34,439.7,Cerah,Alat Pelindung Diri Tidak Sesuai,Perbaikan Alat,Dalam Proses,Pit-A-Blok04,Investigasi selesai
919,2024-12-19,Thursday,12,Q4,2024,Shift 2 (19:00-07:00),Pit-C (Hauling),SPV-006,Blasting,Near Miss,1,0,0,0,0,0,0,36,394.5,Hujan Lebat,Kelelahan Pekerja,Briefing Safety,Dalam Proses,Pit-C-Blok05,
920,2023-11-12,Sunday,11,Q4,2023,Shift 2 (19:00-07:00),Pit-C (Hauling),SPV-004,Loading,First Aid,0,1,0,0,0,0,0,27,287.3,Hujan Ringan,Housekeeping Buruk,Perbaikan Alat,Selesai,Pit-C-Blok01,Investigasi selesai
921,2024-12-17,Tuesday,12,Q4,2024,Shift 1 (07:00-19:00),Pit-C (Hauling),SPV-006,Administrasi,Near Miss,1,0,0,0,0,0,0,35,373.4,Berkabut,Peralatan Rusak,Pelatihan Ulang,Dalam Proses,Pit-C-Blok03,Investigasi selesai
922,2022-09-18,Sunday,9,Q3,2022,Shift 1 (07:00-19:00),Workshop,SPV-013,Blasting,Near Miss,1,0,0,0,0,0,0,38,419.1,Hujan Ringan,Housekeeping Buruk,Briefing Safety,Selesai,Worksh-Blok03,Sudah dilaporkan ke HSE Manager
923,2023-08-10,Thursday,8,Q3,2023,Shift 2 (19:00-07:00),Pit-C (Hauling),SPV-003,Pumping,Medical Treatment,0,0,1,0,0,0,0,29,295.1,Berawan,Desain/Engineering,Penggantian APD,Selesai,Pit-C-Blok05,
924,2023-12-28,Thursday,12,Q4,2023,Shift 1 (07:00-19:00),Workshop,SPV-019,Pengawasan,Near Miss,1,0,0,0,0,0,0,30,352.3,Berawan,Desain/Engineering,Pelatihan Ulang,Overdue,Worksh-Blok05,Investigasi selesai
925,2022-05-10,Tuesday,5,Q2,2022,Shift 2 (19:00-07:00),Pit-B (Coal Getting),SPV-001,Fueling,Medical Treatment,0,0,1,0,0,0,0,26,321.2,Hujan Ringan,Human Error,Briefing Safety,Selesai,Pit-B-Blok04,
926,2022-05-27,Friday,5,Q2,2022,Shift 1 (07:00-19:00),Workshop,SPV-010,,Near Miss,1,0,0,0,0,0,0,12,139.2,Hujan Ringan,Desain/Engineering,Penggantian APD,Selesai,Worksh-Blok02,
927,2022-08-13,Saturday,8,Q3,2022,Shift 2 (19:00-07:00),Pit-A (Overburden),SPV-008,Maintenance,Lost Time Injury,0,0,0,1,0,4,0,28,361.6,Cerah,Housekeeping Buruk,Pelatihan Ulang,Selesai,Pit-A-Blok02,Perlu tindak lanjut
928,2024-05-25,Saturday,5,Q2,2024,Shift 2 (19:00-07:00),Pit-B (Coal Getting),SPV-005,Drilling,Near Miss,1,0,0,0,0,0,0,9,90.5,Cerah,Alat Pelindung Diri Tidak Sesuai,Pelatihan Ulang,Selesai,Pit-B-Blok04,Investigasi selesai
929,2023-09-26,Tuesday,9,Q3,2023,Shift 1 (07:00-19:00),Pit-C (Hauling),SPV-006,Dozing,First Aid,0,1,0,0,0,0,0,19,186.2,Hujan Lebat,Housekeeping Buruk,Pelatihan Ulang,Dalam Proses,Pit-C-Blok04,Sudah dilaporkan ke HSE Manager
930,2023-04-26,Wednesday,4,Q2,2023,Shift 2 (19:00-07:00),Pit-C (Hauling),SPV-004,Drilling,Property Damage,0,0,0,0,0,0,1,13,129.8,Berawan,Prosedur Tidak Diikuti,Pelatihan Ulang,Selesai,Pit-C-Blok01,
931,2024-10-09,Wednesday,10,Q4,2024,Shift 2 (19:00-07:00),Office Area,SPV-017,Blasting,Near Miss,1,0,0,0,0,0,0,32,372.9,Hujan Ringan,Housekeeping Buruk,Investigasi Lanjut,Dalam Proses,Office-Blok01,Sudah dilaporkan ke HSE Manager
932,2024-02-27,Tuesday,2,Q1,2024,Shift 2 (19:00-07:00),Pit-C (Hauling),SPV-020,Maintenance,First Aid,0,1,0,0,0,0,0,30,380.9,Hujan Ringan,Human Error,Perbaikan Desain,Dalam Proses,Pit-C-Blok02,
933,2022-05-07,Saturday,5,Q2,2022,Shift 1 (07:00-19:00),ROM (Run of Mine),SPV-019,Survei,Near Miss,1,0,0,0,0,0,0,11,144.6,Berawan,Human Error,Briefing Safety,Selesai,ROM (R-Blok04,Sudah dilaporkan ke HSE Manager
934,2022-04-29,Friday,4,Q2,2022,Shift 1 (07:00-19:00),Pit-A (Overburden),SPV-016,Pumping,Near Miss,1,0,0,0,0,0,0,15,192.1,Berawan,Kelelahan Pekerja,Pelatihan Ulang,Selesai,Pit-A-Blok05,Investigasi selesai
935,2022-10-12,Wednesday,10,Q4,2022,Shift 1 (07:00-19:00),Pit-B (Coal Getting),SPV-019,,Near Miss,1,0,0,0,0,0,0,15,156,Berkabut,Peralatan Rusak,Revisi Prosedur,Dalam Proses,Pit-B-Blok03,Sudah dilaporkan ke HSE Manager
936,2022-05-08,Sunday,5,Q2,2022,Shift 1 (07:00-19:00),Pit-B (Coal Getting),SPV-003,Pengawasan,Medical Treatment,0,0,1,0,0,0,0,25,280.9,Cerah,Peralatan Rusak,Penggantian APD,Selesai,Pit-B-Blok04,
937,2022-09-13,Tuesday,9,Q3,2022,Shift 1 (07:00-19:00),Pit-A (Overburden),SPV-013,Survei,Medical Treatment,0,0,1,0,0,0,0,26,276.7,Cerah,Housekeeping Buruk,Briefing Safety,Dalam Proses,Pit-A-Blok02,Sudah dilaporkan ke HSE Manager
938,2024-06-28,Friday,6,Q2,2024,Shift 2 (19:00-07:00),Workshop,SPV-012,Survei,Medical Treatment,0,0,1,0,0,0,0,43,460.5,Cerah,Kondisi Cuaca Buruk,Revisi Prosedur,Dalam Proses,Worksh-Blok05,Menunggu spare part
939,2023-01-08,Sunday,1,Q1,2023,Shift 2 (19:00-07:00),Workshop,SPV-002,Drilling,Near Miss,1,0,0,0,0,0,0,34,359.6,Hujan Ringan,Peralatan Rusak,Penggantian APD,Selesai,Worksh-Blok03,Perlu tindak lanjut
940,2024-07-20,Saturday,7,Q3,2024,Shift 2 (19:00-07:00),Pit-A (Overburden),SPV-011,Dozing,Near Miss,1,0,0,0,0,0,0,37,387.4,Hujan Ringan,Kelelahan Pekerja,Perbaikan Desain,Dalam Proses,Pit-A-Blok01,Investigasi selesai
941,2024-05-30,Thursday,5,Q2,2024,Shift 1 (07:00-19:00),Stockpile,SPV-013,Loading,First Aid,0,1,0,0,0,0,0,24,260.3,Cerah,Kondisi Cuaca Buruk,Investigasi Lanjut,Selesai,Stockp-Blok05,Sudah dilaporkan ke HSE Manager
942,2024-07-26,Friday,7,Q3,2024,Shift 1 (07:00-19:00),Pit-C (Hauling),SPV-018,Maintenance,Medical Treatment,0,0,1,0,0,0,0,10,97.9,Berawan,Housekeeping Buruk,Briefing Safety,Dalam Proses,Pit-C-Blok01,
943,2023-10-25,Wednesday,10,Q4,2023,Shift 1 (07:00-19:00),Drainase,SPV-012,Maintenance,Near Miss,1,0,0,0,0,0,0,23,277.1,Cerah,Prosedur Tidak Diikuti,Briefing Safety,Selesai,Draina-Blok03,
944,2024-05-17,Friday,5,Q2,2024,Shift 1 (07:00-19:00),Stockpile,SPV-014,Grading,Property Damage,0,0,0,0,0,0,1,34,340.3,Berkabut,Kelelahan Pekerja,Pelatihan Ulang,Belum Dimulai,Stockp-Blok05,Menunggu spare part
945,2023-02-17,Friday,2,Q1,2023,Shift 2 (19:00-07:00),Pit-C (Hauling),SPV-011,Dozing,Medical Treatment,0,0,1,0,0,0,0,36,463.1,Cerah,Faktor Eksternal,Revisi Prosedur,Selesai,Pit-C-Blok05,Sudah dilaporkan ke HSE Manager
946,2024-02-03,Saturday,2,Q1,2024,Shift 1 (07:00-19:00),ROM (Run of Mine),SPV-007,Pumping,Near Miss,1,0,0,0,0,0,0,43,458.3,Cerah,Housekeeping Buruk,Pelatihan Ulang,Selesai,ROM (R-Blok04,
947,2022-05-05,Thursday,5,Q2,2022,Shift 1 (07:00-19:00),Office Area,SPV-004,Administrasi,Near Miss,1,0,0,0,0,0,0,12,153.5,Hujan Ringan,Alat Pelindung Diri Tidak Sesuai,Investigasi Lanjut,Belum Dimulai,Office-Blok01,Menunggu spare part
948,2023-10-18,Wednesday,10,Q4,2023,Shift 2 (19:00-07:00),Pit-B (Coal Getting),SPV-015,Pengawasan,Near Miss,1,0,0,0,0,0,0,20,200.2,Cerah,Faktor Eksternal,Perbaikan Alat,Selesai,Pit-B-Blok01,
949,2023-01-09,Monday,1,Q1,2023,Shift 1 (07:00-19:00),ROM (Run of Mine),SPV-002,Loading,Near Miss,1,0,0,0,0,0,0,8,81.5,Hujan Lebat,Faktor Eksternal,Perbaikan Alat,Dalam Proses,ROM (R-Blok05,Perlu tindak lanjut
950,2023-03-31,Friday,3,Q1,2023,Shift 1 (07:00-19:00),Pit-A (Overburden),SPV-009,Dozing,Lost Time Injury,0,0,0,1,0,10,0,28,314.7,Cerah,Human Error,Pelatihan Ulang,Selesai,Pit-A-Blok04,Menunggu spare part
951,2023-09-08,Friday,9,Q3,2023,Shift 1 (07:00-19:00),Workshop,SPV-019,Administrasi,Near Miss,1,0,0,0,0,0,0,27,308.1,Hujan Lebat,Housekeeping Buruk,Penggantian APD,Dalam Proses,Worksh-Blok01,Sudah dilaporkan ke HSE Manager
952,2024-01-07,Sunday,1,Q1,2024,Shift 1 (07:00-19:00),Workshop,SPV-007,Loading,Near Miss,1,0,0,0,0,0,0,41,511.8,Berkabut,Peralatan Rusak,Pelatihan Ulang,Selesai,Worksh-Blok05,Menunggu spare part
953,2022-01-07,Friday,1,Q1,2022,Shift 1 (07:00-19:00),Pit-A (Overburden),SPV-006,Survei,Near Miss,1,0,0,0,0,0,0,24,274.2,Cerah,Desain/Engineering,Revisi Prosedur,Selesai,Pit-A-Blok05,
954,2022-12-26,Monday,12,Q4,2022,Shift 1 (07:00-19:00),Pit-B (Coal Getting),SPV-005,Drilling,Near Miss,1,0,0,0,0,0,0,27,287.6,Berawan,Kondisi Cuaca Buruk,Perbaikan Desain,Belum Dimulai,Pit-B-Blok01,Menunggu spare part
955,2023-04-24,Monday,4,Q2,2023,Shift 2 (19:00-07:00),Workshop,SPV-006,Fueling,Lost Time Injury,0,0,0,1,0,9,0,45,586.5,Cerah,Peralatan Rusak,Briefing Safety,Selesai,Worksh-Blok04,Sudah dilaporkan ke HSE Manager
956,2022-11-26,Saturday,11,Q4,2022,Shift 2 (19:00-07:00),Pit-A (Overburden),SPV-009,Survei,Lost Time Injury,0,0,0,1,0,10,0,30,303.7,Cerah,Housekeeping Buruk,Pelatihan Ulang,Belum Dimulai,Pit-A-Blok01,
957,2023-10-31,Tuesday,10,Q4,2023,Shift 2 (19:00-07:00),Workshop,SPV-017,Dozing,First Aid,0,1,0,0,0,0,0,18,191.3,Berawan,Alat Pelindung Diri Tidak Sesuai,Pelatihan Ulang,Selesai,Worksh-Blok03,Perlu tindak lanjut
958,2022-07-30,Saturday,7,Q3,2022,Shift 2 (19:00-07:00),Pit-C (Hauling),SPV-006,Dozing,Lost Time Injury,0,0,0,1,0,3,0,45,514.1,Berawan,Human Error,Pelatihan Ulang,Dalam Proses,Pit-C-Blok01,Menunggu spare part
959,2024-06-14,Friday,6,Q2,2024,Shift 2 (19:00-07:00),Pit-C (Hauling),SPV-003,Hauling,First Aid,0,1,0,0,0,0,0,27,268.5,Berkabut,Desain/Engineering,Penggantian APD,Selesai,Pit-C-Blok05,Perlu tindak lanjut
960,2022-06-20,Monday,6,Q2,2022,Shift 1 (07:00-19:00),ROM (Run of Mine),SPV-016,Drilling,Near Miss,1,0,0,0,0,0,0,40,395.6,Cerah,Human Error,Perbaikan Alat,Selesai,ROM (R-Blok04,Sudah dilaporkan ke HSE Manager
961,2023-10-13,Friday,10,Q4,2023,Shift 2 (19:00-07:00),ROM (Run of Mine),SPV-001,Dozing,Medical Treatment,0,0,1,0,0,0,0,13,152.9,Hujan Lebat,Desain/Engineering,Perbaikan Desain,Selesai,ROM (R-Blok02,
962,2022-05-10,Tuesday,5,Q2,2022,Shift 1 (07:00-19:00),Workshop,SPV-011,Blasting,Near Miss,1,0,0,0,0,0,0,37,460.3,Hujan Lebat,Komunikasi Buruk,Investigasi Lanjut,Belum Dimulai,Worksh-Blok04,Sudah dilaporkan ke HSE Manager
963,2024-05-25,Saturday,5,Q2,2024,Shift 2 (19:00-07:00),ROM (Run of Mine),SPV-020,Pengawasan,Near Miss,1,0,0,0,0,0,0,37,422.8,Berawan,Komunikasi Buruk,Revisi Prosedur,Belum Dimulai,ROM (R-Blok01,Perlu tindak lanjut
964,2024-04-10,Wednesday,4,Q2,2024,Shift 1 (07:00-19:00),Pit-C (Hauling),SPV-006,Drilling,First Aid,0,1,0,0,0,0,0,21,247.7,Cerah,Peralatan Rusak,Briefing Safety,Selesai,Pit-C-Blok03,
965,2023-03-13,Monday,3,Q1,2023,Shift 1 (07:00-19:00),Pit-A (Overburden),SPV-016,Survei,Near Miss,1,0,0,0,0,0,0,22,223.9,Hujan Lebat,Human Error,Investigasi Lanjut,Selesai,Pit-A-Blok01,
966,2024-08-11,Sunday,8,Q3,2024,Shift 1 (07:00-19:00),Pit-C (Hauling),SPV-016,Fueling,Medical Treatment,0,0,1,0,0,0,0,29,361.5,Berkabut,Prosedur Tidak Diikuti,Revisi Prosedur,Selesai,Pit-C-Blok04,Menunggu spare part
967,2023-03-21,Tuesday,3,Q1,2023,Shift 2 (19:00-07:00),Pit-A (Overburden),SPV-003,Loading,First Aid,0,1,0,0,0,0,0,29,373.8,Berkabut,Prosedur Tidak Diikuti,Revisi Prosedur,Selesai,Pit-A-Blok05,Menunggu spare part
968,2023-11-02,Thursday,11,Q4,2023,Shift 1 (07:00-19:00),Workshop,SPV-011,Hauling,First Aid,0,1,0,0,0,0,0,11,126.2,Cerah,Desain/Engineering,Perbaikan Desain,Dalam Proses,Worksh-Blok04,Investigasi selesai
969,2022-06-08,Wednesday,6,Q2,2022,Shift 2 (19:00-07:00),Stockpile,SPV-020,Drilling,Near Miss,1,0,0,0,0,0,0,22,275.3,Cerah,Alat Pelindung Diri Tidak Sesuai,Perbaikan Alat,Selesai,Stockp-Blok01,
970,2023-05-28,Sunday,5,Q2,2023,Shift 1 (07:00-19:00),Pit-C (Hauling),SPV-008,Drilling,Near Miss,1,0,0,0,0,0,0,9,110.7,Cerah,Komunikasi Buruk,Penggantian APD,Belum Dimulai,Pit-C-Blok01,Sudah dilaporkan ke HSE Manager
971,2024-02-21,Wednesday,2,Q1,2024,Shift 1 (07:00-19:00),ROM (Run of Mine),SPV-003,Drilling,Lost Time Injury,0,0,0,1,0,5,0,9,101.2,Berawan,Faktor Eksternal,Revisi Prosedur,Dalam Proses,ROM (R-Blok05,Perlu tindak lanjut
972,2023-03-17,Friday,3,Q1,2023,Shift 1 (07:00-19:00),Drainase,SPV-007,Hauling,Near Miss,1,0,0,0,0,0,0,43,499.5,Cerah,Peralatan Rusak,Penggantian APD,Dalam Proses,Draina-Blok04,
973,2023-03-15,Wednesday,3,Q1,2023,Shift 1 (07:00-19:00),Pit-A (Overburden),SPV-013,Grading,First Aid,0,1,0,0,0,0,0,13,168.1,Cerah,Desain/Engineering,Briefing Safety,Overdue,Pit-A-Blok02,Perlu tindak lanjut
974,2024-07-23,Tuesday,7,Q3,2024,Shift 1 (07:00-19:00),Pit-A (Overburden),SPV-015,Blasting,First Aid,0,1,0,0,0,0,0,19,235.7,Berkabut,Faktor Eksternal,Revisi Prosedur,Selesai,Pit-A-Blok05,
975,2022-12-19,Monday,12,Q4,2022,Shift 1 (07:00-19:00),Pit-C (Hauling),SPV-011,Fueling,Near Miss,1,0,0,0,0,0,0,44,493.2,Cerah,Alat Pelindung Diri Tidak Sesuai,Perbaikan Desain,Selesai,Pit-C-Blok01,
976,2024-08-07,Wednesday,8,Q3,2024,Shift 1 (07:00-19:00),Drainase,SPV-002,Survei,Near Miss,1,0,0,0,0,0,0,44,508.4,Cerah,Kelelahan Pekerja,Perbaikan Alat,Selesai,Draina-Blok03,
977,2022-12-10,Saturday,12,Q4,2022,Shift 1 (07:00-19:00),ROM (Run of Mine),SPV-014,Maintenance,First Aid,0,1,0,0,0,0,0,18,223.2,Cerah,Faktor Eksternal,Perbaikan Alat,Selesai,ROM (R-Blok04,
978,2022-04-20,Wednesday,4,Q2,2022,Shift 1 (07:00-19:00),Pit-B (Coal Getting),SPV-002,Dozing,Lost Time Injury,0,0,0,1,0,11,0,43,478.9,Cerah,Alat Pelindung Diri Tidak Sesuai,Investigasi Lanjut,Selesai,Pit-B-Blok05,Menunggu spare part
979,2023-03-27,Monday,3,Q1,2023,Shift 2 (19:00-07:00),Drainase,SPV-008,Pumping,Near Miss,1,0,0,0,0,0,0,28,318.8,Hujan Lebat,Faktor Eksternal,Perbaikan Alat,Selesai,Draina-Blok03,Perlu tindak lanjut
980,2024-08-22,Thursday,8,Q3,2024,Shift 2 (19:00-07:00),Pit-A (Overburden),SPV-020,Pengawasan,Near Miss,1,0,0,0,0,0,0,30,335,Berawan,Kondisi Cuaca Buruk,Perbaikan Desain,Selesai,Pit-A-Blok05,
981,2022-08-15,Monday,8,Q3,2022,Shift 1 (07:00-19:00),Office Area,SPV-011,Survei,First Aid,0,1,0,0,0,0,0,10,113.2,Cerah,Kelelahan Pekerja,Penggantian APD,Dalam Proses,Office-Blok05,Menunggu spare part
982,2022-06-22,Wednesday,6,Q2,2022,Shift 1 (07:00-19:00),Workshop,SPV-012,Administrasi,First Aid,0,1,0,0,0,0,0,26,295,Hujan Ringan,Komunikasi Buruk,Pelatihan Ulang,Overdue,Worksh-Blok02,Perlu tindak lanjut
983,2022-04-05,Tuesday,4,Q2,2022,Shift 2 (19:00-07:00),Pit-A (Overburden),SPV-011,Administrasi,Near Miss,1,0,0,0,0,0,0,31,380.8,Berawan,Komunikasi Buruk,Revisi Prosedur,Selesai,Pit-A-Blok05,
984,2022-05-30,Monday,5,Q2,2022,Shift 1 (07:00-19:00),Pit-A (Overburden),SPV-001,Administrasi,First Aid,0,1,0,0,0,0,0,45,447,Berawan,Desain/Engineering,Revisi Prosedur,Selesai,Pit-A-Blok01,Perlu tindak lanjut
985,2024-06-23,Sunday,6,Q2,2024,Shift 2 (19:00-07:00),Stockpile,SPV-019,Blasting,Near Miss,1,0,0,0,0,0,0,41,532.3,Cerah,Housekeeping Buruk,Briefing Safety,Belum Dimulai,Stockp-Blok04,
986,2024-08-24,Saturday,8,Q3,2024,Shift 1 (07:00-19:00),,SPV-005,Loading,Near Miss,1,0,0,1,0,0,0,25,286.6,Hujan Ringan,Alat Pelindung Diri Tidak Sesuai,Briefing Safety,Dalam Proses,Pit-A-Blok02,Sudah dilaporkan ke HSE Manager
987,2022-01-04,Tuesday,1,Q1,2022,Shift 1 (07:00-19:00),Pit-A (Overburden),SPV-018,Dozing,Near Miss,1,0,0,0,0,0,0,16,201.6,Hujan Ringan,Komunikasi Buruk,Perbaikan Desain,Belum Dimulai,Pit-A-Blok02,Perlu tindak lanjut
988,2024-01-11,Thursday,1,Q1,2024,Shift 2 (19:00-07:00),Pit-A (Overburden),SPV-013,Pumping,Near Miss,1,0,0,0,0,0,0,33,372,Cerah,Peralatan Rusak,Revisi Prosedur,Selesai,Pit-A-Blok05,
989,2024-04-10,Wednesday,4,Q2,2024,Shift 1 (07:00-19:00),ROM (Run of Mine),SPV-016,Fueling,Near Miss,1,0,0,0,0,0,0,19,218.3,Hujan Ringan,Kelelahan Pekerja,Penggantian APD,Selesai,ROM (R-Blok05,
990,2023-02-01,Wednesday,2,Q1,2023,Shift 2 (19:00-07:00),Workshop,SPV-007,Fueling,Near Miss,1,0,0,0,0,0,0,37,473,Berawan,Kondisi Cuaca Buruk,Penggantian APD,Selesai,Worksh-Blok03,Menunggu spare part
991,2022-05-11,Wednesday,5,Q2,2022,Shift 2 (19:00-07:00),Workshop,SPV-002,Hauling,Near Miss,1,0,0,0,0,0,0,13,147.9,Hujan Lebat,Desain/Engineering,Briefing Safety,Belum Dimulai,Worksh-Blok03,
992,2023-02-04,Saturday,2,Q1,2023,Shift 1 (07:00-19:00),Workshop,SPV-010,Dozing,Near Miss,1,0,0,0,0,0,0,29,305.1,Cerah,Prosedur Tidak Diikuti,Briefing Safety,Dalam Proses,Worksh-Blok03,Investigasi selesai
993,2023-11-10,Friday,11,Q4,2023,Shift 1 (07:00-19:00),ROM (Run of Mine),SPV-005,Drilling,Near Miss,1,0,0,0,0,0,0,39,421,Cerah,Faktor Eksternal,Revisi Prosedur,Overdue,ROM (R-Blok05,Menunggu spare part
994,2022-05-06,Friday,5,Q2,2022,Shift 2 (19:00-07:00),Workshop,SPV-013,Administrasi,First Aid,0,1,0,0,0,0,0,26,265.9,Hujan Lebat,Peralatan Rusak,Investigasi Lanjut,Dalam Proses,Worksh-Blok05,Menunggu spare part
995,2022-06-26,Sunday,6,Q2,2022,Shift 1 (07:00-19:00),Workshop,SPV-015,Drilling,First Aid,0,1,0,0,0,0,0,13,137.8,Hujan Ringan,Alat Pelindung Diri Tidak Sesuai,Briefing Safety,Selesai,Worksh-Blok01,Menunggu spare part
996,2023-03-19,Sunday,3,Q1,2023,Shift 1 (07:00-19:00),Drainase,SPV-018,Maintenance,Near Miss,1,0,0,0,0,0,0,20,231.9,Hujan Ringan,Peralatan Rusak,Revisi Prosedur,Belum Dimulai,Draina-Blok04,
997,2022-02-17,Thursday,2,Q1,2022,Shift 1 (07:00-19:00),ROM (Run of Mine),SPV-003,Pumping,Near Miss,1,0,0,0,0,0,0,33,424.1,Hujan Lebat,Human Error,Revisi Prosedur,Selesai,ROM (R-Blok03,
998,2023-04-04,Tuesday,4,Q2,2023,Shift 2 (19:00-07:00),Pit-A (Overburden),SPV-009,Dozing,First Aid,0,1,0,0,0,0,0,30,300.9,Cerah,Peralatan Rusak,Perbaikan Alat,Belum Dimulai,Pit-A-Blok05,Sudah dilaporkan ke HSE Manager
999,2023-12-12,Tuesday,12,Q4,2023,Shift 2 (19:00-07:00),Pit-C (Hauling),SPV-020,Fueling,First Aid,0,1,0,0,0,0,0,8,87.5,Berawan,Kondisi Cuaca Buruk,Perbaikan Alat,Selesai,Pit-C-Blok03,Investigasi selesai
1000,2022-02-23,Wednesday,2,Q1,2022,Shift 1 (07:00-19:00),Pit-B (Coal Getting),SPV-018,Pengawasan,First Aid,0,1,0,0,0,0,0,13,157.1,Hujan Lebat,Kondisi Cuaca Buruk,Pelatihan Ulang,Dalam Proses,Pit-B-Blok05,Sudah dilaporkan ke HSE Manager
1001,2022-10-07,Friday,10,Q4,2022,Shift 2 (19:00-07:00),Pit-B (Coal Getting),SPV-009,Dozing,Near Miss,1,0,0,0,0,0,0,8,98.5,Berawan,Human Error,Perbaikan Desain,Dalam Proses,Pit-B-Blok01,
1002,2024-01-15,Monday,1,Q1,2024,Shift 2 (19:00-07:00),Office Area,SPV-010,Maintenance,First Aid,0,1,0,0,0,0,0,20,233,Cerah,Alat Pelindung Diri Tidak Sesuai,Perbaikan Alat,Selesai,Office-Blok03,Perlu tindak lanjut
1003,2024-11-21,Thursday,11,Q4,2024,Shift 2 (19:00-07:00),ROM (Run of Mine),SPV-010,Maintenance,Environmental Spill,0,0,0,0,0,0,0,19,206.3,Cerah,Human Error,Investigasi Lanjut,Selesai,ROM (R-Blok01,Investigasi selesai
1004,2024-12-21,Saturday,12,Q4,2024,Shift 2 (19:00-07:00),Pit-A (Overburden),SPV-009,Dozing,Near Miss,1,0,0,0,0,0,0,44,-100,Hujan Ringan,Faktor Eksternal,Briefing Safety,Selesai,Pit-A-Blok05,Investigasi selesai
1005,2024-02-16,Friday,2,Q1,2024,Shift 2 (19:00-07:00),Pit-A (Overburden),SPV-006,Survei,First Aid,0,1,0,0,0,0,0,33,327.9,Berawan,Housekeeping Buruk,Penggantian APD,Selesai,Pit-A-Blok03,
1006,2022-02-17,Thursday,2,Q1,2022,Shift 1 (07:00-19:00),ROM (Run of Mine),SPV-004,Grading,Near Miss,1,0,0,0,0,0,0,35,404.7,Berawan,Human Error,Penggantian APD,Dalam Proses,ROM (R-Blok01,Menunggu spare part
1007,2023-03-31,Friday,3,Q1,2023,Shift 1 (07:00-19:00),wrkshop,SPV-014,Hauling,Near Miss,1,0,0,0,0,0,0,34,400.5,Berawan,Peralatan Rusak,Perbaikan Alat,Overdue,Pit-B-Blok04,
1008,2023-08-05,Saturday,8,Q3,2023,Shift 2 (19:00-07:00),Pit-A (Overburden),SPV-012,Survei,Near Miss,1,0,0,0,0,0,0,31,408.3,Cerah,Desain/Engineering,Penggantian APD,Selesai,Pit-A-Blok02,Menunggu spare part
1009,2022-02-21,Monday,2,Q1,2022,Shift 2 (19:00-07:00),ROM (Run of Mine),SPV-001,Blasting,Near Miss,1,0,0,0,0,0,0,32,356.9,Berawan,Alat Pelindung Diri Tidak Sesuai,Perbaikan Desain,Dalam Proses,ROM (R-Blok03,Menunggu spare part
1010,2024-03-24,Sunday,3,Q1,2024,Shift 2 (19:00-07:00),Workshop,SPV-008,Maintenance,Medical Treatment,0,0,1,0,0,0,0,37,414.2,Cerah,Kondisi Cuaca Buruk,Perbaikan Desain,Selesai,Worksh-Blok03,Perlu tindak lanjut
1011,2024-05-28,Tuesday,5,Q2,2024,Shift 1 (07:00-19:00),Office Area,SPV-002,Loading,Medical Treatment,0,0,1,0,0,0,0,9,88.1,Cerah,Housekeeping Buruk,Investigasi Lanjut,Selesai,Office-Blok04,Perlu tindak lanjut
1012,2024-10-24,Thursday,10,Q4,2024,Shift 2 (19:00-07:00),Workshop,SPV-020,Maintenance,Environmental Spill,0,0,0,0,0,0,0,19,197.1,Cerah,Kondisi Cuaca Buruk,Perbaikan Desain,Selesai,Worksh-Blok05,
1013,2023-09-23,Saturday,9,Q3,2023,Shift 1 (07:00-19:00),Drainase,SPV-008,Dozing,Near Miss,1,0,0,0,0,0,0,21,272.6,Berkabut,Human Error,Penggantian APD,Overdue,Draina-Blok02,Menunggu spare part
1014,2022-10-30,Sunday,10,Q4,2022,Shift 1 (07:00-19:00),Stockpile,SPV-016,Loading,Near Miss,1,0,0,0,0,0,0,33,392.8,Cerah,Kondisi Cuaca Buruk,Penggantian APD,Selesai,Stockp-Blok02,
1015,2023-03-01,Wednesday,3,Q1,2023,Shift 2 (19:00-07:00),Pit-B (Coal Getting),SPV-002,Maintenance,Near Miss,1,0,0,0,0,0,0,43,463.9,Cerah,Prosedur Tidak Diikuti,Pelatihan Ulang,Belum Dimulai,Pit-B-Blok02,
1016,2024-07-07,Sunday,7,Q3,2024,Shift 1 (07:00-19:00),ROM (Run of Mine),SPV-017,Pumping,Medical Treatment,0,0,1,0,0,0,0,27,342.1,Berawan,Housekeeping Buruk,Penggantian APD,Dalam Proses,ROM (R-Blok03,
1017,2024-10-29,Tuesday,10,Q4,2024,Shift 1 (07:00-19:00),Stockpile,SPV-004,Pumping,First Aid,0,1,0,0,0,0,0,25,316,Berawan,Human Error,Revisi Prosedur,Selesai,Stockp-Blok04,
1018,2023-11-20,Monday,11,Q4,2023,Shift 2 (19:00-07:00),Stockpile,SPV-020,Survei,Property Damage,0,0,0,0,0,0,1,45,531,Hujan Ringan,Kelelahan Pekerja,Perbaikan Alat,Selesai,Stockp-Blok01,
1019,2024-12-22,Sunday,12,Q4,2024,Shift 1 (07:00-19:00),Pit-C (Hauling),SPV-004,Grading,Medical Treatment,0,0,1,0,0,0,0,20,257.2,Hujan Ringan,Komunikasi Buruk,Investigasi Lanjut,Belum Dimulai,Pit-C-Blok05,Perlu tindak lanjut
1020,2023-01-16,Monday,1,Q1,2023,Shift 1 (07:00-19:00),Pit-A (Overburden),SPV-020,Grading,Near Miss,1,0,0,0,0,0,0,18,215.9,,Desain/Engineering,Penggantian APD,Selesai,Pit-A-Blok02,Menunggu spare part
1021,2023-06-04,Sunday,6,Q2,2023,Shift 2 (19:00-07:00),Stockpile,SPV-010,Hauling,Lost Time Injury,0,0,0,1,0,4,0,36,474.4,Hujan Ringan,Alat Pelindung Diri Tidak Sesuai,Pelatihan Ulang,Selesai,Stockp-Blok03,
1022,2023-08-11,Friday,8,Q3,2023,Shift 2 (19:00-07:00),Drainase,SPV-001,Drilling,First Aid,0,1,0,0,0,0,0,17,176.6,Cerah,Kondisi Cuaca Buruk,Perbaikan Alat,Belum Dimulai,Draina-Blok01,Sudah dilaporkan ke HSE Manager
1023,2022-09-30,Friday,9,Q3,2022,Shift 2 (19:00-07:00),Office Area,SPV-006,Fueling,First Aid,0,1,0,0,0,0,0,37,385.5,Hujan Ringan,Housekeeping Buruk,Perbaikan Desain,Dalam Proses,Office-Blok05,
1024,2024-10-17,Thursday,10,Q4,2024,Shift 2 (19:00-07:00),Workshop,SPV-017,Loading,Near Miss,1,0,0,0,0,0,0,10,-0.5,Cerah,Alat Pelindung Diri Tidak Sesuai,Perbaikan Desain,Selesai,Worksh-Blok02,Menunggu spare part
1025,2023-09-22,Friday,9,Q3,2023,Shift 1 (07:00-19:00),PIT-B,SPV-019,Survei,First Aid,0,1,0,0,0,0,0,23,254.4,Hujan Ringan,Housekeeping Buruk,Perbaikan Desain,Dalam Proses,Pit-B-Blok01,Investigasi selesai
1026,2022-08-29,Monday,8,Q3,2022,Shift 1 (07:00-19:00),Pit-A (Overburden),SPV-003,Administrasi,First Aid,0,1,0,0,0,0,0,37,361.9,Cerah,Alat Pelindung Diri Tidak Sesuai,Perbaikan Alat,Selesai,Pit-A-Blok05,Perlu tindak lanjut
1027,2023-01-01,Sunday,1,Q1,2023,Shift 1 (07:00-19:00),Stockpile,SPV-018,Pengawasan,Property Damage,0,0,0,0,0,0,1,36,397.3,Hujan Ringan,Komunikasi Buruk,Perbaikan Desain,Selesai,Stockp-Blok04,
1028,2024-07-10,Wednesday,7,Q3,2024,Shift 1 (07:00-19:00),Pit-C (Hauling),SPV-014,Maintenance,First Aid,0,1,0,0,0,0,0,34,429.4,Cerah,Human Error,Perbaikan Desain,Belum Dimulai,Pit-C-Blok05,Menunggu spare part
1029,2024-08-31,Saturday,8,Q3,2024,Shift 1 (07:00-19:00),Pit-B (Coal Getting),SPV-016,Pengawasan,Medical Treatment,0,0,1,0,0,0,0,29,325.2,Hujan Ringan,Komunikasi Buruk,Investigasi Lanjut,Selesai,Pit-B-Blok02,Investigasi selesai
1030,2024-05-14,Tuesday,5,Q2,2024,Shift 2 (19:00-07:00),Office Area,SPV-013,Blasting,Near Miss,1,0,0,0,0,0,0,35,378.1,Cerah,Alat Pelindung Diri Tidak Sesuai,Revisi Prosedur,Overdue,Office-Blok02,
1031,2024-07-29,Monday,7,Q3,2024,Shift 2 (19:00-07:00),Workshop,SPV-003,Blasting,Environmental Spill,0,0,0,0,0,0,0,14,164.6,Cerah,Human Error,Briefing Safety,Belum Dimulai,Worksh-Blok04,Investigasi selesai
1032,2023-07-01,Saturday,7,Q3,2023,Shift 1 (07:00-19:00),Pit-B (Coal Getting),SPV-014,Blasting,Near Miss,1,0,0,0,0,0,0,32,334.7,Cerah,Kondisi Cuaca Buruk,Perbaikan Alat,Selesai,Pit-B-Blok02,Perlu tindak lanjut
1033,2022-11-21,Monday,11,Q4,2022,Shift 1 (07:00-19:00),Stockpile,SPV-019,Dozing,Near Miss,1,0,0,0,0,0,0,11,113.2,Cerah,Kelelahan Pekerja,Pelatihan Ulang,Selesai,Stockp-Blok04,Perlu tindak lanjut
1034,2024-07-09,Tuesday,7,Q3,2024,Shift 2 (19:00-07:00),Workshop,SPV-004,Blasting,Near Miss,1,0,0,0,0,0,0,10,130.8,Hujan Ringan,Komunikasi Buruk,Briefing Safety,Dalam Proses,Worksh-Blok02,
1035,2023-05-14,Sunday,5,Q2,2023,Shift 2 (19:00-07:00),Pit-B (Coal Getting),SPV-015,Administrasi,Near Miss,1,0,0,0,0,0,0,21,238.4,Berawan,Alat Pelindung Diri Tidak Sesuai,Revisi Prosedur,Selesai,Pit-B-Blok04,Sudah dilaporkan ke HSE Manager
1036,2024-04-28,Sunday,4,Q2,2024,Shift 1 (07:00-19:00),Pit-A (Overburden),SPV-004,Blasting,Medical Treatment,0,0,1,0,0,0,0,21,258.1,Cerah,Faktor Eksternal,Perbaikan Desain,Overdue,Pit-A-Blok02,Investigasi selesai
1037,2024-09-12,Thursday,9,Q3,2024,Shift 2 (19:00-07:00),Pit-C (Hauling),SPV-005,Pumping,Medical Treatment,0,0,1,0,0,0,0,13,132.7,Cerah,Faktor Eksternal,Pelatihan Ulang,Selesai,Pit-C-Blok04,
1038,2024-09-28,Saturday,9,Q3,2024,Shift 1 (07:00-19:00),Pit-B (Coal Getting),SPV-002,Pengawasan,Near Miss,1,0,0,0,0,0,0,9,88.1,Cerah,Faktor Eksternal,Investigasi Lanjut,Selesai,Pit-B-Blok01,Perlu tindak lanjut
1039,2022-04-23,Saturday,4,Q2,2022,Shift 1 (07:00-19:00),ROM (Run of Mine),SPV-012,Hauling,First Aid,0,1,0,0,0,0,0,14,183.6,Berkabut,Kelelahan Pekerja,Briefing Safety,Selesai,ROM (R-Blok03,
1040,2022-02-02,Wednesday,2,Q1,2022,Shift 1 (07:00-19:00),Pit-B (Coal Getting),SPV-002,Blasting,First Aid,0,1,0,0,0,0,0,14,168.4,Cerah,Kondisi Cuaca Buruk,Investigasi Lanjut,Selesai,Pit-B-Blok03,
1041,2023-08-09,Wednesday,8,Q3,2023,Shift 2 (19:00-07:00),Pit-A (Overburden),SPV-013,Maintenance,Lost Time Injury,0,0,0,1,0,8,0,24,242.9,Hujan Ringan,Desain/Engineering,Perbaikan Alat,Dalam Proses,Pit-A-Blok03,
1042,2022-06-13,Monday,6,Q2,2022,Shift 2 (19:00-07:00),Drainase,SPV-015,Maintenance,Near Miss,1,0,0,0,0,0,0,28,351.6,Cerah,Desain/Engineering,Briefing Safety,Selesai,Draina-Blok05,
1043,2022-08-25,Thursday,8,Q3,2022,Shift 2 (19:00-07:00),Stockpile,SPV-016,Pengawasan,Lost Time Injury,0,0,0,1,0,6,0,42,527.8,Hujan Ringan,Kelelahan Pekerja,Pelatihan Ulang,Dalam Proses,Stockp-Blok05,Investigasi selesai
1044,2024-07-27,Saturday,7,Q3,2024,Shift 1 (07:00-19:00),Pit-B (Coal Getting),SPV-009,Blasting,First Aid,0,1,0,0,0,0,0,9,112.6,Cerah,Kelelahan Pekerja,Penggantian APD,Dalam Proses,Pit-B-Blok03,Perlu tindak lanjut
1045,2023-10-20,Friday,10,Q4,2023,Shift 2 (19:00-07:00),Workshop,SPV-003,Maintenance,Lost Time Injury,0,0,0,1,0,3,0,27,281.5,Berawan,Faktor Eksternal,Briefing Safety,Dalam Proses,Worksh-Blok03,
1046,2022-07-25,Monday,7,Q3,2022,Shift 1 (07:00-19:00),ROM (Run of Mine),SPV-018,Hauling,Near Miss,1,0,0,0,0,0,0,11,120.1,Berkabut,Faktor Eksternal,Pelatihan Ulang,Belum Dimulai,ROM (R-Blok05,
1047,2023-10-30,Monday,10,Q4,2023,Shift 2 (19:00-07:00),Pit-B (Coal Getting),SPV-010,Hauling,Lost Time Injury,0,0,0,1,0,14,0,42,459.9,Berawan,Komunikasi Buruk,Briefing Safety,Overdue,Pit-B-Blok01,Sudah dilaporkan ke HSE Manager
1048,2024-03-13,Wednesday,3,Q1,2024,Shift 2 (19:00-07:00),Workshop,SPV-017,Pumping,Medical Treatment,0,0,1,0,0,0,0,37,475,Hujan Ringan,Komunikasi Buruk,Investigasi Lanjut,Selesai,Worksh-Blok03,Sudah dilaporkan ke HSE Manager
1049,2023-10-10,Tuesday,10,Q4,2023,Shift 2 (19:00-07:00),Pit-B (Coal Getting),SPV-019,Fueling,First Aid,0,1,0,0,0,0,0,29,372.7,Hujan Ringan,Faktor Eksternal,Perbaikan Alat,Selesai,Pit-B-Blok03,
1050,2024-10-10,Thursday,10,Q4,2024,Shift 1 (07:00-19:00),Workshop,SPV-003,Dozing,First Aid,0,1,0,0,0,0,0,17,204.8,Cerah,Kondisi Cuaca Buruk,Briefing Safety,Overdue,Worksh-Blok02,
1051,2024-03-16,Saturday,3,Q1,2024,Shift 2 (19:00-07:00),ROM (Run of Mine),SPV-002,Loading,Lost Time Injury,0,0,0,1,0,6,0,9,114.7,Cerah,Desain/Engineering,Briefing Safety,Selesai,ROM (R-Blok02,
1052,2023-07-26,Wednesday,7,Q3,2023,Shift 1 (07:00-19:00),Workshop,SPV-020,Blasting,Near Miss,1,0,0,0,0,0,0,10,122.4,Cerah,,Perbaikan Desain,Selesai,Worksh-Blok01,
1053,2022-03-28,Monday,3,Q1,2022,Shift 2 (19:00-07:00),Pit-B (Coal Getting),SPV-010,Fueling,Medical Treatment,0,0,1,0,0,0,0,18,182.3,Berawan,Alat Pelindung Diri Tidak Sesuai,Perbaikan Alat,Dalam Proses,Pit-B-Blok03,
1054,2022-10-26,Wednesday,10,Q4,2022,Shift 1 (07:00-19:00),Pit-C (Hauling),SPV-019,Administrasi,First Aid,0,1,0,0,0,0,0,34,418.6,Cerah,Kelelahan Pekerja,Perbaikan Alat,Selesai,Pit-C-Blok04,
1055,2022-08-03,Wednesday,8,Q3,2022,Shift 2 (19:00-07:00),Workshop,SPV-015,Fueling,Near Miss,1,0,0,0,0,0,0,16,191.5,Berawan,Kondisi Cuaca Buruk,Revisi Prosedur,Selesai,Worksh-Blok05,Perlu tindak lanjut
1056,2024-03-02,Saturday,3,Q1,2024,Shift 1 (07:00-19:00),Workshop,SPV-012,Fueling,Lost Time Injury,0,0,0,1,0,14,0,13,154.7,Cerah,Komunikasi Buruk,Perbaikan Desain,Dalam Proses,Worksh-Blok01,
1057,2024-06-23,Sunday,6,Q2,2024,Shift 1 (07:00-19:00),Pit-C (Hauling),SPV-019,Hauling,Near Miss,1,0,0,0,0,0,0,32,401.3,Cerah,Prosedur Tidak Diikuti,Perbaikan Desain,Selesai,Pit-C-Blok05,Menunggu spare part
1058,2022-06-07,Tuesday,6,Q2,2022,Shift 1 (07:00-19:00),Drainase,SPV-002,Survei,Property Damage,0,0,0,0,0,0,1,42,505.1,Berkabut,Komunikasi Buruk,Pelatihan Ulang,Dalam Proses,Draina-Blok02,
1059,2024-04-11,Thursday,4,Q2,2024,Shift 2 (19:00-07:00),Pit-C (Hauling),SPV-008,Survei,Lost Time Injury,0,0,0,1,0,10,0,29,307.1,Cerah,Faktor Eksternal,Perbaikan Alat,Selesai,Pit-C-Blok01,
1060,2024-09-19,Thursday,9,Q3,2024,Shift 1 (07:00-19:00),Pit-A (Overburden),SPV-016,Drilling,Near Miss,1,0,0,0,0,0,0,10,129.7,Berkabut,Human Error,Investigasi Lanjut,Selesai,Pit-A-Blok03,Investigasi selesai
1061,2023-04-22,Saturday,4,Q2,2023,Shift 1 (07:00-19:00),Workshop,SPV-001,Survei,Near Miss,1,0,0,0,0,0,0,42,489,Berawan,Peralatan Rusak,Perbaikan Desain,Belum Dimulai,Worksh-Blok05,Sudah dilaporkan ke HSE Manager
1062,2022-06-09,Thursday,6,Q2,2022,Shift 1 (07:00-19:00),Pit-C (Hauling),SPV-006,Fueling,Near Miss,1,0,0,0,0,0,0,8,100.4,Hujan Ringan,Desain/Engineering,Revisi Prosedur,Selesai,Pit-C-Blok02,Investigasi selesai
1063,2022-03-25,Friday,3,Q1,2022,Shift 1 (07:00-19:00),Workshop,SPV-007,Drilling,Medical Treatment,0,0,1,0,0,0,0,16,183.4,Berkabut,Desain/Engineering,Revisi Prosedur,Selesai,Worksh-Blok02,Investigasi selesai
1064,2023-03-07,Tuesday,3,Q1,2023,Shift 2 (19:00-07:00),ROM (Run of Mine),SPV-002,Pumping,Near Miss,1,0,0,0,0,0,0,39,401.4,Cerah,Kondisi Cuaca Buruk,Perbaikan Alat,Belum Dimulai,ROM (R-Blok01,
1065,2022-08-28,Sunday,8,Q3,2022,Shift 2 (19:00-07:00),Pit-B (Coal Getting),SPV-016,Pumping,Environmental Spill,0,0,0,0,0,0,0,33,379.9,Berawan,Prosedur Tidak Diikuti,Perbaikan Alat,Selesai,Pit-B-Blok03,Sudah dilaporkan ke HSE Manager
1066,2022-08-01,Monday,8,Q3,2022,Shift 1 (07:00-19:00),Drainase,SPV-014,Survei,Medical Treatment,0,0,1,0,0,0,0,36,463.7,Cerah,Peralatan Rusak,Perbaikan Alat,Dalam Proses,Draina-Blok01,
1067,2023-11-04,Saturday,11,Q4,2023,Shift 2 (19:00-07:00),Pit-C (Hauling),SPV-004,Administrasi,First Aid,0,1,0,0,0,0,0,38,401.1,Berawan,Peralatan Rusak,Pelatihan Ulang,Dalam Proses,Pit-C-Blok03,
1068,2022-06-27,Monday,6,Q2,2022,Shift 2 (19:00-07:00),Office Area,SPV-009,Hauling,Near Miss,1,0,0,0,0,0,0,40,484.9,Cerah,Housekeeping Buruk,Penggantian APD,Belum Dimulai,Office-Blok03,Sudah dilaporkan ke HSE Manager
1069,2022-03-29,Tuesday,3,Q1,2022,Shift 1 (07:00-19:00),ROM (Run of Mine),SPV-013,Blasting,Near Miss,1,0,0,0,0,0,0,16,180.9,Berkabut,Housekeeping Buruk,Pelatihan Ulang,Selesai,ROM (R-Blok03,
1070,2022-07-22,Friday,7,Q3,2022,Shift 1 (07:00-19:00),Stockpile,SPV-006,Hauling,First Aid,0,1,0,0,0,0,0,25,274.2,Cerah,Faktor Eksternal,Investigasi Lanjut,Dalam Proses,Stockp-Blok03,
1071,2024-12-11,Wednesday,12,Q4,2024,Shift 1 (07:00-19:00),ROM (Run of Mine),SPV-007,Grading,Near Miss,1,0,0,0,0,0,0,8,81.9,Cerah,Faktor Eksternal,Investigasi Lanjut,Dalam Proses,ROM (R-Blok02,Sudah dilaporkan ke HSE Manager
1072,2022-11-18,Friday,11,Q4,2022,Shift 2 (19:00-07:00),Pit-B (Coal Getting),SPV-012,Pumping,Near Miss,1,0,0,0,0,0,0,8,87.5,Hujan Ringan,Komunikasi Buruk,Perbaikan Desain,Selesai,Pit-B-Blok04,Menunggu spare part
1073,2023-10-30,Monday,10,Q4,2023,Shift 2 (19:00-07:00),Stockpile,SPV-003,Pengawasan,Near Miss,1,0,0,0,0,0,0,10,105.3,Hujan Lebat,Faktor Eksternal,Pelatihan Ulang,Selesai,Stockp-Blok04,Perlu tindak lanjut
1074,2023-08-01,Tuesday,8,Q3,2023,Shift 1 (07:00-19:00),Pit-C (Hauling),SPV-015,Blasting,Near Miss,1,0,0,0,0,0,0,35,373.6,Berkabut,Peralatan Rusak,Penggantian APD,Selesai,Pit-C-Blok03,
1075,2024-10-09,Wednesday,10,Q4,2024,Shift 2 (19:00-07:00),Stockpile,SPV-005,Pumping,Property Damage,0,0,0,0,0,0,1,35,453.4,Berawan,Prosedur Tidak Diikuti,Penggantian APD,Selesai,Stockp-Blok02,Perlu tindak lanjut
1076,2022-02-08,Tuesday,2,Q1,2022,Shift 1 (07:00-19:00),Pit-A (Overburden),SPV-017,Pumping,Lost Time Injury,0,0,0,1,0,1,0,28,348.8,Hujan Ringan,Prosedur Tidak Diikuti,Briefing Safety,Belum Dimulai,Pit-A-Blok05,Sudah dilaporkan ke HSE Manager
1077,2024-05-29,Wednesday,5,Q2,2024,Shift 1 (07:00-19:00),Pit-C (Hauling),SPV-007,Blasting,Medical Treatment,0,0,1,0,0,0,0,19,245.6,Hujan Lebat,Prosedur Tidak Diikuti,Perbaikan Desain,Selesai,Pit-C-Blok03,
1078,2024-03-14,Thursday,3,Q1,2024,Shift 2 (19:00-07:00),Pit-C (Hauling),SPV-004,Dozing,Medical Treatment,0,0,1,0,0,0,0,25,293.1,Cerah,Komunikasi Buruk,Perbaikan Desain,Selesai,Pit-C-Blok03,Menunggu spare part
1079,2022-01-09,Sunday,1,Q1,2022,Shift 1 (07:00-19:00),Office Area,SPV-019,Grading,Lost Time Injury,0,0,0,1,0,4,0,9,95.8,Cerah,Alat Pelindung Diri Tidak Sesuai,Investigasi Lanjut,Selesai,Office-Blok03,
1080,2023-04-03,Monday,4,Q2,2023,Shift 1 (07:00-19:00),Pit-C (Hauling),SPV-019,Blasting,Medical Treatment,0,0,1,0,0,0,0,17,189.2,Hujan Lebat,Prosedur Tidak Diikuti,Perbaikan Alat,Dalam Proses,Pit-C-Blok04,Menunggu spare part
1081,2023-05-25,Thursday,5,Q2,2023,Shift 2 (19:00-07:00),Stockpile,SPV-010,Drilling,First Aid,0,1,0,0,0,0,0,32,370.1,Berkabut,Alat Pelindung Diri Tidak Sesuai,Briefing Safety,Dalam Proses,Stockp-Blok03,Investigasi selesai
1082,2023-10-03,Tuesday,10,Q4,2023,Shift 2 (19:00-07:00),Pit-A (Overburden),SPV-007,Administrasi,Near Miss,1,0,0,0,0,0,0,19,200.2,Berawan,Faktor Eksternal,Investigasi Lanjut,Selesai,Pit-A-Blok04,
1083,2024-09-22,Sunday,9,Q3,2024,Shift 2 (19:00-07:00),ROM (Run of Mine),SPV-005,Pumping,Medical Treatment,0,0,1,0,0,0,0,41,409.6,Cerah,Human Error,Penggantian APD,Selesai,ROM (R-Blok05,
1084,2023-02-05,Sunday,2,Q1,2023,Shift 1 (07:00-19:00),Pit-C (Hauling),SPV-007,Loading,First Aid,0,1,0,0,0,0,0,11,119,Cerah,Prosedur Tidak Diikuti,Investigasi Lanjut,Selesai,Pit-C-Blok05,Perlu tindak lanjut
1085,2022-12-30,Friday,12,Q4,2022,Shift 2 (19:00-07:00),Pit-B (Coal Getting),SPV-019,Survei,Near Miss,1,0,0,0,0,0,0,18,191.4,Berkabut,Desain/Engineering,Pelatihan Ulang,Selesai,Pit-B-Blok01,Sudah dilaporkan ke HSE Manager
1086,2023-11-28,Tuesday,11,Q4,2023,Shift 2 (19:00-07:00),Pit-B (Coal Getting),SPV-005,Administrasi,First Aid,0,1,0,0,0,0,0,20,207.9,Berawan,Faktor Eksternal,Investigasi Lanjut,Selesai,Pit-B-Blok05,
1087,2024-04-24,Wednesday,4,Q2,2024,Shift 2 (19:00-07:00),Office Area,SPV-009,Dozing,Near Miss,1,0,0,0,0,0,0,45,516.3,Berawan,Peralatan Rusak,Penggantian APD,Selesai,Office-Blok02,Menunggu spare part
1088,2023-01-01,Sunday,1,Q1,2023,Shift 1 (07:00-19:00),ROM (Run of Mine),SPV-005,Maintenance,Near Miss,1,0,0,0,0,0,0,33,347.9,Berawan,Desain/Engineering,Briefing Safety,Overdue,ROM (R-Blok01,Perlu tindak lanjut
1089,2023-06-02,Friday,6,Q2,2023,Shift 2 (19:00-07:00),Office Area,SPV-009,Pengawasan,Near Miss,1,0,0,0,0,0,0,42,463.3,Berkabut,Human Error,Perbaikan Desain,Selesai,Office-Blok05,Perlu tindak lanjut
1090,2024-07-09,Tuesday,7,Q3,2024,Shift 2 (19:00-07:00),Drainase,SPV-010,Grading,Near Miss,1,0,0,0,0,0,0,42,524.1,Hujan Lebat,Prosedur Tidak Diikuti,Revisi Prosedur,Selesai,Draina-Blok05,
1091,2024-02-09,Friday,2,Q1,2024,Shift 2 (19:00-07:00),Pit-B (Coal Getting),SPV-019,Pumping,Environmental Spill,0,0,0,0,0,0,0,40,471.7,Hujan Lebat,Housekeeping Buruk,Revisi Prosedur,Dalam Proses,Pit-B-Blok05,Sudah dilaporkan ke HSE Manager
1092,2023-04-29,Saturday,4,Q2,2023,Shift 2 (19:00-07:00),Pit-A (Overburden),SPV-009,Administrasi,Medical Treatment,0,0,1,0,0,0,0,10,131.3,Cerah,Faktor Eksternal,Briefing Safety,Dalam Proses,Pit-A-Blok02,Sudah dilaporkan ke HSE Manager
1093,2024-09-07,Saturday,9,Q3,2024,Shift 1 (07:00-19:00),Stockpile,SPV-003,Fueling,First Aid,0,1,0,0,0,0,0,32,345.4,Berawan,Komunikasi Buruk,Pelatihan Ulang,Selesai,Stockp-Blok04,
1094,2022-07-10,Sunday,7,Q3,2022,Shift 2 (19:00-07:00),Pit-A (Overburden),SPV-018,Maintenance,First Aid,0,1,0,0,0,0,0,17,188.6,Cerah,Housekeeping Buruk,Investigasi Lanjut,Selesai,Pit-A-Blok02,Menunggu spare part
1095,2023-09-12,Tuesday,9,Q3,2023,Shift 2 (19:00-07:00),Office Area,SPV-006,Drilling,Near Miss,1,0,0,0,0,0,0,16,164.6,Berawan,Human Error,Pelatihan Ulang,Selesai,Office-Blok05,
1096,2022-02-05,Saturday,2,Q1,2022,Shift 2 (19:00-07:00),Pit-B (Coal Getting),SPV-007,Dozing,Lost Time Injury,0,0,0,1,0,13,0,14,155.4,Cerah,Human Error,Pelatihan Ulang,Selesai,Pit-B-Blok05,
1097,2024-12-11,Wednesday,12,Q4,2024,Shift 1 (07:00-19:00),Pit-C (Hauling),SPV-008,Fueling,Medical Treatment,0,0,1,0,0,0,0,26,300.9,Hujan Ringan,Housekeeping Buruk,Perbaikan Desain,Selesai,Pit-C-Blok03,
1098,2023-03-10,Friday,3,Q1,2023,Shift 2 (19:00-07:00),ROM (Run of Mine),SPV-002,Hauling,Near Miss,1,0,0,0,0,0,0,11,115.7,Cerah,Kondisi Cuaca Buruk,Perbaikan Desain,Selesai,ROM (R-Blok02,Perlu tindak lanjut
1099,2023-01-09,Monday,1,Q1,2023,Shift 1 (07:00-19:00),Drainase,SPV-014,Administrasi,Near Miss,1,0,0,0,0,0,0,27,291.1,Cerah,Kondisi Cuaca Buruk,Perbaikan Desain,Overdue,Draina-Blok02,Perlu tindak lanjut
1100,2023-05-26,Friday,5,Q2,2023,Shift 1 (07:00-19:00),ROM (Run of Mine),SPV-010,Pengawasan,First Aid,0,1,0,0,0,0,0,34,421.3,Cerah,Komunikasi Buruk,Perbaikan Alat,Selesai,ROM (R-Blok05,
1101,2024-04-10,Wednesday,4,Q2,2024,Shift 1 (07:00-19:00),ROM (Run of Mine),SPV-011,Blasting,Near Miss,1,0,0,0,0,0,0,18,185.2,Berawan,Desain/Engineering,Investigasi Lanjut,Dalam Proses,ROM (R-Blok04,Menunggu spare part
1102,2024-09-23,Monday,9,Q3,2024,Shift 1 (07:00-19:00),Pit-B (Coal Getting),SPV-012,Maintenance,First Aid,0,1,0,0,0,0,0,45,448.1,Berawan,Alat Pelindung Diri Tidak Sesuai,Briefing Safety,Selesai,Pit-B-Blok03,
1103,2022-06-07,Tuesday,6,Q2,2022,Shift 1 (07:00-19:00),Workshop,SPV-016,Maintenance,Lost Time Injury,0,0,0,1,0,2,0,45,594.8,Berawan,Kondisi Cuaca Buruk,Perbaikan Alat,Selesai,Worksh-Blok05,
1104,2023-11-18,Saturday,11,Q4,2023,Shift 2 (19:00-07:00),Pit-C (Hauling),SPV-013,Survei,Medical Treatment,0,0,1,0,0,0,0,22,219.2,Berawan,Prosedur Tidak Diikuti,Revisi Prosedur,Selesai,Pit-C-Blok02,Sudah dilaporkan ke HSE Manager
1105,2023-10-13,Friday,10,Q4,2023,Shift 2 (19:00-07:00),Workshop,SPV-005,Hauling,First Aid,0,1,0,0,0,0,0,36,442.8,Cerah,Alat Pelindung Diri Tidak Sesuai,Perbaikan Alat,Selesai,Worksh-Blok02,
1106,2022-10-20,Thursday,10,Q4,2022,Shift 2 (19:00-07:00),Pit-B (Coal Getting),SPV-010,Pengawasan,Medical Treatment,0,0,1,0,0,0,0,24,311.9,Berawan,Peralatan Rusak,Revisi Prosedur,Dalam Proses,Pit-B-Blok01,
1107,2024-09-15,Sunday,9,Q3,2024,Shift 2 (19:00-07:00),Stockpile,SPV-008,Fueling,First Aid,0,1,0,0,0,0,0,29,381.8,Cerah,Alat Pelindung Diri Tidak Sesuai,Penggantian APD,Selesai,Stockp-Blok02,
1108,2022-10-08,Saturday,10,Q4,2022,Shift 2 (19:00-07:00),Workshop,SPV-016,Loading,First Aid,0,1,0,0,0,0,0,36,360.9,Cerah,Peralatan Rusak,Investigasi Lanjut,Selesai,Worksh-Blok01,Sudah dilaporkan ke HSE Manager
1109,2024-08-07,Wednesday,8,Q3,2024,Shift 2 (19:00-07:00),ROM (Run of Mine),SPV-001,Administrasi,Property Damage,0,0,0,0,0,0,1,43,508.4,Cerah,Komunikasi Buruk,Perbaikan Alat,Belum Dimulai,ROM (R-Blok05,Perlu tindak lanjut
1110,2022-05-06,Friday,5,Q2,2022,Shift 2 (19:00-07:00),ROM (Run of Mine),SPV-003,Grading,Near Miss,1,0,0,0,0,0,0,31,375.3,Cerah,Desain/Engineering,Briefing Safety,Selesai,ROM (R-Blok03,Investigasi selesai
1111,2022-03-29,Tuesday,3,Q1,2022,Shift 2 (19:00-07:00),Pit-C (Hauling),SPV-001,Maintenance,Medical Treatment,0,0,1,0,0,0,0,18,199.5,Hujan Lebat,Komunikasi Buruk,Penggantian APD,Selesai,Pit-C-Blok01,
1112,2024-03-27,Wednesday,3,Q1,2024,Shift 2 (19:00-07:00),Pit-A (Overburden),SPV-013,Fueling,Near Miss,1,0,0,0,0,0,0,33,340.3,Cerah,Prosedur Tidak Diikuti,Perbaikan Alat,Selesai,Pit-A-Blok01,
1113,2024-12-29,Sunday,12,Q4,2024,Shift 2 (19:00-07:00),Pit-B (Coal Getting),SPV-007,Fueling,Medical Treatment,0,0,1,0,0,0,0,34,401.8,Berawan,Human Error,Briefing Safety,Selesai,Pit-B-Blok01,Perlu tindak lanjut
1114,2023-09-06,Wednesday,9,Q3,2023,Shift 1 (07:00-19:00),Office Area,SPV-006,Administrasi,Near Miss,1,0,0,0,0,0,0,15,167.8,Cerah,Kelelahan Pekerja,Pelatihan Ulang,Selesai,Office-Blok03,Perlu tindak lanjut
1115,2022-12-31,Saturday,12,Q4,2022,Shift 2 (19:00-07:00),ROM (Run of Mine),SPV-010,Hauling,First Aid,0,1,0,0,0,0,0,26,316.1,Cerah,Alat Pelindung Diri Tidak Sesuai,Perbaikan Desain,Selesai,ROM (R-Blok04,
1116,2024-06-21,Friday,6,Q2,2024,Shift 2 (19:00-07:00),Pit-B (Coal Getting),SPV-014,Maintenance,First Aid,0,1,0,0,0,0,0,13,139.9,Cerah,Housekeeping Buruk,Revisi Prosedur,Selesai,Pit-B-Blok03,
1117,2024-04-15,Monday,4,Q2,2024,Shift 2 (19:00-07:00),Stockpile,SPV-019,Grading,First Aid,0,1,0,0,0,0,0,43,452.5,Berkabut,Faktor Eksternal,Briefing Safety,Dalam Proses,Stockp-Blok04,
1118,2023-06-30,Friday,6,Q2,2023,Shift 1 (07:00-19:00),Pit-A (Overburden),SPV-001,Survei,Near Miss,1,0,0,0,0,0,0,19,238.8,Cerah,Housekeeping Buruk,Pelatihan Ulang,Selesai,Pit-A-Blok04,
1119,2023-06-28,Wednesday,6,Q2,2023,Shift 1 (07:00-19:00),Stockpile,SPV-017,Maintenance,Near Miss,1,0,0,0,0,0,0,12,141.3,Berawan,Kelelahan Pekerja,Penggantian APD,Selesai,Stockp-Blok03,
1120,2022-03-23,Wednesday,3,Q1,2022,Shift 1 (07:00-19:00),Workshop,SPV-012,Survei,Near Miss,1,0,0,0,0,0,0,14,140.1,Hujan Ringan,Kondisi Cuaca Buruk,Briefing Safety,Dalam Proses,Worksh-Blok01,Investigasi selesai
1121,2023-07-27,Thursday,7,Q3,2023,Shift 1 (07:00-19:00),Pit-C (Hauling),SPV-007,Drilling,First Aid,0,1,0,0,0,0,0,28,315.7,Berawan,Faktor Eksternal,Penggantian APD,Dalam Proses,Pit-C-Blok02,
1122,2022-07-19,Tuesday,7,Q3,2022,Shift 2 (19:00-07:00),Office Area,SPV-018,Pengawasan,Near Miss,1,0,0,0,0,0,0,21,215,Cerah,Desain/Engineering,Briefing Safety,Selesai,Office-Blok02,
1123,2023-01-12,Thursday,1,Q1,2023,Shift 2 (19:00-07:00),Pit-A (Overburden),SPV-003,Grading,Medical Treatment,0,0,1,0,0,0,0,36,382.4,Cerah,Komunikasi Buruk,Perbaikan Desain,Dalam Proses,Pit-A-Blok01,Perlu tindak lanjut
1124,2022-04-26,Tuesday,4,Q2,2022,Shift 2 (19:00-07:00),Pit-B (Coal Getting),SPV-007,Dozing,Near Miss,1,0,0,0,0,0,0,24,265,Berawan,Kondisi Cuaca Buruk,Perbaikan Alat,Belum Dimulai,Pit-B-Blok05,Investigasi selesai
1125,2023-02-12,Sunday,2,Q1,2023,Shift 1 (07:00-19:00),Office Area,SPV-009,Administrasi,First Aid,0,1,0,0,0,0,0,42,536.1,Berawan,Human Error,Revisi Prosedur,Selesai,Office-Blok04,
1126,2024-10-08,Tuesday,10,Q4,2024,Shift 2 (19:00-07:00),Office Area,SPV-014,Maintenance,Medical Treatment,0,0,1,0,0,0,0,9,101.4,Berawan,Kondisi Cuaca Buruk,Penggantian APD,Selesai,Office-Blok02,Menunggu spare part
1127,2023-12-18,Monday,12,Q4,2023,Shift 2 (19:00-07:00),Pit-A (Overburden),SPV-017,Hauling,First Aid,0,1,0,0,0,0,0,43,462.5,Berawan,Komunikasi Buruk,Pelatihan Ulang,Dalam Proses,Pit-A-Blok04,Sudah dilaporkan ke HSE Manager
1128,2022-08-22,Monday,8,Q3,2022,Shift 1 (07:00-19:00),Stockpile,SPV-010,Survei,Medical Treatment,0,0,1,0,0,0,0,22,266.7,Hujan Ringan,Housekeeping Buruk,Investigasi Lanjut,Selesai,Stockp-Blok04,Perlu tindak lanjut
1129,2023-02-15,Wednesday,2,Q1,2023,Shift 1 (07:00-19:00),Pit-C (Hauling),SPV-007,Loading,Near Miss,1,0,0,0,0,0,0,32,325.4,Cerah,Desain/Engineering,Perbaikan Alat,Overdue,Pit-C-Blok04,
1130,2022-08-27,Saturday,8,Q3,2022,Shift 1 (07:00-19:00),Pit-C (Hauling),SPV-006,Fueling,First Aid,0,1,0,0,0,0,0,45,573.6,Cerah,Human Error,Penggantian APD,Belum Dimulai,Pit-C-Blok03,
1131,2023-05-28,Sunday,5,Q2,2023,Shift 2 (19:00-07:00),Pit-C (Hauling),SPV-001,Survei,Near Miss,1,0,0,0,0,0,0,25,316.1,Cerah,Prosedur Tidak Diikuti,Perbaikan Alat,Selesai,Pit-C-Blok04,
1132,2024-01-11,Thursday,1,Q1,2024,Shift 2 (19:00-07:00),Workshop,SPV-006,Drilling,Medical Treatment,0,0,1,0,0,0,0,12,123,Cerah,Komunikasi Buruk,Briefing Safety,Selesai,Worksh-Blok05,
1133,2023-11-04,Saturday,11,Q4,2023,Shift 1 (07:00-19:00),Pit-B (Coal Getting),SPV-018,Blasting,Medical Treatment,0,0,1,0,0,0,0,14,138.5,Berkabut,Human Error,Revisi Prosedur,Selesai,Pit-B-Blok02,Perlu tindak lanjut
1134,2022-10-01,Saturday,10,Q4,2022,Shift 2 (19:00-07:00),Pit-B (Coal Getting),SPV-016,Pumping,Medical Treatment,0,0,1,0,0,0,0,36,403.4,Cerah,Alat Pelindung Diri Tidak Sesuai,Perbaikan Alat,Belum Dimulai,Pit-B-Blok04,
1135,2023-10-27,Friday,10,Q4,2023,Shift 1 (07:00-19:00),Workshop,SPV-008,Administrasi,First Aid,0,1,0,0,0,0,0,11,127.9,Hujan Lebat,Faktor Eksternal,Briefing Safety,Belum Dimulai,Worksh-Blok04,Perlu tindak lanjut
1136,2022-12-18,Sunday,12,Q4,2022,Shift 1 (07:00-19:00),Workshop,SPV-004,Grading,Medical Treatment,0,0,1,0,0,0,0,27,290.6,Cerah,Kelelahan Pekerja,Perbaikan Desain,Selesai,Worksh-Blok05,
1137,2022-07-04,Monday,7,Q3,2022,Shift 2 (19:00-07:00),Drainase,SPV-001,Pumping,Near Miss,1,0,0,0,0,0,0,13,135.3,Berawan,Housekeeping Buruk,Revisi Prosedur,Belum Dimulai,Draina-Blok03,
1138,2024-01-19,Friday,1,Q1,2024,Shift 2 (19:00-07:00),Drainase,SPV-008,Administrasi,First Aid,0,1,0,0,0,0,0,18,191.7,Berawan,Prosedur Tidak Diikuti,Perbaikan Alat,Dalam Proses,Draina-Blok04,
1139,2023-07-01,Saturday,7,Q3,2023,Shift 2 (19:00-07:00),Pit-A (Overburden),SPV-004,Administrasi,First Aid,0,1,0,0,0,0,0,40,411.9,Berkabut,Desain/Engineering,Investigasi Lanjut,Selesai,Pit-A-Blok04,
1140,2024-04-10,Wednesday,4,Q2,2024,Shift 1 (07:00-19:00),Stockpile,SPV-011,Blasting,First Aid,0,1,0,0,0,0,0,31,357.5,Hujan Lebat,Alat Pelindung Diri Tidak Sesuai,Briefing Safety,Selesai,Stockp-Blok03,
1141,2024-09-16,Monday,9,Q3,2024,Shift 2 (19:00-07:00),ROM (Run of Mine),SPV-006,Dozing,First Aid,0,1,0,0,0,0,0,45,576.5,Cerah,Peralatan Rusak,Perbaikan Alat,Dalam Proses,ROM (R-Blok02,Sudah dilaporkan ke HSE Manager
1142,2024-06-23,Sunday,6,Q2,2024,Shift 1 (07:00-19:00),Pit-C (Hauling),SPV-002,Fueling,Lost Time Injury,0,0,0,1,0,1,0,21,261.6,Cerah,Komunikasi Buruk,Briefing Safety,Selesai,Pit-C-Blok02,
1143,2024-12-20,Friday,12,Q4,2024,Shift 2 (19:00-07:00),Drainase,SPV-018,Dozing,Medical Treatment,0,0,1,0,0,0,0,31,350.7,Hujan Ringan,Komunikasi Buruk,Briefing Safety,Dalam Proses,Draina-Blok02,
1144,2022-05-02,Monday,5,Q2,2022,Shift 2 (19:00-07:00),Drainase,SPV-009,Pengawasan,Environmental Spill,0,0,0,0,0,0,0,19,234.7,Hujan Ringan,Kelelahan Pekerja,Investigasi Lanjut,Selesai,Draina-Blok04,
1145,2022-08-28,Sunday,8,Q3,2022,Shift 2 (19:00-07:00),Pit-A (Overburden),SPV-012,Loading,First Aid,0,1,0,0,0,0,0,12,148.2,Cerah,Alat Pelindung Diri Tidak Sesuai,Pelatihan Ulang,Overdue,Pit-A-Blok04,Perlu tindak lanjut
1146,2023-10-23,Monday,10,Q4,2023,Shift 2 (19:00-07:00),Pit-A (Overburden),SPV-003,Maintenance,First Aid,0,1,0,0,0,0,0,26,288.2,Cerah,Peralatan Rusak,Revisi Prosedur,Selesai,Pit-A-Blok05,Perlu tindak lanjut
1147,2024-11-06,Wednesday,11,Q4,2024,Malam,Pit-A (Overburden),SPV-015,Blasting,Medical Treatment,0,0,1,0,0,0,0,14,153,Hujan Lebat,Faktor Eksternal,Briefing Safety,Selesai,Pit-A-Blok04,Sudah dilaporkan ke HSE Manager
1148,2024-12-04,Wednesday,12,Q4,2024,Shift 1 (07:00-19:00),Pit-B (Coal Getting),SPV-013,Fueling,Near Miss,1,0,0,0,0,0,0,15,156.3,Hujan Lebat,Faktor Eksternal,Investigasi Lanjut,Selesai,Pit-B-Blok04,
1149,2024-04-07,Sunday,4,Q2,2024,Shift 1 (07:00-19:00),Pit-A (Overburden),SPV-013,Dozing,Property Damage,0,0,0,0,0,0,1,38,472.9,Hujan Ringan,Peralatan Rusak,Perbaikan Desain,Selesai,Pit-A-Blok01,Menunggu spare part
1150,2022-06-25,Saturday,6,Q2,2022,Shift 2 (19:00-07:00),Pit-A (Overburden),SPV-014,Grading,First Aid,0,1,0,0,0,0,0,17,176.3,Berkabut,Peralatan Rusak,Perbaikan Desain,Selesai,Pit-A-Blok02,
1151,2022-08-07,Sunday,8,Q3,2022,Shift 2 (19:00-07:00),Pit-C (Hauling),SPV-005,Dozing,Lost Time Injury,0,0,0,1,0,7,0,14,161.8,Cerah,Komunikasi Buruk,Pelatihan Ulang,Selesai,Pit-C-Blok04,
1152,2023-03-09,Thursday,3,Q1,2023,Shift 1 (07:00-19:00),Pit-A (Overburden),SPV-002,Hauling,Medical Treatment,0,0,1,0,0,0,0,26,263.7,Berawan,Prosedur Tidak Diikuti,Pelatihan Ulang,Selesai,Pit-A-Blok02,Menunggu spare part
1153,2023-09-02,Saturday,9,Q3,2023,Shift 2 (19:00-07:00),ROM (Run of Mine),SPV-003,Loading,Near Miss,1,0,0,0,0,0,0,41,531,Cerah,Komunikasi Buruk,Investigasi Lanjut,Selesai,ROM (R-Blok03,Sudah dilaporkan ke HSE Manager
1154,2024-10-06,Sunday,10,Q4,2024,Shift 2 (19:00-07:00),Drainase,SPV-018,Pengawasan,Medical Treatment,0,0,1,0,0,0,0,13,145.7,Cerah,Human Error,Perbaikan Alat,Selesai,Draina-Blok04,
1155,2023-04-17,Monday,4,Q2,2023,Shift 1 (07:00-19:00),,SPV-009,Blasting,Near Miss,1,0,0,0,0,0,0,37,426.8,Berawan,Komunikasi Buruk,Pelatihan Ulang,Selesai,Worksh-Blok04,
1156,2024-04-24,Wednesday,4,Q2,2024,Shift 2 (19:00-07:00),Pit-A (Overburden),SPV-001,Fueling,Lost Time Injury,0,0,0,1,0,14,0,41,455,Cerah,Kondisi Cuaca Buruk,Perbaikan Alat,Selesai,Pit-A-Blok01,Sudah dilaporkan ke HSE Manager
1157,2024-04-02,Tuesday,4,Q2,2024,Shift 2 (19:00-07:00),Pit-B (Coal Getting),SPV-013,Hauling,Near Miss,1,0,0,0,0,0,0,29,303.2,Cerah,Human Error,Pelatihan Ulang,Belum Dimulai,Pit-B-Blok05,
1158,2023-08-21,Monday,8,Q3,2023,Shift 1 (07:00-19:00),Office Area,SPV-019,Administrasi,Medical Treatment,0,0,1,0,0,0,0,38,442.7,Cerah,Komunikasi Buruk,Investigasi Lanjut,Dalam Proses,Office-Blok05,Perlu tindak lanjut
1159,2023-12-14,Thursday,12,Q4,2023,Shift 2 (19:00-07:00),Pit-C (Hauling),SPV-015,Drilling,Medical Treatment,0,0,1,0,0,0,0,29,331,Cerah,Kondisi Cuaca Buruk,Penggantian APD,Selesai,Pit-C-Blok03,
1160,2024-10-10,Thursday,10,Q4,2024,Shift 1 (07:00-19:00),Workshop,SPV-009,Blasting,Medical Treatment,0,0,1,0,0,0,0,15,181.1,Berawan,Alat Pelindung Diri Tidak Sesuai,Investigasi Lanjut,Dalam Proses,Worksh-Blok01,
1161,2023-11-02,Thursday,11,Q4,2023,Shift 1 (07:00-19:00),Pit-A (Overburden),SPV-002,Grading,Lost Time Injury,0,0,0,1,0,7,0,34,446.6,Cerah,Desain/Engineering,Briefing Safety,Overdue,Pit-A-Blok02,
1162,2022-08-16,Tuesday,8,Q3,2022,Shift 2 (19:00-07:00),Pit-A (Overburden),SPV-014,Loading,Environmental Spill,0,0,0,0,0,0,0,42,449,Cerah,Kelelahan Pekerja,Briefing Safety,Selesai,Pit-A-Blok03,
1163,2023-11-07,Tuesday,11,Q4,2023,Shift 2 (19:00-07:00),Pit-A (Overburden),SPV-010,Maintenance,Near Miss,1,0,0,0,0,0,0,38,379.5,Hujan Ringan,Faktor Eksternal,Perbaikan Desain,Selesai,Pit-A-Blok04,
1164,2023-10-12,Thursday,10,Q4,2023,Shift 1 (07:00-19:00),Pit-C (Hauling),SPV-003,Survei,Near Miss,1,0,0,0,0,0,0,40,417.3,Berkabut,Housekeeping Buruk,Perbaikan Desain,Dalam Proses,Pit-C-Blok01,Menunggu spare part
1165,2024-09-17,Tuesday,9,Q3,2024,Shift 2 (19:00-07:00),Pit-C (Hauling),SPV-009,Pumping,First Aid,0,1,0,0,0,0,0,16,186.5,Hujan Ringan,Kondisi Cuaca Buruk,Pelatihan Ulang,Selesai,Pit-C-Blok02,Sudah dilaporkan ke HSE Manager
1166,2022-08-21,Sunday,8,Q3,2022,Shift 1 (07:00-19:00),Office Area,SPV-005,Pumping,Near Miss,1,0,0,0,0,0,0,23,284.7,Berawan,Prosedur Tidak Diikuti,Perbaikan Alat,Belum Dimulai,Office-Blok05,
1167,2022-05-27,Friday,5,Q2,2022,Shift 2 (19:00-07:00),ROM (Run of Mine),SPV-007,Pumping,Medical Treatment,0,0,1,0,0,0,0,41,536.9,Cerah,Kelelahan Pekerja,Penggantian APD,Selesai,ROM (R-Blok03,Investigasi selesai
1168,2022-02-12,Saturday,2,Q1,2022,Shift 1 (07:00-19:00),Pit-B (Coal Getting),SPV-020,Pengawasan,First Aid,0,1,0,0,0,0,0,43,552.8,Berawan,Faktor Eksternal,Penggantian APD,Dalam Proses,Pit-B-Blok02,Perlu tindak lanjut
1169,2024-07-27,Saturday,7,Q3,2024,Shift 1 (07:00-19:00),Workshop,SPV-011,Maintenance,Near Miss,1,0,0,0,0,0,0,30,337.8,Hujan Ringan,Prosedur Tidak Diikuti,Perbaikan Alat,Selesai,Worksh-Blok04,
1170,2023-05-06,Saturday,5,Q2,2023,Shift 2 (19:00-07:00),Pit-C (Hauling),SPV-020,Loading,Near Miss,1,0,0,0,0,0,0,10,132,Cerah,Prosedur Tidak Diikuti,Pelatihan Ulang,Selesai,Pit-C-Blok03,Investigasi selesai
1171,2023-04-28,Friday,4,Q2,2023,Shift 1 (07:00-19:00),Office Area,SPV-013,Fueling,Near Miss,1,0,0,0,0,0,0,24,244.8,Cerah,Kelelahan Pekerja,Penggantian APD,Selesai,Office-Blok05,
1172,2023-04-23,Sunday,4,Q2,2023,Shift 2 (19:00-07:00),Pit-C (Hauling),SPV-004,Hauling,Environmental Spill,0,0,0,0,0,0,0,14,165.3,Cerah,Alat Pelindung Diri Tidak Sesuai,Revisi Prosedur,Overdue,Pit-C-Blok04,
1173,2022-10-12,Wednesday,10,Q4,2022,Shift 1 (07:00-19:00),Pit-C (Hauling),SPV-005,Blasting,Near Miss,1,0,0,0,0,0,0,38,445.4,Berawan,Peralatan Rusak,Perbaikan Alat,Selesai,Pit-C-Blok01,
1174,2024-07-18,Thursday,7,Q3,2024,Shift 1 (07:00-19:00),Pit-B (Coal Getting),SPV-008,Drilling,Near Miss,1,0,0,0,0,0,0,17,213.1,Cerah,Kelelahan Pekerja,Pelatihan Ulang,Belum Dimulai,Pit-B-Blok01,Sudah dilaporkan ke HSE Manager
1175,2022-05-26,Thursday,5,Q2,2022,Shift 1 (07:00-19:00),Workshop,SPV-009,Administrasi,Medical Treatment,0,0,1,0,0,0,0,17,201.8,Berawan,Desain/Engineering,Penggantian APD,Dalam Proses,Worksh-Blok02,Menunggu spare part
1176,2023-05-25,Thursday,5,Q2,2023,Shift 1 (07:00-19:00),Pit-A (Overburden),SPV-001,Drilling,Lost Time Injury,0,0,0,1,0,8,0,30,350.6,Hujan Lebat,Prosedur Tidak Diikuti,Briefing Safety,Dalam Proses,Pit-A-Blok04,Perlu tindak lanjut
1177,2024-05-20,Monday,5,Q2,2024,Shift 1 (07:00-19:00),Office Area,SPV-001,Maintenance,Near Miss,1,0,0,0,0,0,0,27,302.9,Berawan,Human Error,Revisi Prosedur,Overdue,Office-Blok05,Sudah dilaporkan ke HSE Manager
1178,2024-11-28,Thursday,11,Q4,2024,Shift 1 (07:00-19:00),Pit-A (Overburden),SPV-007,Maintenance,Lost Time Injury,0,0,0,1,0,11,0,33,424.9,Cerah,Human Error,Penggantian APD,Dalam Proses,Pit-A-Blok05,
1179,2023-04-07,Friday,4,Q2,2023,Shift 1 (07:00-19:00),Pit-C (Hauling),SPV-017,Hauling,Near Miss,1,0,0,0,0,0,0,23,230,Cerah,Prosedur Tidak Diikuti,Briefing Safety,Selesai,Pit-C-Blok03,
1180,2023-08-11,Friday,8,Q3,2023,Shift 2 (19:00-07:00),Pit-A (Overburden),SPV-005,Dozing,First Aid,0,1,0,0,0,0,0,31,341.5,Cerah,Housekeeping Buruk,Penggantian APD,Selesai,Pit-A-Blok01,
1181,2023-06-08,Thursday,6,Q2,2023,Shift 1 (07:00-19:00),Workshop,SPV-004,Survei,Medical Treatment,0,0,1,0,0,0,0,40,463.4,Cerah,Kelelahan Pekerja,Perbaikan Alat,Selesai,Worksh-Blok01,
1182,2024-11-12,Tuesday,11,Q4,2024,Shift 2 (19:00-07:00),Stockpile,SPV-013,Pumping,Lost Time Injury,0,0,0,1,0,2,0,10,111.3,Berawan,Faktor Eksternal,Perbaikan Desain,Selesai,Stockp-Blok01,Sudah dilaporkan ke HSE Manager
1183,2024-11-07,Thursday,11,Q4,2024,Shift 1 (07:00-19:00),Pit-C (Hauling),SPV-003,Blasting,Near Miss,1,0,0,0,0,0,0,21,270.1,Cerah,Peralatan Rusak,Perbaikan Alat,Dalam Proses,Pit-C-Blok04,Perlu tindak lanjut
1184,2024-07-12,Friday,7,Q3,2024,Shift 2 (19:00-07:00),Pit-B (Coal Getting),SPV-014,Pengawasan,Medical Treatment,0,0,1,0,0,0,0,14,138.8,Cerah,Desain/Engineering,Perbaikan Alat,Dalam Proses,Pit-B-Blok05,
1185,2022-07-08,Friday,7,Q3,2022,Shift 1 (07:00-19:00),Pit-A (Overburden),SPV-020,Administrasi,Near Miss,1,0,0,0,0,0,0,20,233.2,Hujan Lebat,Housekeeping Buruk,Perbaikan Desain,Belum Dimulai,Pit-A-Blok05,Perlu tindak lanjut
1186,2023-01-11,Wednesday,1,Q1,2023,Shift 1 (07:00-19:00),Pit-A (Overburden),SPV-010,Blasting,First Aid,0,1,0,0,0,0,0,30,341.4,Cerah,Faktor Eksternal,Penggantian APD,Selesai,Pit-A-Blok01,
1187,2023-09-02,Saturday,9,Q3,2023,Shift 1 (07:00-19:00),Office Area,SPV-016,Drilling,First Aid,0,1,0,0,0,0,0,38,492.1,Hujan Lebat,Housekeeping Buruk,Penggantian APD,Selesai,Office-Blok01,
1188,2022-01-17,Monday,1,Q1,2022,Shift 2 (19:00-07:00),Pit-A (Overburden),SPV-013,Grading,Lost Time Injury,0,0,0,1,0,10,0,17,204.7,Hujan Ringan,Housekeeping Buruk,Perbaikan Alat,Selesai,Pit-A-Blok05,Perlu tindak lanjut
1189,2023-02-06,Monday,2,Q1,2023,Shift 2 (19:00-07:00),Pit-C (Hauling),SPV-016,Pumping,First Aid,0,1,0,0,0,0,0,29,292.6,Berawan,Faktor Eksternal,Briefing Safety,Selesai,Pit-C-Blok01,
1190,2024-10-19,Saturday,10,Q4,2024,Shift 2 (19:00-07:00),Pit-B (Coal Getting),SPV-018,Drilling,Medical Treatment,0,0,1,0,0,0,0,44,471.6,Berawan,Alat Pelindung Diri Tidak Sesuai,Penggantian APD,Selesai,Pit-B-Blok01,Sudah dilaporkan ke HSE Manager
1191,2024-04-18,Thursday,4,Q2,2024,Shift 2 (19:00-07:00),Pit-C (Hauling),SPV-007,Maintenance,Near Miss,1,0,0,0,0,0,0,39,468.5,Cerah,Prosedur Tidak Diikuti,Investigasi Lanjut,Belum Dimulai,Pit-C-Blok01,Menunggu spare part
1192,2024-03-18,Monday,3,Q1,2024,Shift 2 (19:00-07:00),Pit-C (Hauling),SPV-011,Fueling,Near Miss,1,0,0,0,0,0,0,16,208,Cerah,Human Error,Briefing Safety,Dalam Proses,Pit-C-Blok01,Sudah dilaporkan ke HSE Manager
1193,2022-01-19,Wednesday,1,Q1,2022,Shift 1 (07:00-19:00),Pit-A (Overburden),SPV-001,Pengawasan,Near Miss,1,0,0,0,0,0,0,36,421.3,Berawan,Kondisi Cuaca Buruk,Pelatihan Ulang,Selesai,Pit-A-Blok04,Sudah dilaporkan ke HSE Manager
1194,2023-08-08,Tuesday,8,Q3,2023,Shift 2 (19:00-07:00),,SPV-003,Fueling,Environmental Spill,0,0,0,0,0,0,0,30,331.9,Cerah,Housekeeping Buruk,Perbaikan Alat,Selesai,Pit-C-Blok05,
1195,2022-03-13,Sunday,3,Q1,2022,Shift 2 (19:00-07:00),Pit-B (Coal Getting),SPV-009,Dozing,Near Miss,1,0,0,0,0,0,0,43,468.6,Hujan Lebat,Kondisi Cuaca Buruk,Revisi Prosedur,Selesai,Pit-B-Blok01,Perlu tindak lanjut
1196,2022-10-28,Friday,10,Q4,2022,Shift 1 (07:00-19:00),ROM (Run of Mine),SPV-004,Drilling,Near Miss,1,0,0,0,0,0,0,26,294.6,Berawan,Kelelahan Pekerja,Pelatihan Ulang,Selesai,ROM (R-Blok03,
1197,2024-11-04,Monday,11,Q4,2024,Shift 1 (07:00-19:00),Pit-C (Hauling),SPV-001,Drilling,First Aid,0,1,0,0,0,0,0,42,488.5,Cerah,Human Error,Perbaikan Alat,Belum Dimulai,Pit-C-Blok04,Menunggu spare part
1198,2023-09-14,Thursday,9,Q3,2023,Shift 1 (07:00-19:00),Pit-B (Coal Getting),SPV-020,Dozing,First Aid,0,1,0,0,0,0,0,12,121.1,Cerah,Housekeeping Buruk,Pelatihan Ulang,Dalam Proses,Pit-B-Blok05,Investigasi selesai
1199,2022-09-15,Thursday,9,Q3,2022,Shift 1 (07:00-19:00),Pit-B (Coal Getting),SPV-008,Blasting,Medical Treatment,0,0,1,0,0,0,0,18,199.4,Hujan Ringan,Faktor Eksternal,Investigasi Lanjut,Selesai,Pit-B-Blok02,Menunggu spare part
1200,2023-09-26,Tuesday,9,Q3,2023,Shift 1 (07:00-19:00),,SPV-010,Pumping,Near Miss,1,0,0,1,0,0,0,33,432.5,Hujan Ringan,Housekeeping Buruk,Perbaikan Alat,Selesai,Pit-C-Blok04,
1201,2022-08-23,Tuesday,8,Q3,2022,Shift 1 (07:00-19:00),Drainase,SPV-001,Administrasi,Near Miss,1,0,0,0,0,0,0,19,237.6,Hujan Lebat,Peralatan Rusak,Pelatihan Ulang,Selesai,Draina-Blok03,Investigasi selesai
1202,2024-01-07,Sunday,1,Q1,2024,Shift 2 (19:00-07:00),Pit-B (Coal Getting),SPV-006,Pumping,Near Miss,1,0,0,0,0,0,0,15,182.3,Berawan,Komunikasi Buruk,Penggantian APD,Dalam Proses,Pit-B-Blok02,
1203,2024-04-28,Sunday,4,Q2,2024,Shift 2 (19:00-07:00),Workshop,SPV-015,Maintenance,Lost Time Injury,0,0,0,1,0,4,0,9,104.4,Berawan,Faktor Eksternal,Briefing Safety,Belum Dimulai,Worksh-Blok01,Sudah dilaporkan ke HSE Manager
1204,2023-01-03,Tuesday,1,Q1,2023,Shift 1 (07:00-19:00),Stockpile,SPV-010,Drilling,Medical Treatment,0,0,1,0,0,0,0,19,211.5,Berawan,Peralatan Rusak,Investigasi Lanjut,Selesai,Stockp-Blok02,
1205,2023-10-16,Monday,10,Q4,2023,Shift 2 (19:00-07:00),Pit-B (Coal Getting),SPV-012,Loading,First Aid,0,1,0,0,0,0,0,31,336.5,Berawan,Alat Pelindung Diri Tidak Sesuai,Revisi Prosedur,Belum Dimulai,Pit-B-Blok04,Sudah dilaporkan ke HSE Manager
1206,2022-11-13,Sunday,11,Q4,2022,Shift 1 (07:00-19:00),Pit-A (Overburden),SPV-013,Survei,Near Miss,1,0,0,0,0,0,0,14,181.8,Hujan Ringan,Housekeeping Buruk,Perbaikan Desain,Belum Dimulai,Pit-A-Blok04,Perlu tindak lanjut
1207,2022-03-09,Wednesday,3,Q1,2022,Shift 1 (07:00-19:00),ROM (Run of Mine),SPV-001,Drilling,Near Miss,1,0,0,0,0,0,0,43,541.5,Cerah,Kondisi Cuaca Buruk,Revisi Prosedur,Selesai,ROM (R-Blok05,
1208,2023-05-21,Sunday,5,Q2,2023,Shift 1 (07:00-19:00),Workshop,SPV-010,Pumping,First Aid,0,1,0,0,0,0,0,14,150.4,Cerah,Peralatan Rusak,Pelatihan Ulang,Selesai,Worksh-Blok02,
1209,2023-06-26,Monday,6,Q2,2023,Shift 2 (19:00-07:00),ROM (Run of Mine),SPV-016,Fueling,Near Miss,1,0,0,0,0,0,0,35,439,Berkabut,Prosedur Tidak Diikuti,Pelatihan Ulang,Dalam Proses,ROM (R-Blok04,Perlu tindak lanjut
1210,2024-05-12,Sunday,5,Q2,2024,Shift 1 (07:00-19:00),Office Area,SPV-015,Blasting,Near Miss,1,0,0,0,0,0,0,18,204.3,Cerah,Faktor Eksternal,Revisi Prosedur,Dalam Proses,Office-Blok03,Menunggu spare part
1211,2022-01-29,Saturday,1,Q1,2022,Shift 2 (19:00-07:00),Drainase,SPV-011,Hauling,Medical Treatment,0,0,1,0,0,0,0,13,168.9,Cerah,Desain/Engineering,Perbaikan Desain,Selesai,Draina-Blok03,
1212,2022-12-16,Friday,12,Q4,2022,Shift 2 (19:00-07:00),Stockpile,SPV-019,Administrasi,First Aid,0,1,0,0,0,0,0,30,322.8,Cerah,Housekeeping Buruk,Revisi Prosedur,Selesai,Stockp-Blok01,Investigasi selesai
1213,2024-01-11,Thursday,1,Q1,2024,Shift 2 (19:00-07:00),Office Area,SPV-015,Loading,Near Miss,1,0,0,0,0,0,0,23,272.2,Berawan,Housekeeping Buruk,Pelatihan Ulang,Selesai,Office-Blok01,
1214,2024-12-02,Monday,12,Q4,2024,Shift 1 (07:00-19:00),Pit-B (Coal Getting),SPV-019,Blasting,Near Miss,1,0,0,0,0,0,0,22,272.5,Cerah,Human Error,Pelatihan Ulang,Selesai,Pit-B-Blok05,
1215,2023-03-05,Sunday,3,Q1,2023,Shift 1 (07:00-19:00),Pit-C (Hauling),SPV-010,Survei,Near Miss,1,0,0,0,0,0,0,16,158.4,Cerah,Human Error,Investigasi Lanjut,Dalam Proses,Pit-C-Blok03,Perlu tindak lanjut
1216,2024-07-14,Sunday,7,Q3,2024,Shift 2 (19:00-07:00),Workshop,SPV-020,Grading,Medical Treatment,0,0,1,0,0,0,0,30,305.4,Berkabut,Kondisi Cuaca Buruk,Pelatihan Ulang,Dalam Proses,Worksh-Blok01,
1217,2023-10-02,Monday,10,Q4,2023,Shift 2 (19:00-07:00),Pit-B (Coal Getting),SPV-002,Loading,First Aid,0,1,0,0,0,0,0,22,285.4,Berkabut,Peralatan Rusak,Perbaikan Alat,Selesai,Pit-B-Blok02,Investigasi selesai
1218,2023-07-12,Wednesday,7,Q3,2023,Shift 2 (19:00-07:00),Pit-C (Hauling),SPV-010,Hauling,Near Miss,1,0,0,0,0,0,0,30,378.1,Hujan Lebat,Peralatan Rusak,Perbaikan Desain,Selesai,Pit-C-Blok05,Investigasi selesai
1219,2023-03-14,Tuesday,3,Q1,2023,Shift 1 (07:00-19:00),Pit-B (Coal Getting),SPV-003,Fueling,First Aid,0,1,0,0,0,0,0,20,257.2,Hujan Ringan,Alat Pelindung Diri Tidak Sesuai,Investigasi Lanjut,Dalam Proses,Pit-B-Blok05,
1220,2022-01-25,Tuesday,1,Q1,2022,Shift 1 (07:00-19:00),Drainase,SPV-001,Loading,First Aid,0,1,0,0,0,0,0,35,457.3,Cerah,Housekeeping Buruk,Penggantian APD,Selesai,Draina-Blok01,
1221,2024-12-29,Sunday,12,Q4,2024,Shift 2 (19:00-07:00),Pit-B (Coal Getting),SPV-007,Fueling,Medical Treatment,0,0,1,0,0,0,0,34,401.8,Berawan,Human Error,Briefing Safety,Selesai,Pit-B-Blok01,Perlu tindak lanjut
1222,2022-07-27,Wednesday,7,Q3,2022,Shift 1 (07:00-19:00),Pit-A (Overburden),SPV-015,Survei,Medical Treatment,0,0,1,0,0,0,0,45,576.2,Hujan Ringan,Housekeeping Buruk,Investigasi Lanjut,Belum Dimulai,Pit-A-Blok01,Investigasi selesai
1223,2022-11-02,Wednesday,11,Q4,2022,Shift 1 (07:00-19:00),Pit-B (Coal Getting),SPV-008,Hauling,Medical Treatment,0,0,1,0,0,0,0,33,364.1,Berkabut,Alat Pelindung Diri Tidak Sesuai,Penggantian APD,Selesai,Pit-B-Blok03,Perlu tindak lanjut
1224,2023-10-20,Friday,10,Q4,2023,Shift 1 (07:00-19:00),Pit-C (Hauling),SPV-010,Hauling,Environmental Spill,0,0,0,0,0,0,0,35,458.7,Berawan,Housekeeping Buruk,Briefing Safety,Selesai,Pit-C-Blok04,
1225,2023-12-15,Friday,12,Q4,2023,Shift 1 (07:00-19:00),Pit-B (Coal Getting),SPV-013,Dozing,Near Miss,1,0,0,0,0,0,0,25,309,Hujan Ringan,Prosedur Tidak Diikuti,Briefing Safety,Selesai,Pit-B-Blok04,
1226,2023-10-26,Thursday,10,Q4,2023,Shift 1 (07:00-19:00),Pit-B (Coal Getting),SPV-009,Maintenance,Environmental Spill,0,0,0,0,0,0,0,24,257.5,Berawan,Komunikasi Buruk,Perbaikan Desain,Dalam Proses,Pit-B-Blok02,Sudah dilaporkan ke HSE Manager
1227,2023-08-09,Wednesday,8,Q3,2023,Shift 2 (19:00-07:00),Hauling Road,SPV-004,Administrasi,Medical Treatment,0,0,1,0,0,0,0,21,261.1,Cerah,Housekeeping Buruk,Perbaikan Desain,Selesai,Draina-Blok03,
1228,2022-11-03,Thursday,11,Q4,2022,Shift 1 (07:00-19:00),ROM (Run of Mine),SPV-004,Pumping,Medical Treatment,0,0,1,0,0,0,0,32,313.4,Berkabut,Alat Pelindung Diri Tidak Sesuai,Penggantian APD,Dalam Proses,ROM (R-Blok05,Menunggu spare part
1229,2024-07-03,Wednesday,7,Q3,2024,Shift 2 (19:00-07:00),Pit-B (Coal Getting),SPV-007,Fueling,Near Miss,1,0,0,0,0,0,0,19,199.5,Cerah,Desain/Engineering,Penggantian APD,Selesai,Pit-B-Blok02,Menunggu spare part
1230,2022-11-08,Tuesday,11,Q4,2022,Shift 2 (19:00-07:00),Stockpile,SPV-019,Drilling,Medical Treatment,0,0,1,0,0,0,0,27,312.8,Cerah,Desain/Engineering,Pelatihan Ulang,Belum Dimulai,Stockp-Blok04,Menunggu spare part
1231,2024-10-31,Thursday,10,Q4,2024,Shift 1 (07:00-19:00),Pit-C (Hauling),SPV-011,Fueling,Near Miss,1,0,0,0,0,0,0,24,280.9,Berawan,Faktor Eksternal,Pelatihan Ulang,Selesai,Pit-C-Blok02,Sudah dilaporkan ke HSE Manager
1232,2023-07-31,Monday,7,Q3,2023,Shift 2 (19:00-07:00),Pit-B (Coal Getting),SPV-005,Hauling,Near Miss,1,0,0,0,0,0,0,39,430.3,Berawan,Human Error,Perbaikan Alat,Overdue,Pit-B-Blok03,
1233,2024-09-21,Saturday,9,Q3,2024,Shift 2 (19:00-07:00),Stockpile,SPV-008,Grading,First Aid,0,1,0,0,0,0,0,19,194.3,Hujan Ringan,Peralatan Rusak,Briefing Safety,Belum Dimulai,Stockp-Blok01,
1234,2023-03-18,Saturday,3,Q1,2023,Shift 1 (07:00-19:00),Pit-B (Coal Getting),SPV-006,Pengawasan,Medical Treatment,0,0,1,0,0,0,0,33,399.8,Cerah,Alat Pelindung Diri Tidak Sesuai,Penggantian APD,Dalam Proses,Pit-B-Blok02,Investigasi selesai
1235,2024-07-04,Thursday,7,Q3,2024,Shift 2 (19:00-07:00),Drainase,SPV-020,Loading,Near Miss,1,0,0,0,0,0,0,38,474.9,Berkabut,Komunikasi Buruk,Penggantian APD,Selesai,Draina-Blok04,
1236,2023-07-22,Saturday,7,Q3,2023,Shift 2 (19:00-07:00),ROM (Run of Mine),SPV-011,Administrasi,Near Miss,1,0,0,0,0,0,0,8,83.2,Cerah,Prosedur Tidak Diikuti,Investigasi Lanjut,Selesai,ROM (R-Blok01,Investigasi selesai
1237,2023-06-23,Friday,6,Q2,2023,Shift 1 (07:00-19:00),Pit-C (Hauling),SPV-020,Fueling,Lost Time Injury,0,0,0,1,0,3,0,40,451.3,Cerah,Kondisi Cuaca Buruk,Revisi Prosedur,Selesai,Pit-C-Blok04,Perlu tindak lanjut
1238,2023-07-05,Wednesday,7,Q3,2023,Shift 2 (19:00-07:00),,SPV-002,Pumping,Lost Time Injury,0,0,0,1,0,4,0,28,276.1,Berawan,Housekeeping Buruk,Perbaikan Desain,Selesai,Pit-C-Blok05,Menunggu spare part
1239,2023-07-06,Thursday,7,Q3,2023,Shift 1 (07:00-19:00),Pit-B (Coal Getting),SPV-003,Drilling,Near Miss,1,0,0,0,0,0,0,24,282.1,Cerah,Prosedur Tidak Diikuti,Revisi Prosedur,Selesai,Pit-B-Blok02,Perlu tindak lanjut
1240,2023-10-21,Saturday,10,Q4,2023,Shift 1 (07:00-19:00),Pit-A (Overburden),SPV-015,Maintenance,First Aid,0,1,0,0,0,0,0,17,169.6,Cerah,Peralatan Rusak,Penggantian APD,Selesai,Pit-A-Blok01,
1241,2023-04-18,Tuesday,4,Q2,2023,Shift 1 (07:00-19:00),Pit-A (Overburden),SPV-019,Grading,Near Miss,1,0,0,0,0,0,0,8,82.7,Cerah,Prosedur Tidak Diikuti,Pelatihan Ulang,Selesai,Pit-A-Blok04,
1242,2023-02-01,Wednesday,2,Q1,2023,Shift 2 (19:00-07:00),Pit-C (Hauling),SPV-020,Fueling,Medical Treatment,0,0,1,0,0,0,0,36,3600,Hujan Lebat,Kelelahan Pekerja,Revisi Prosedur,Dalam Proses,Pit-C-Blok05,Investigasi selesai
1243,2024-09-07,Saturday,9,Q3,2024,Shift 2 (19:00-07:00),Drainase,SPV-009,Maintenance,Near Miss,1,0,0,0,0,0,0,20,253.7,Cerah,Peralatan Rusak,Investigasi Lanjut,Selesai,Draina-Blok03,Perlu tindak lanjut
1244,2022-06-15,Wednesday,6,Q2,2022,Shift 2 (19:00-07:00),Pit-C (Hauling),SPV-010,Drilling,First Aid,0,1,0,0,0,0,0,19,224.9,Cerah,Prosedur Tidak Diikuti,Briefing Safety,Selesai,Pit-C-Blok03,Perlu tindak lanjut
1245,2022-08-26,Friday,8,Q3,2022,Shift 2 (19:00-07:00),Office Area,SPV-011,Loading,Lost Time Injury,0,0,0,1,0,8,0,11,113.1,Berawan,Faktor Eksternal,Revisi Prosedur,Selesai,Office-Blok01,Sudah dilaporkan ke HSE Manager
1246,2023-01-25,Wednesday,1,Q1,2023,Shift 1 (07:00-19:00),Drainase,SPV-009,Loading,Lost Time Injury,0,0,0,1,0,12,0,35,451.2,Hujan Lebat,Faktor Eksternal,Perbaikan Desain,Overdue,Draina-Blok01,
1247,2022-10-15,Saturday,10,Q4,2022,Shift 1 (07:00-19:00),Workshop,SPV-006,Grading,Near Miss,1,0,0,0,0,0,0,40,496.8,Cerah,Human Error,Perbaikan Alat,Selesai,Worksh-Blok02,
1248,2022-06-27,Monday,6,Q2,2022,Shift 1 (07:00-19:00),Pit-A (Overburden),SPV-009,Grading,Near Miss,1,0,0,0,0,0,0,45,587.1,Cerah,Komunikasi Buruk,Pelatihan Ulang,Dalam Proses,Pit-A-Blok03,Perlu tindak lanjut
1249,2022-05-01,Sunday,5,Q2,2022,Shift 2 (19:00-07:00),Pit-B (Coal Getting),SPV-002,Pengawasan,First Aid,0,1,0,0,0,0,0,32,416.3,Berawan,Komunikasi Buruk,Perbaikan Desain,Overdue,Pit-B-Blok01,Sudah dilaporkan ke HSE Manager
1250,2022-03-04,Friday,3,Q1,2022,Shift 2 (19:00-07:00),ROM (Run of Mine),SPV-015,Loading,Property Damage,0,0,0,0,0,0,1,40,445.3,Cerah,Kondisi Cuaca Buruk,Perbaikan Desain,Selesai,ROM (R-Blok01,Menunggu spare part
1251,2024-06-15,Saturday,6,Q2,2024,Shift 2 (19:00-07:00),Pit-C (Hauling),SPV-010,Loading,Lost Time Injury,0,0,0,1,0,7,0,19,248,Hujan Lebat,Faktor Eksternal,Penggantian APD,Dalam Proses,Pit-C-Blok01,
1252,2024-01-03,Wednesday,1,Q1,2024,Shift 2 (19:00-07:00),Pit-C (Hauling),SPV-020,Loading,Medical Treatment,0,0,1,0,0,0,0,44,572.8,Hujan Lebat,Kelelahan Pekerja,Pelatihan Ulang,Selesai,Pit-C-Blok04,Sudah dilaporkan ke HSE Manager
1253,2023-04-19,Wednesday,4,Q2,2023,Shift 2 (19:00-07:00),Pit-C (Hauling),SPV-018,Pengawasan,Near Miss,1,0,0,0,0,0,0,18,233.6,Berawan,Kelelahan Pekerja,Pelatihan Ulang,Selesai,Pit-C-Blok05,Menunggu spare part
1254,2022-01-02,Sunday,1,Q1,2022,Shift 1 (07:00-19:00),Stockpile,SPV-018,Pengawasan,Near Miss,1,0,0,0,0,0,0,15,176.2,Cerah,Faktor Eksternal,Penggantian APD,Dalam Proses,Stockp-Blok03,Sudah dilaporkan ke HSE Manager
1255,2022-08-23,Tuesday,8,Q3,2022,Shift 1 (07:00-19:00),Pit-B (Coal Getting),SPV-001,Survei,Near Miss,1,0,0,0,0,0,0,25,269.1,Berawan,Desain/Engineering,Pelatihan Ulang,Dalam Proses,Pit-B-Blok03,Perlu tindak lanjut
1256,2024-05-03,Friday,5,Q2,2024,Shift 2 (19:00-07:00),Workshop,SPV-016,Pengawasan,Near Miss,1,0,0,0,0,0,0,39,431.6,Hujan Ringan,Alat Pelindung Diri Tidak Sesuai,Perbaikan Desain,Selesai,Worksh-Blok04,
1257,2022-05-22,Sunday,5,Q2,2022,Shift 2 (19:00-07:00),Workshop,SPV-016,Blasting,Near Miss,1,0,0,0,0,0,0,9,102.6,Cerah,Desain/Engineering,Perbaikan Desain,Selesai,Worksh-Blok04,Sudah dilaporkan ke HSE Manager
1258,2023-05-31,Wednesday,5,Q2,2023,Shift 1 (07:00-19:00),Workshop,SPV-020,Loading,Near Miss,1,0,0,0,0,0,0,36,444.5,Berawan,Komunikasi Buruk,Penggantian APD,Overdue,Worksh-Blok03,Sudah dilaporkan ke HSE Manager
1259,2023-01-16,Monday,1,Q1,2023,Shift 2 (19:00-07:00),Pit-A (Overburden),SPV-001,Hauling,Near Miss,1,0,0,0,0,0,0,29,338.7,Berkabut,Kelelahan Pekerja,Investigasi Lanjut,Dalam Proses,Pit-A-Blok01,
1260,2022-04-20,Wednesday,4,Q2,2022,Shift 1 (07:00-19:00),Workshop,SPV-002,Dozing,Near Miss,1,0,0,0,0,0,0,44,555.1,Cerah,Housekeeping Buruk,Revisi Prosedur,Selesai,Worksh-Blok02,
1261,2022-06-06,Monday,6,Q2,2022,Shift 2 (19:00-07:00),Workshop,SPV-010,Loading,Near Miss,1,0,0,0,0,0,0,28,-0.5,Cerah,Komunikasi Buruk,Perbaikan Desain,Belum Dimulai,Worksh-Blok03,Perlu tindak lanjut
1262,2022-04-23,Saturday,4,Q2,2022,Shift 1 (07:00-19:00),Pit-B (Coal Getting),SPV-007,Pengawasan,Near Miss,1,0,0,0,0,0,0,30,305.9,Berkabut,Desain/Engineering,Briefing Safety,Selesai,Pit-B-Blok03,
1263,2022-10-12,Wednesday,10,Q4,2022,Shift 1 (07:00-19:00),Pit-C (Hauling),SPV-018,Grading,Near Miss,1,0,0,0,0,0,0,31,304.8,Berkabut,Kelelahan Pekerja,Pelatihan Ulang,Selesai,Pit-C-Blok02,Investigasi selesai
1264,2024-10-17,Thursday,10,Q4,2024,Shift 2 (19:00-07:00),Pit-A (Overburden),SPV-015,Survei,Near Miss,1,0,0,0,0,0,0,44,487.7,Cerah,Housekeeping Buruk,Briefing Safety,Dalam Proses,Pit-A-Blok01,Menunggu spare part
1265,2022-04-12,Tuesday,4,Q2,2022,Shift 2 (19:00-07:00),PIT-B,SPV-011,Blasting,Medical Treatment,0,0,1,0,0,0,0,9,89.5,Hujan Lebat,Peralatan Rusak,Pelatihan Ulang,Overdue,ROM (R-Blok05,
1266,2024-07-30,Tuesday,7,Q3,2024,Shift 2 (19:00-07:00),Pit-C (Hauling),SPV-019,Fueling,Near Miss,1,0,0,0,0,0,0,28,348.4,Cerah,Komunikasi Buruk,Investigasi Lanjut,Selesai,Pit-C-Blok04,
1267,2022-07-17,Sunday,7,Q3,2022,Shift 2 (19:00-07:00),ROM (Run of Mine),SPV-013,Administrasi,Near Miss,1,0,0,0,0,0,0,20,206.1,Cerah,Prosedur Tidak Diikuti,Penggantian APD,Selesai,ROM (R-Blok04,Perlu tindak lanjut
1268,2023-07-10,Monday,7,Q3,2023,Shift 1 (07:00-19:00),Pit-B (Coal Getting),SPV-010,Hauling,Near Miss,1,0,0,0,0,0,0,16,169.7,Berawan,Desain/Engineering,Penggantian APD,Selesai,Pit-B-Blok01,
1269,2023-07-20,Thursday,7,Q3,2023,Shift 2 (19:00-07:00),Pit-B (Coal Getting),SPV-019,Survei,First Aid,0,1,0,0,0,0,0,37,389.4,Berawan,Komunikasi Buruk,Revisi Prosedur,Selesai,Pit-B-Blok02,Investigasi selesai
1270,2023-12-02,Saturday,12,Q4,2023,Shift 2 (19:00-07:00),Pit-A (Overburden),SPV-003,Grading,Medical Treatment,0,0,1,0,0,0,0,20,218.9,Berawan,Kondisi Cuaca Buruk,Perbaikan Desain,Dalam Proses,Pit-A-Blok03,
1271,2023-07-04,Tuesday,7,Q3,2023,Shift 1 (07:00-19:00),Stockpile,SPV-008,Drilling,Near Miss,1,0,0,0,0,0,0,40,392.6,Cerah,Kelelahan Pekerja,Perbaikan Desain,Selesai,Stockp-Blok01,Investigasi selesai
1272,2023-09-28,Thursday,9,Q3,2023,Shift 1 (07:00-19:00),Pit-B (Coal Getting),SPV-007,Grading,Near Miss,1,0,0,0,0,0,0,23,290.4,Berkabut,Desain/Engineering,Penggantian APD,Selesai,Pit-B-Blok05,Investigasi selesai
1273,2024-12-19,Thursday,12,Q4,2024,Shift 1 (07:00-19:00),Workshop,SPV-005,Fueling,First Aid,0,1,0,0,0,0,0,45,454.8,Cerah,Kondisi Cuaca Buruk,Pelatihan Ulang,Dalam Proses,Worksh-Blok01,
1274,2022-04-15,Friday,4,Q2,2022,Shift 2 (19:00-07:00),ROM (Run of Mine),SPV-003,Pumping,Near Miss,1,0,0,0,0,0,0,32,352,Berkabut,Kelelahan Pekerja,Penggantian APD,Dalam Proses,ROM (R-Blok03,Sudah dilaporkan ke HSE Manager
1275,2022-06-22,Wednesday,6,Q2,2022,Shift 1 (07:00-19:00),Pit-C (Hauling),SPV-009,Administrasi,Near Miss,1,0,0,0,0,0,0,38,433,Cerah,Desain/Engineering,Pelatihan Ulang,Dalam Proses,Pit-C-Blok05,
1276,2024-03-29,Friday,3,Q1,2024,Shift 2 (19:00-07:00),ROM (Run of Mine),SPV-002,Dozing,Lost Time Injury,0,0,0,1,0,8,0,13,167.2,Berkabut,Desain/Engineering,Perbaikan Alat,Selesai,ROM (R-Blok05,Menunggu spare part
1277,2023-04-28,Friday,4,Q2,2023,Shift 2 (19:00-07:00),Pit-B (Coal Getting),SPV-005,Maintenance,First Aid,0,1,0,0,0,0,0,15,152.9,Cerah,Komunikasi Buruk,Perbaikan Alat,Overdue,Pit-B-Blok02,
1278,2024-03-04,Monday,3,Q1,2024,Shift 2 (19:00-07:00),Workshop,SPV-001,Dozing,Lost Time Injury,0,0,0,1,0,12,0,16,168.4,Hujan Lebat,Prosedur Tidak Diikuti,Perbaikan Alat,Selesai,Worksh-Blok02,
1279,2022-05-09,Monday,5,Q2,2022,Shift 2 (19:00-07:00),Pit-B (Coal Getting),SPV-007,Blasting,Near Miss,1,0,0,0,0,0,0,18,193.5,Hujan Ringan,Desain/Engineering,Briefing Safety,Selesai,Pit-B-Blok02,Investigasi selesai
1280,2023-01-04,Wednesday,1,Q1,2023,Shift 2 (19:00-07:00),Stockpile,SPV-015,Survei,Near Miss,1,0,0,0,0,0,0,15,166.6,Cerah,Kondisi Cuaca Buruk,Revisi Prosedur,Selesai,Stockp-Blok03,Investigasi selesai
1281,2023-04-05,Wednesday,4,Q2,2023,Shift 2 (19:00-07:00),Workshop,SPV-002,Administrasi,First Aid,0,1,0,0,0,0,0,34,400.6,Hujan Lebat,Peralatan Rusak,Perbaikan Desain,Overdue,Worksh-Blok01,
1282,2024-12-08,Sunday,12,Q4,2024,Shift 1 (07:00-19:00),Pit-A (Overburden),SPV-002,Loading,Medical Treatment,0,0,1,0,0,0,0,44,487.8,Cerah,Housekeeping Buruk,Briefing Safety,Selesai,Pit-A-Blok02,Sudah dilaporkan ke HSE Manager
1283,2022-01-08,Saturday,1,Q1,2022,Shift 2 (19:00-07:00),ROM (Run of Mine),SPV-013,Fueling,Medical Treatment,0,0,1,0,0,0,0,20,251.1,Hujan Lebat,Kondisi Cuaca Buruk,Penggantian APD,Selesai,ROM (R-Blok01,
1284,2024-04-25,Thursday,4,Q2,2024,Shift 2 (19:00-07:00),Pit-C (Hauling),SPV-015,Administrasi,First Aid,0,1,0,0,0,0,0,27,336.4,Berawan,Alat Pelindung Diri Tidak Sesuai,Briefing Safety,Selesai,Pit-C-Blok02,
1285,2022-10-21,Friday,10,Q4,2022,Shift 1 (07:00-19:00),ROM (Run of Mine),SPV-017,Administrasi,First Aid,0,1,0,0,0,0,0,14,156.1,Hujan Ringan,Alat Pelindung Diri Tidak Sesuai,Perbaikan Desain,Selesai,ROM (R-Blok01,Investigasi selesai
1286,2024-09-03,Tuesday,9,Q3,2024,Shift 2 (19:00-07:00),Pit-B (Coal Getting),SPV-019,Pumping,Environmental Spill,0,0,0,0,0,0,0,36,385.1,Cerah,Peralatan Rusak,Pelatihan Ulang,Belum Dimulai,Pit-B-Blok04,
1287,2023-02-10,Friday,2,Q1,2023,Shift 2 (19:00-07:00),Pit-C (Hauling),SPV-010,Drilling,Lost Time Injury,0,0,0,1,0,8,0,21,216.3,Cerah,Komunikasi Buruk,Briefing Safety,Selesai,Pit-C-Blok01,Perlu tindak lanjut
1288,2024-07-27,Saturday,7,Q3,2024,Shift 2 (19:00-07:00),Workshop,SPV-014,Loading,Medical Treatment,0,0,1,0,0,0,0,24,282.5,Hujan Ringan,Peralatan Rusak,Revisi Prosedur,Selesai,Worksh-Blok05,Investigasi selesai
1289,2024-06-17,Monday,6,Q2,2024,Shift 2 (19:00-07:00),Pit-B (Coal Getting),SPV-013,Grading,Near Miss,1,0,0,0,0,0,0,17,200.8,Hujan Lebat,Housekeeping Buruk,Investigasi Lanjut,Selesai,Pit-B-Blok05,
1290,2022-06-02,Thursday,6,Q2,2022,Shift 1 (07:00-19:00),Stockpile,SPV-019,Hauling,First Aid,0,1,0,0,0,0,0,8,83.5,Cerah,Housekeeping Buruk,Perbaikan Alat,Dalam Proses,Stockp-Blok05,
1291,2023-10-26,Thursday,10,Q4,2023,Shift 2 (19:00-07:00),Pit-A (Overburden),SPV-015,Blasting,Medical Treatment,0,0,1,0,0,0,0,39,401.7,Cerah,Desain/Engineering,Penggantian APD,Overdue,Pit-A-Blok01,
1292,2022-03-18,Friday,3,Q1,2022,Shift 1 (07:00-19:00),Pit-A (Overburden),SPV-020,Pumping,Property Damage,0,0,0,0,0,0,1,39,492,Hujan Lebat,Human Error,Perbaikan Desain,Selesai,Pit-A-Blok05,
1293,2023-02-12,Sunday,2,Q1,2023,Shift 1 (07:00-19:00),Workshop,SPV-001,Administrasi,Medical Treatment,0,0,1,0,0,0,0,27,312,Cerah,Housekeeping Buruk,Briefing Safety,Belum Dimulai,Worksh-Blok02,
1294,2024-10-18,Friday,10,Q4,2024,Shift 1 (07:00-19:00),Stockpile,SPV-015,Survei,First Aid,0,1,0,0,0,0,0,26,322.6,Berawan,Komunikasi Buruk,Perbaikan Alat,Selesai,Stockp-Blok05,
1295,2023-04-29,Saturday,4,Q2,2023,Shift 1 (07:00-19:00),Office Area,SPV-015,Pengawasan,Medical Treatment,0,0,1,0,0,0,0,45,525.9,Cerah,Komunikasi Buruk,Pelatihan Ulang,Selesai,Office-Blok01,
1296,2023-08-04,Friday,8,Q3,2023,Shift 1 (07:00-19:00),Pit-C (Hauling),SPV-004,Loading,First Aid,0,1,0,0,0,0,0,13,146.6,Hujan Ringan,Alat Pelindung Diri Tidak Sesuai,Revisi Prosedur,Belum Dimulai,Pit-C-Blok03,Sudah dilaporkan ke HSE Manager
1297,2023-07-03,Monday,7,Q3,2023,Shift 2 (19:00-07:00),Pit-C (Hauling),SPV-002,Pengawasan,First Aid,0,1,0,0,0,0,0,32,392,Cerah,Komunikasi Buruk,Revisi Prosedur,Belum Dimulai,Pit-C-Blok05,Sudah dilaporkan ke HSE Manager
1298,2023-04-02,Sunday,4,Q2,2023,Shift 2 (19:00-07:00),Pit-A (Overburden),SPV-010,Blasting,Near Miss,1,0,0,0,0,0,0,29,355.8,Berawan,Desain/Engineering,Investigasi Lanjut,Selesai,Pit-A-Blok05,Sudah dilaporkan ke HSE Manager
1299,2022-03-20,Sunday,3,Q1,2022,Shift 2 (19:00-07:00),Pit-C (Hauling),SPV-010,Grading,First Aid,0,1,0,0,0,0,0,32,333.9,Cerah,Human Error,Revisi Prosedur,Dalam Proses,Pit-C-Blok03,Perlu tindak lanjut
1300,2022-09-07,Wednesday,9,Q3,2022,Shift 2 (19:00-07:00),Pit-C (Hauling),SPV-003,Pumping,Near Miss,1,0,0,0,0,0,0,21,239.3,Berawan,Kelelahan Pekerja,Investigasi Lanjut,Selesai,Pit-C-Blok01,
1301,2023-11-11,Saturday,11,Q4,2023,Shift 1 (07:00-19:00),Workshop,SPV-020,Dozing,Medical Treatment,0,0,1,0,0,0,0,13,151,Berawan,Kelelahan Pekerja,Briefing Safety,Selesai,Worksh-Blok04,Sudah dilaporkan ke HSE Manager
1302,2023-04-23,Sunday,4,Q2,2023,Shift 1 (07:00-19:00),Pit-A (Overburden),SPV-005,Dozing,Near Miss,1,0,0,0,0,0,0,20,226.2,Berkabut,Kondisi Cuaca Buruk,Perbaikan Desain,Selesai,Pit-A-Blok05,Perlu tindak lanjut
1303,2023-11-19,Sunday,11,Q4,2023,Shift 1 (07:00-19:00),Pit-A (Overburden),,Loading,Environmental Spill,0,0,0,0,0,0,0,23,290.2,Cerah,Peralatan Rusak,Investigasi Lanjut,Selesai,Pit-A-Blok02,
1304,2024-02-29,Thursday,2,Q1,2024,Shift 2 (19:00-07:00),Drainase,SPV-017,Grading,Environmental Spill,0,0,0,0,0,0,0,43,560.9,Berawan,Kelelahan Pekerja,Perbaikan Desain,Dalam Proses,Draina-Blok01,Sudah dilaporkan ke HSE Manager
1305,2022-09-06,Tuesday,9,Q3,2022,Shift 1 (07:00-19:00),Pit-B (Coal Getting),SPV-010,Blasting,First Aid,0,1,0,0,0,0,0,42,531.4,Berawan,Peralatan Rusak,Briefing Safety,Belum Dimulai,Pit-B-Blok04,
1306,2023-12-20,Wednesday,12,Q4,2023,Shift 1 (07:00-19:00),ROM (Run of Mine),SPV-008,Maintenance,Medical Treatment,0,0,1,0,0,0,0,37,482.9,Cerah,Alat Pelindung Diri Tidak Sesuai,Perbaikan Alat,Selesai,ROM (R-Blok05,Perlu tindak lanjut
1307,2023-02-15,Wednesday,2,Q1,2023,Shift 2 (19:00-07:00),Drainase,SPV-016,Administrasi,Medical Treatment,0,0,1,0,0,0,0,15,152.6,Berkabut,Faktor Eksternal,Perbaikan Desain,Dalam Proses,Draina-Blok01,
1308,2023-01-19,Thursday,1,Q1,2023,Shift 1 (07:00-19:00),Stockpile,SPV-003,Pengawasan,Near Miss,1,0,0,0,0,0,0,15,181.8,Berkabut,Kelelahan Pekerja,Investigasi Lanjut,Dalam Proses,Stockp-Blok05,Perlu tindak lanjut
1309,2022-06-04,Saturday,6,Q2,2022,Shift 1 (07:00-19:00),Pit-A (Overburden),SPV-012,Blasting,Medical Treatment,0,0,1,0,0,0,0,35,427.6,Hujan Lebat,Housekeeping Buruk,Penggantian APD,Selesai,Pit-A-Blok03,
1310,2023-09-28,Thursday,9,Q3,2023,Shift 2 (19:00-07:00),Workshop,SPV-019,Administrasi,Lost Time Injury,0,0,0,1,0,2,0,18,234.8,Hujan Ringan,Peralatan Rusak,Revisi Prosedur,Overdue,Worksh-Blok01,Sudah dilaporkan ke HSE Manager
1311,2024-01-30,Tuesday,1,Q1,2024,Shift 1 (07:00-19:00),Pit-C (Hauling),SPV-008,Administrasi,Medical Treatment,0,0,1,0,0,0,0,14,143.4,Berkabut,Peralatan Rusak,Perbaikan Alat,Belum Dimulai,Pit-C-Blok05,
1312,2022-08-30,Tuesday,8,Q3,2022,Shift 2 (19:00-07:00),Workshop,SPV-004,Drilling,Near Miss,1,0,0,0,0,0,0,27,265.2,Hujan Ringan,Alat Pelindung Diri Tidak Sesuai,Penggantian APD,Belum Dimulai,Worksh-Blok04,
1313,2022-10-24,Monday,10,Q4,2022,Shift 1 (07:00-19:00),ROM (Run of Mine),SPV-017,Grading,First Aid,0,1,0,0,0,0,0,42,432,Berawan,Desain/Engineering,Perbaikan Alat,Selesai,ROM (R-Blok05,
1314,2022-12-04,Sunday,12,Q4,2022,Shift 1 (07:00-19:00),Workshop,SPV-014,Grading,Near Miss,1,0,0,0,0,0,0,12,155.6,Cerah,Prosedur Tidak Diikuti,Penggantian APD,Selesai,Worksh-Blok01,
1315,2022-10-08,Saturday,10,Q4,2022,Shift 1 (07:00-19:00),Stockpile,SPV-015,Pumping,Near Miss,1,0,0,0,0,0,0,42,510,Berkabut,Komunikasi Buruk,Penggantian APD,Selesai,Stockp-Blok05,
1316,2024-03-08,Friday,3,Q1,2024,Shift 1 (07:00-19:00),Pit-A (Overburden),SPV-002,Grading,Near Miss,1,0,0,0,0,0,0,13,150.4,Hujan Ringan,Peralatan Rusak,Perbaikan Alat,Overdue,Pit-A-Blok02,
1317,2022-03-01,Tuesday,3,Q1,2022,Shift 2 (19:00-07:00),Stockpile,SPV-020,Grading,Near Miss,1,0,0,0,0,0,0,11,131.1,Hujan Lebat,Human Error,Investigasi Lanjut,Selesai,Stockp-Blok03,
1318,2022-09-12,Monday,9,Q3,2022,Shift 1 (07:00-19:00),Pit-B (Coal Getting),SPV-003,Loading,First Aid,0,1,0,0,0,0,0,8,104.6,Cerah,Kelelahan Pekerja,Perbaikan Alat,Belum Dimulai,Pit-B-Blok01,Sudah dilaporkan ke HSE Manager
1319,2022-05-20,Friday,5,Q2,2022,Shift 1 (07:00-19:00),Workshop,SPV-015,Grading,Environmental Spill,0,0,0,0,0,0,0,14,178.5,Cerah,Kondisi Cuaca Buruk,Briefing Safety,Selesai,Worksh-Blok02,Sudah dilaporkan ke HSE Manager
1320,2023-12-04,Monday,12,Q4,2023,Shift 2 (19:00-07:00),Drainase,SPV-020,Pumping,Near Miss,1,0,0,0,0,0,0,36,375,Cerah,Kelelahan Pekerja,Pelatihan Ulang,Dalam Proses,Draina-Blok01,
1321,2024-09-21,Saturday,9,Q3,2024,Shift 2 (19:00-07:00),Pit-A (Overburden),SPV-018,Blasting,First Aid,0,1,0,0,0,0,0,30,383.3,Berawan,Desain/Engineering,Perbaikan Desain,Selesai,Pit-A-Blok01,
1322,2023-03-28,Tuesday,3,Q1,2023,Shift 1 (07:00-19:00),Pit-C (Hauling),SPV-013,Blasting,Medical Treatment,0,0,1,0,0,0,0,36,454.3,Hujan Ringan,Peralatan Rusak,Investigasi Lanjut,Selesai,Pit-C-Blok01,
1323,2024-07-17,Wednesday,7,Q3,2024,Shift 1 (07:00-19:00),Pit-B (Coal Getting),SPV-015,Administrasi,Lost Time Injury,0,0,0,1,0,9,0,24,284.3,Cerah,Komunikasi Buruk,Revisi Prosedur,Dalam Proses,Pit-B-Blok05,
1324,2024-09-24,Tuesday,9,Q3,2024,Shift 2 (19:00-07:00),Pit-B (Coal Getting),SPV-019,Dozing,Lost Time Injury,0,0,0,1,0,11,0,45,512.4,Hujan Lebat,Komunikasi Buruk,Perbaikan Desain,Selesai,Pit-B-Blok01,
1325,2022-10-17,Monday,10,Q4,2022,Shift 2 (19:00-07:00),Pit-A (Overburden),SPV-006,Survei,Near Miss,1,0,0,0,0,0,0,37,454.9,Hujan Ringan,Human Error,Perbaikan Alat,Selesai,Pit-A-Blok04,
1326,2023-03-03,Friday,3,Q1,2023,Shift 1 (07:00-19:00),Office Area,SPV-010,Maintenance,First Aid,0,1,0,0,0,0,0,20,5000,Hujan Ringan,Alat Pelindung Diri Tidak Sesuai,Briefing Safety,Overdue,Office-Blok02,
1327,2024-03-05,Tuesday,3,Q1,2024,Shift 2 (19:00-07:00),Pit-C (Hauling),SPV-016,Maintenance,Medical Treatment,0,0,1,0,0,0,0,22,261.3,Cerah,Human Error,Investigasi Lanjut,Selesai,Pit-C-Blok02,
1328,2023-08-29,Tuesday,8,Q3,2023,Shift 1 (07:00-19:00),Pit-B (Coal Getting),SPV-003,Pumping,Environmental Spill,0,0,0,0,0,0,0,31,311,Hujan Lebat,Kelelahan Pekerja,Perbaikan Alat,Dalam Proses,Pit-B-Blok01,Menunggu spare part
1329,2023-11-16,Thursday,11,Q4,2023,Shift 1 (07:00-19:00),Drainase,SPV-001,Dozing,Near Miss,1,0,0,0,0,0,0,30,331,Hujan Ringan,Komunikasi Buruk,Briefing Safety,Dalam Proses,Draina-Blok03,Sudah dilaporkan ke HSE Manager
1330,2024-10-15,Tuesday,10,Q4,2024,Shift 1 (07:00-19:00),Stockpile,SPV-004,Pengawasan,Medical Treatment,0,0,1,0,0,0,0,9,118.2,Hujan Lebat,Desain/Engineering,Penggantian APD,Selesai,Stockp-Blok02,Perlu tindak lanjut
1331,2024-07-23,Tuesday,7,Q3,2024,Shift 2 (19:00-07:00),Drainase,SPV-018,Fueling,Near Miss,1,0,0,0,0,0,0,10,98.8,Cerah,Peralatan Rusak,Briefing Safety,Selesai,Draina-Blok04,Perlu tindak lanjut
1332,2023-03-29,Wednesday,3,Q1,2023,Shift 1 (07:00-19:00),Pit-B (Coal Getting),SPV-003,Blasting,First Aid,0,1,0,0,0,0,0,22,244.3,Hujan Lebat,Peralatan Rusak,Penggantian APD,Belum Dimulai,Pit-B-Blok02,
1333,2022-07-14,Thursday,7,Q3,2022,Shift 2 (19:00-07:00),Pit-C (Hauling),SPV-019,Blasting,Near Miss,1,0,0,0,0,0,0,20,226.2,Berawan,Kondisi Cuaca Buruk,Investigasi Lanjut,Dalam Proses,Pit-C-Blok03,Investigasi selesai
1334,2023-05-11,Thursday,5,Q2,2023,Shift 1 (07:00-19:00),,SPV-013,Fueling,Near Miss,1,0,0,0,0,0,0,11,122.7,Cerah,Kelelahan Pekerja,Investigasi Lanjut,Selesai,Pit-B-Blok04,
1335,2023-10-10,Tuesday,10,Q4,2023,Shift 2 (19:00-07:00),Pit-B (Coal Getting),SPV-019,Fueling,First Aid,0,1,0,0,0,0,0,29,372.7,Hujan Ringan,Faktor Eksternal,Perbaikan Alat,Selesai,Pit-B-Blok03,
1336,2024-12-29,Sunday,12,Q4,2024,Shift 2 (19:00-07:00),Stockpile,SPV-005,Fueling,First Aid,0,1,0,0,0,0,0,29,316.9,Berawan,Peralatan Rusak,Perbaikan Desain,Selesai,Stockp-Blok01,Sudah dilaporkan ke HSE Manager
1337,2024-05-20,Monday,5,Q2,2024,Shift 1 (07:00-19:00),Workshop,SPV-009,Survei,First Aid,0,1,0,0,0,0,0,11,133.7,Cerah,Human Error,Perbaikan Desain,Dalam Proses,Worksh-Blok05,Menunggu spare part
1338,2023-03-26,Sunday,3,Q1,2023,Shift 1 (07:00-19:00),ROM (Run of Mine),SPV-010,Fueling,Near Miss,1,0,0,0,0,0,0,41,445.8,Cerah,Peralatan Rusak,Perbaikan Alat,Selesai,ROM (R-Blok02,Perlu tindak lanjut
1339,2023-10-24,Tuesday,10,Q4,2023,Shift 1 (07:00-19:00),Pit-A (Overburden),SPV-004,Pengawasan,Medical Treatment,0,0,1,0,0,0,0,31,387.5,Berkabut,Komunikasi Buruk,Pelatihan Ulang,Selesai,Pit-A-Blok02,Menunggu spare part
1340,2022-05-21,Saturday,5,Q2,2022,Shift 1 (07:00-19:00),Pit-B (Coal Getting),SPV-008,Pumping,Medical Treatment,0,0,1,0,0,0,0,22,264.3,Hujan Lebat,Kondisi Cuaca Buruk,Perbaikan Desain,Belum Dimulai,Pit-B-Blok03,
1341,2023-11-18,Saturday,11,Q4,2023,Shift 1 (07:00-19:00),Drainase,SPV-018,Loading,Property Damage,0,0,0,0,0,0,1,43,452.6,Hujan Lebat,Prosedur Tidak Diikuti,Revisi Prosedur,Selesai,Draina-Blok01,Sudah dilaporkan ke HSE Manager
1342,2023-09-26,Tuesday,9,Q3,2023,Shift 1 (07:00-19:00),Pit-B (Coal Getting),SPV-014,Administrasi,First Aid,0,1,0,0,0,0,0,29,325.3,Berawan,Human Error,Perbaikan Alat,Dalam Proses,Pit-B-Blok04,Sudah dilaporkan ke HSE Manager
1343,2024-08-06,Tuesday,8,Q3,2024,Shift 1 (07:00-19:00),Pit-B (Coal Getting),SPV-002,Grading,First Aid,0,1,0,0,0,0,0,13,152.3,Hujan Lebat,Human Error,Perbaikan Alat,Overdue,Pit-B-Blok02,
1344,2023-08-23,Wednesday,8,Q3,2023,Shift 2 (19:00-07:00),Pit-A (Overburden),SPV-012,Administrasi,First Aid,0,1,0,0,0,0,0,39,474.1,Berkabut,Kelelahan Pekerja,Revisi Prosedur,Selesai,Pit-A-Blok03,Perlu tindak lanjut
1345,2023-07-07,Friday,7,Q3,2023,Shift 2 (19:00-07:00),Drainase,SPV-004,Dozing,First Aid,0,1,0,0,0,0,0,33,389.6,Berawan,Desain/Engineering,Briefing Safety,Selesai,Draina-Blok04,
1346,2024-07-25,Thursday,7,Q3,2024,Shift 1 (07:00-19:00),Workshop,SPV-012,Dozing,Near Miss,1,0,0,0,0,0,0,25,253,Cerah,Prosedur Tidak Diikuti,Perbaikan Alat,Dalam Proses,Worksh-Blok02,
1347,2022-11-30,Wednesday,11,Q4,2022,Shift 1 (07:00-19:00),Pit-B (Coal Getting),SPV-010,Pengawasan,First Aid,0,1,0,0,0,0,0,22,271.5,Cerah,Alat Pelindung Diri Tidak Sesuai,Briefing Safety,Overdue,Pit-B-Blok01,
1348,2023-03-13,Monday,3,Q1,2023,Shift 1 (07:00-19:00),Pit-A (Overburden),SPV-006,Administrasi,Medical Treatment,0,0,1,0,0,0,0,17,177.8,Cerah,Housekeeping Buruk,Penggantian APD,Selesai,Pit-A-Blok04,Perlu tindak lanjut
1349,2022-04-24,Sunday,4,Q2,2022,Shift 1 (07:00-19:00),Pit-B (Coal Getting),SPV-018,Maintenance,Near Miss,1,0,0,0,0,0,0,27,339.3,Cerah,Desain/Engineering,Briefing Safety,Dalam Proses,Pit-B-Blok05,
1350,2024-03-29,Friday,3,Q1,2024,Shift 1 (07:00-19:00),ROM (Run of Mine),SPV-013,Grading,Near Miss,1,0,0,0,0,0,0,11,134.1,Cerah,Peralatan Rusak,Briefing Safety,Selesai,ROM (R-Blok03,
1351,2022-12-22,Thursday,12,Q4,2022,Shift 2 (19:00-07:00),Pit-B (Coal Getting),SPV-006,Drilling,First Aid,0,1,0,0,0,0,0,33,386,Hujan Ringan,Faktor Eksternal,Penggantian APD,Selesai,Pit-B-Blok05,
1352,2022-02-16,Wednesday,2,Q1,2022,Shift 1 (07:00-19:00),Pit-B (Coal Getting),SPV-002,Fueling,Near Miss,1,0,0,0,0,0,0,24,311.6,Hujan Ringan,Komunikasi Buruk,Investigasi Lanjut,Overdue,Pit-B-Blok05,
1353,2024-07-15,Monday,7,Q3,2024,Shift 2 (19:00-07:00),Drainase,SPV-004,Loading,Lost Time Injury,0,0,0,1,0,9,0,27,275.7,Cerah,Faktor Eksternal,Briefing Safety,Overdue,Draina-Blok03,Menunggu spare part
1354,2022-02-18,Friday,2,Q1,2022,Shift 1 (07:00-19:00),Pit-A (Overburden),SPV-011,Maintenance,Medical Treatment,0,0,1,0,0,0,0,45,475.7,Berawan,Kondisi Cuaca Buruk,Penggantian APD,Selesai,Pit-A-Blok03,Perlu tindak lanjut
1355,2023-09-02,Saturday,9,Q3,2023,Shift 2 (19:00-07:00),Pit-B (Coal Getting),SPV-005,Maintenance,Near Miss,1,0,0,0,0,0,0,39,498.5,Cerah,Faktor Eksternal,Pelatihan Ulang,Selesai,Pit-B-Blok03,Perlu tindak lanjut
1356,2023-02-27,Monday,2,Q1,2023,Shift 1 (07:00-19:00),Office Area,SPV-017,Hauling,First Aid,0,1,0,0,0,0,0,10,120.4,Berkabut,Prosedur Tidak Diikuti,Perbaikan Alat,Selesai,Office-Blok01,
1357,2023-12-06,Wednesday,12,Q4,2023,Shift 1 (07:00-19:00),Pit-A (Overburden),SPV-009,Grading,Near Miss,1,0,0,0,0,0,0,27,306.1,Berawan,Alat Pelindung Diri Tidak Sesuai,Briefing Safety,Selesai,Pit-A-Blok05,
1358,2023-10-11,Wednesday,10,Q4,2023,Shift 1 (07:00-19:00),Pit-A (Overburden),SPV-007,Pumping,Near Miss,1,0,0,0,0,0,0,13,154.4,Hujan Ringan,Peralatan Rusak,Perbaikan Alat,Selesai,Pit-A-Blok02,
1359,2024-06-13,Thursday,6,Q2,2024,Shift 1 (07:00-19:00),Pit-C (Hauling),SPV-010,Drilling,Lost Time Injury,0,0,0,1,0,14,0,9,101.9,Cerah,Prosedur Tidak Diikuti,Briefing Safety,Selesai,Pit-C-Blok04,
1360,2024-11-13,Wednesday,11,Q4,2024,Shift 2 (19:00-07:00),Pit-B (Coal Getting),SPV-003,Pengawasan,Lost Time Injury,0,0,0,1,0,13,0,27,314.5,Hujan Ringan,Faktor Eksternal,Perbaikan Alat,Selesai,Pit-B-Blok04,
1361,2024-04-06,Saturday,4,Q2,2024,Shift 1 (07:00-19:00),Workshop,SPV-009,Survei,Medical Treatment,0,0,1,0,0,0,0,22,265.9,Cerah,Prosedur Tidak Diikuti,Penggantian APD,Dalam Proses,Worksh-Blok05,Menunggu spare part
1362,2024-10-04,Friday,10,Q4,2024,Shift 2 (19:00-07:00),Pit-C (Hauling),SPV-017,Drilling,Near Miss,1,0,0,0,0,0,0,10,118.5,Berawan,Komunikasi Buruk,Investigasi Lanjut,Selesai,Pit-C-Blok01,
1363,2023-07-31,Monday,7,Q3,2023,Shift 2 (19:00-07:00),Stockpile,SPV-015,Grading,First Aid,0,1,0,0,0,0,0,43,564.2,Hujan Lebat,Housekeeping Buruk,Revisi Prosedur,Selesai,Stockp-Blok04,Perlu tindak lanjut
1364,2023-12-19,Tuesday,12,Q4,2023,Shift 1 (07:00-19:00),Workshop,SPV-005,Maintenance,First Aid,0,1,0,0,0,0,0,25,322.1,Cerah,Kelelahan Pekerja,Revisi Prosedur,Belum Dimulai,Worksh-Blok03,
1365,2022-10-18,Tuesday,10,Q4,2022,Shift 1 (07:00-19:00),Pit-C (Hauling),SPV-010,Fueling,Medical Treatment,0,0,1,0,0,0,0,9,94.8,Cerah,Housekeeping Buruk,Perbaikan Alat,Belum Dimulai,Pit-C-Blok02,Sudah dilaporkan ke HSE Manager
1366,2022-02-03,Thursday,2,Q1,2022,Shift 1 (07:00-19:00),Pit-B (Coal Getting),SPV-003,Grading,First Aid,0,1,0,0,0,0,0,45,470,Berawan,Prosedur Tidak Diikuti,Pelatihan Ulang,Dalam Proses,Pit-B-Blok01,Sudah dilaporkan ke HSE Manager
1367,2024-08-05,Monday,8,Q3,2024,Shift 1 (07:00-19:00),Pit-C (Hauling),SPV-018,Fueling,,0,1,0,0,0,0,0,31,360.5,Cerah,Desain/Engineering,Briefing Safety,Dalam Proses,Pit-C-Blok05,
1368,2024-11-29,Friday,11,Q4,2024,Shift 1 (07:00-19:00),Pit-C (Hauling),SPV-006,Survei,Near Miss,1,0,0,0,0,0,0,25,261.8,Hujan Lebat,Desain/Engineering,Investigasi Lanjut,Dalam Proses,Pit-C-Blok01,Menunggu spare part
1369,2022-07-18,Monday,7,Q3,2022,Shift 2 (19:00-07:00),Pit-B (Coal Getting),SPV-010,Survei,Near Miss,1,0,0,0,0,0,0,37,436.4,Cerah,Desain/Engineering,Briefing Safety,Selesai,Pit-B-Blok05,
1370,2024-03-10,Sunday,3,Q1,2024,Shift 2 (19:00-07:00),Pit-C (Hauling),SPV-019,Maintenance,Near Miss,1,0,0,0,0,0,0,43,430.1,Berkabut,Prosedur Tidak Diikuti,Briefing Safety,Overdue,Pit-C-Blok02,
1371,2023-11-04,Saturday,11,Q4,2023,Shift 2 (19:00-07:00),Pit-A (Overburden),SPV-012,Drilling,Near Miss,1,0,0,0,0,0,0,12,134.1,Berawan,Peralatan Rusak,Briefing Safety,Selesai,Pit-A-Blok04,
1372,2024-12-27,Friday,12,Q4,2024,Shift 2 (19:00-07:00),Pit-C (Hauling),SPV-013,Grading,Lost Time Injury,0,0,0,1,0,3,0,40,446,Cerah,Komunikasi Buruk,Revisi Prosedur,Selesai,Pit-C-Blok04,Sudah dilaporkan ke HSE Manager
1373,2023-04-21,Friday,4,Q2,2023,Shift 2 (19:00-07:00),Drainase,SPV-009,Hauling,Near Miss,1,0,0,0,0,0,0,42,437.5,Cerah,Prosedur Tidak Diikuti,Perbaikan Desain,Selesai,Draina-Blok05,Menunggu spare part
1374,2024-06-27,Thursday,6,Q2,2024,Shift 1 (07:00-19:00),Pit-A (Overburden),SPV-016,Administrasi,Medical Treatment,0,0,1,0,0,0,0,27,346.7,Hujan Lebat,Faktor Eksternal,Penggantian APD,Dalam Proses,Pit-A-Blok02,Sudah dilaporkan ke HSE Manager
1375,2023-11-30,Thursday,11,Q4,2023,Shift 1 (07:00-19:00),ROM (Run of Mine),SPV-020,Loading,Medical Treatment,0,0,1,0,0,0,0,26,291.3,Cerah,Alat Pelindung Diri Tidak Sesuai,Perbaikan Alat,Overdue,ROM (R-Blok03,Sudah dilaporkan ke HSE Manager
1376,2024-03-09,Saturday,3,Q1,2024,Shift 1 (07:00-19:00),Pit-C (Hauling),SPV-008,Maintenance,First Aid,0,1,0,0,0,0,0,10,107.7,Hujan Ringan,Komunikasi Buruk,Perbaikan Alat,Selesai,Pit-C-Blok01,
1377,2024-01-10,Wednesday,1,Q1,2024,Shift 1 (07:00-19:00),Drainase,SPV-014,Survei,Near Miss,1,0,0,0,0,0,0,13,154.4,Hujan Ringan,Kelelahan Pekerja,Investigasi Lanjut,Selesai,Draina-Blok05,
1378,2022-06-19,Sunday,6,Q2,2022,Shift 2 (19:00-07:00),Office Area,SPV-010,Administrasi,Near Miss,1,0,0,0,0,0,0,13,152.8,Berawan,Human Error,Briefing Safety,Dalam Proses,Office-Blok02,Sudah dilaporkan ke HSE Manager
1379,2022-11-04,Friday,11,Q4,2022,Shift 2 (19:00-07:00),Pit-A (Overburden),SPV-002,Maintenance,First Aid,0,1,0,0,0,0,0,31,380.3,Berawan,Peralatan Rusak,Perbaikan Alat,Belum Dimulai,Pit-A-Blok02,Investigasi selesai
1380,2023-10-11,Wednesday,10,Q4,2023,Shift 1 (07:00-19:00),Office Area,SPV-007,Fueling,Near Miss,1,0,0,0,0,0,0,37,392.4,Cerah,Prosedur Tidak Diikuti,Penggantian APD,Dalam Proses,Office-Blok04,
1381,2024-05-13,Monday,5,Q2,2024,Shift 1 (07:00-19:00),Stockpile,SPV-002,Maintenance,Medical Treatment,0,0,1,0,0,0,0,17,174.9,Hujan Lebat,Kondisi Cuaca Buruk,Penggantian APD,Selesai,Stockp-Blok04,
1382,2023-10-10,Tuesday,10,Q4,2023,Shift 1 (07:00-19:00),Pit-C (Hauling),SPV-017,Blasting,First Aid,0,1,0,0,0,0,0,34,370.3,Cerah,Komunikasi Buruk,Pelatihan Ulang,Belum Dimulai,Pit-C-Blok05,Investigasi selesai
1383,2022-02-15,Tuesday,2,Q1,2022,Shift 1 (07:00-19:00),Pit-C (Hauling),SPV-010,Hauling,Near Miss,1,0,0,0,0,0,0,22,258.3,Cerah,Faktor Eksternal,Briefing Safety,Dalam Proses,Pit-C-Blok02,Perlu tindak lanjut
1384,2023-06-22,Thursday,6,Q2,2023,Shift 2 (19:00-07:00),Pit-B (Coal Getting),SPV-004,Loading,Property Damage,0,0,0,0,0,0,1,9,97.3,Hujan Ringan,Kelelahan Pekerja,Investigasi Lanjut,Selesai,Pit-B-Blok01,
1385,2024-06-06,Thursday,6,Q2,2024,Shift 1 (07:00-19:00),Stockpile,SPV-003,Pumping,Medical Treatment,0,0,1,0,0,0,0,21,262.2,Cerah,Peralatan Rusak,Perbaikan Alat,Selesai,Stockp-Blok04,Investigasi selesai
1386,2022-10-30,Sunday,10,Q4,2022,Shift 2 (19:00-07:00),Pit-C (Hauling),SPV-011,Pumping,Medical Treatment,0,0,1,0,0,0,0,29,340.7,Cerah,Human Error,Revisi Prosedur,Selesai,Pit-C-Blok04,
1387,2022-11-24,Thursday,11,Q4,2022,Shift 1 (07:00-19:00),Pit-C (Hauling),SPV-018,Drilling,Environmental Spill,0,0,0,0,0,0,0,42,483.7,Cerah,Faktor Eksternal,Penggantian APD,Selesai,Pit-C-Blok01,Perlu tindak lanjut
1388,2024-10-19,Saturday,10,Q4,2024,Shift 1 (07:00-19:00),Pit-A (Overburden),SPV-008,Pengawasan,Near Miss,1,0,0,0,0,0,0,17,214.3,Cerah,Faktor Eksternal,Revisi Prosedur,Selesai,Pit-A-Blok03,Investigasi selesai
1389,2023-09-13,Wednesday,9,Q3,2023,Shift 2 (19:00-07:00),Pit-A (Overburden),SPV-009,Loading,Medical Treatment,0,0,1,0,0,0,0,42,541.8,Berawan,Alat Pelindung Diri Tidak Sesuai,Pelatihan Ulang,Belum Dimulai,Pit-A-Blok05,Sudah dilaporkan ke HSE Manager
1390,2024-07-15,Monday,7,Q3,2024,Shift 1 (07:00-19:00),Stockpile,SPV-011,Dozing,Medical Treatment,0,0,1,0,0,0,0,30,338.3,Hujan Lebat,Peralatan Rusak,Briefing Safety,Dalam Proses,Stockp-Blok05,Investigasi selesai
1391,2023-11-10,Friday,11,Q4,2023,Shift 1 (07:00-19:00),Pit-C (Hauling),SPV-002,Fueling,Near Miss,1,0,0,0,0,0,0,20,246.4,Hujan Lebat,Prosedur Tidak Diikuti,Pelatihan Ulang,Selesai,Pit-C-Blok01,
1392,2024-05-16,Thursday,5,Q2,2024,Shift 2 (19:00-07:00),Pit-B (Coal Getting),SPV-013,Administrasi,Near Miss,1,0,0,0,0,0,0,31,313.4,Cerah,Komunikasi Buruk,Penggantian APD,Selesai,Pit-B-Blok02,Perlu tindak lanjut
1393,2022-03-05,Saturday,3,Q1,2022,Shift 1 (07:00-19:00),Pit-A (Overburden),SPV-007,Drilling,Near Miss,1,0,0,0,0,0,0,8,91.1,Cerah,Kondisi Cuaca Buruk,Briefing Safety,Overdue,Pit-A-Blok03,Perlu tindak lanjut
1394,2024-06-22,Saturday,6,Q2,2024,Shift 1 (07:00-19:00),Pit-B (Coal Getting),SPV-018,Fueling,Medical Treatment,0,0,1,0,0,0,0,29,326.6,Berawan,Alat Pelindung Diri Tidak Sesuai,Revisi Prosedur,Selesai,Pit-B-Blok03,Perlu tindak lanjut
1395,2023-11-11,Saturday,11,Q4,2023,Shift 2 (19:00-07:00),Pit-A (Overburden),SPV-001,Survei,Near Miss,1,0,0,0,0,0,0,35,374.3,Hujan Lebat,Desain/Engineering,Revisi Prosedur,Belum Dimulai,Pit-A-Blok03,Menunggu spare part
1396,2023-09-18,Monday,9,Q3,2023,Shift 1 (07:00-19:00),Pit-B (Coal Getting),SPV-015,Grading,Near Miss,1,0,0,0,0,0,0,22,262.9,Hujan Ringan,Alat Pelindung Diri Tidak Sesuai,Perbaikan Desain,Selesai,Pit-B-Blok04,Sudah dilaporkan ke HSE Manager
1397,2024-06-26,Wednesday,6,Q2,2024,Shift 2 (19:00-07:00),Pit-B (Coal Getting),SPV-012,Fueling,First Aid,0,1,0,0,0,0,0,33,428.6,Cerah,Kondisi Cuaca Buruk,Perbaikan Alat,Belum Dimulai,Pit-B-Blok02,
1398,2022-10-11,Tuesday,10,Q4,2022,Shift 2 (19:00-07:00),Drainase,SPV-008,Maintenance,First Aid,0,1,0,0,0,0,0,19,194.6,Cerah,Desain/Engineering,Briefing Safety,Selesai,Draina-Blok02,Menunggu spare part
1399,2022-12-01,Thursday,12,Q4,2022,SHIFT 1,Pit-A (Overburden),SPV-003,Maintenance,Near Miss,1,0,0,0,0,0,0,38,449.8,Hujan Ringan,Human Error,Perbaikan Alat,Selesai,Pit-A-Blok04,Perlu tindak lanjut
1400,2023-07-18,Tuesday,7,Q3,2023,Shift 2 (19:00-07:00),Drainase,SPV-013,Blasting,First Aid,0,1,0,0,0,0,0,29,318.1,Hujan Ringan,Komunikasi Buruk,Pelatihan Ulang,Overdue,Draina-Blok04,Perlu tindak lanjut
1401,2024-04-27,Saturday,4,Q2,2024,Shift 2 (19:00-07:00),Office Area,SPV-007,Pengawasan,Near Miss,1,0,0,0,0,0,0,38,474.3,Cerah,Faktor Eksternal,Penggantian APD,Dalam Proses,Office-Blok01,
1402,2023-11-14,Tuesday,11,Q4,2023,Shift 2 (19:00-07:00),Pit-B (Coal Getting),SPV-015,Loading,Near Miss,1,0,0,0,0,0,0,32,315.1,Cerah,Faktor Eksternal,Revisi Prosedur,Selesai,Pit-B-Blok03,
1403,2024-11-02,Saturday,11,Q4,2024,Shift 2 (19:00-07:00),Office Area,SPV-001,Drilling,First Aid,0,1,0,0,0,0,0,26,332.4,Cerah,Faktor Eksternal,Pelatihan Ulang,Selesai,Office-Blok02,Perlu tindak lanjut
1404,2022-10-14,Friday,10,Q4,2022,Shift 2 (19:00-07:00),Workshop,SPV-015,Drilling,Near Miss,1,0,0,0,0,0,0,40,523,Berawan,Human Error,Perbaikan Desain,Selesai,Worksh-Blok03,
1405,2024-08-25,Sunday,8,Q3,2024,Shift 2 (19:00-07:00),Workshop,SPV-001,Grading,First Aid,0,1,0,0,0,0,0,42,464.4,Cerah,Alat Pelindung Diri Tidak Sesuai,Investigasi Lanjut,Selesai,Worksh-Blok01,Investigasi selesai
1406,2023-01-14,Saturday,1,Q1,2023,Shift 1 (07:00-19:00),Pit-C (Hauling),SPV-009,Pumping,First Aid,0,1,0,0,0,0,0,22,258.9,Cerah,Kondisi Cuaca Buruk,Investigasi Lanjut,Selesai,Pit-C-Blok02,
1407,2023-01-08,Sunday,1,Q1,2023,Shift 2 (19:00-07:00),Pit-A (Overburden),SPV-005,Maintenance,Medical Treatment,0,0,1,0,0,0,0,31,308.6,Hujan Ringan,Kondisi Cuaca Buruk,Revisi Prosedur,Belum Dimulai,Pit-A-Blok01,Sudah dilaporkan ke HSE Manager
1408,2022-07-08,Friday,7,Q3,2022,Shift 1 (07:00-19:00),Workshop,SPV-004,Blasting,First Aid,0,1,0,0,0,0,0,18,227,Berawan,Human Error,Penggantian APD,Overdue,Worksh-Blok05,Perlu tindak lanjut
1409,2023-12-07,Thursday,12,Q4,2023,Shift 1 (07:00-19:00),Workshop,SPV-005,Pengawasan,First Aid,0,1,0,0,0,0,0,41,438.6,Hujan Lebat,Human Error,Revisi Prosedur,Selesai,Worksh-Blok03,
1410,2024-07-30,Tuesday,7,Q3,2024,Shift 1 (07:00-19:00),ROM (Run of Mine),SPV-018,Blasting,First Aid,0,1,0,0,0,0,0,33,323.4,Cerah,Human Error,Investigasi Lanjut,Selesai,ROM (R-Blok02,
1411,2023-08-04,Friday,8,Q3,2023,Shift 1 (07:00-19:00),ROM (Run of Mine),SPV-009,Dozing,First Aid,0,1,0,0,0,0,0,26,270.6,Berawan,Kelelahan Pekerja,Pelatihan Ulang,Selesai,ROM (R-Blok02,Menunggu spare part
1412,2022-03-12,Saturday,3,Q1,2022,Shift 2 (19:00-07:00),Drainase,SPV-010,Maintenance,Near Miss,1,0,0,0,0,0,0,13,160.3,Berawan,Faktor Eksternal,Perbaikan Alat,Dalam Proses,Draina-Blok02,
1413,2022-10-25,Tuesday,10,Q4,2022,Shift 1 (07:00-19:00),Pit-C (Hauling),SPV-001,Pengawasan,Medical Treatment,0,0,1,0,0,0,0,15,168.3,Berawan,Housekeeping Buruk,Perbaikan Desain,Overdue,Pit-C-Blok04,
1414,2024-01-28,Sunday,1,Q1,2024,Shift 1 (07:00-19:00),Pit-B (Coal Getting),SPV-006,Hauling,First Aid,0,1,0,0,0,0,0,18,231.7,Berawan,Prosedur Tidak Diikuti,Perbaikan Desain,Selesai,Pit-B-Blok03,Investigasi selesai
1415,2023-06-11,Sunday,6,Q2,2023,Shift 1 (07:00-19:00),ROM (Run of Mine),SPV-017,Survei,First Aid,0,1,0,0,0,0,0,13,155.5,Cerah,Kondisi Cuaca Buruk,Investigasi Lanjut,Dalam Proses,ROM (R-Blok05,Perlu tindak lanjut
1416,2022-01-13,Thursday,1,Q1,2022,Shift 2 (19:00-07:00),Pit-A (Overburden),SPV-013,Grading,Near Miss,1,0,0,0,0,0,0,35,462.2,Berawan,Komunikasi Buruk,Revisi Prosedur,Selesai,Pit-A-Blok03,
1417,2024-03-06,Wednesday,3,Q1,2024,Shift 2 (19:00-07:00),Workshop,SPV-004,Maintenance,Property Damage,0,0,0,0,0,0,1,37,440.7,Hujan Ringan,Kondisi Cuaca Buruk,Pelatihan Ulang,Overdue,Worksh-Blok01,Menunggu spare part
1418,2024-04-15,Monday,4,Q2,2024,Shift 2 (19:00-07:00),Office Area,SPV-015,Maintenance,Near Miss,1,0,0,0,0,0,0,11,132.2,Hujan Lebat,Prosedur Tidak Diikuti,Penggantian APD,Selesai,Office-Blok01,Sudah dilaporkan ke HSE Manager
1419,2024-07-12,Friday,7,Q3,2024,Shift 2 (19:00-07:00),Pit-B (Coal Getting),SPV-014,Pengawasan,Medical Treatment,0,0,1,0,0,0,0,14,138.8,Cerah,Desain/Engineering,Perbaikan Alat,Dalam Proses,Pit-B-Blok05,
1420,2023-02-16,Thursday,2,Q1,2023,Shift 2 (19:00-07:00),Pit-C (Hauling),SPV-005,Blasting,Near Miss,1,0,0,0,0,0,0,30,372.9,Cerah,Komunikasi Buruk,Perbaikan Alat,Belum Dimulai,Pit-C-Blok04,
1421,2023-04-23,Sunday,4,Q2,2023,Shift 2 (19:00-07:00),Pit-B (Coal Getting),SPV-002,Grading,Near Miss,1,0,0,0,0,0,0,35,432.3,Hujan Ringan,Faktor Eksternal,Revisi Prosedur,Selesai,Pit-B-Blok01,
1422,2023-03-03,Friday,3,Q1,2023,Shift 1 (07:00-19:00),Pit-C (Hauling),SPV-004,Blasting,Near Miss,1,0,0,0,0,0,0,21,273.1,Cerah,Kondisi Cuaca Buruk,Penggantian APD,Overdue,Pit-C-Blok05,Perlu tindak lanjut
1423,2024-02-20,Tuesday,2,Q1,2024,Shift 2 (19:00-07:00),Office Area,SPV-012,Drilling,Medical Treatment,0,0,1,0,0,0,0,34,420.8,Cerah,Faktor Eksternal,Briefing Safety,Belum Dimulai,Office-Blok03,Investigasi selesai
1424,2024-02-13,Tuesday,2,Q1,2024,Shift 1 (07:00-19:00),Workshop,SPV-004,Administrasi,Medical Treatment,0,0,1,0,0,0,0,21,209.6,Hujan Lebat,Kelelahan Pekerja,Investigasi Lanjut,Dalam Proses,Worksh-Blok03,Perlu tindak lanjut
1425,2024-05-28,Tuesday,5,Q2,2024,Shift 1 (07:00-19:00),Office Area,SPV-015,Fueling,Near Miss,1,0,0,0,0,0,0,21,242.1,Hujan Lebat,Komunikasi Buruk,Pelatihan Ulang,Belum Dimulai,Office-Blok01,Investigasi selesai
1426,2023-07-15,Saturday,7,Q3,2023,Shift 1 (07:00-19:00),Office Area,SPV-011,Maintenance,Near Miss,1,0,0,0,0,0,0,41,456,Hujan Lebat,Housekeeping Buruk,Revisi Prosedur,Selesai,Office-Blok05,Sudah dilaporkan ke HSE Manager
1427,2022-01-20,Thursday,1,Q1,2022,Shift 2 (19:00-07:00),Workshop,SPV-010,Drilling,First Aid,0,1,0,0,0,0,0,32,321.3,Berawan,Kondisi Cuaca Buruk,Briefing Safety,Dalam Proses,Worksh-Blok03,Menunggu spare part
1428,2023-08-10,Thursday,8,Q3,2023,Shift 1 (07:00-19:00),Pit-C (Hauling),SPV-003,Pumping,Near Miss,1,0,0,0,0,0,0,39,500.8,Berkabut,Peralatan Rusak,Revisi Prosedur,Dalam Proses,Pit-C-Blok04,
1429,2024-12-28,Saturday,12,Q4,2024,Shift 1 (07:00-19:00),Drainase,SPV-017,Maintenance,First Aid,0,1,0,0,0,0,0,25,271.9,Cerah,Housekeeping Buruk,Pelatihan Ulang,Selesai,Draina-Blok02,Investigasi selesai
1430,2024-03-31,Sunday,3,Q1,2024,Shift 1 (07:00-19:00),Pit-A (Overburden),SPV-018,Dozing,Lost Time Injury,0,0,0,1,0,2,0,32,403.3,Cerah,Human Error,Pelatihan Ulang,Selesai,Pit-A-Blok05,Perlu tindak lanjut
1431,2024-02-10,Saturday,2,Q1,2024,Shift 1 (07:00-19:00),Pit-B (Coal Getting),SPV-019,Loading,Medical Treatment,0,0,1,0,0,0,0,27,265.4,Cerah,Kondisi Cuaca Buruk,Pelatihan Ulang,Overdue,Pit-B-Blok03,Menunggu spare part
1432,2023-08-16,Wednesday,8,Q3,2023,Shift 1 (07:00-19:00),Pit-B (Coal Getting),SPV-001,Pengawasan,First Aid,0,1,0,0,0,0,0,8,82.6,Hujan Ringan,Kelelahan Pekerja,Perbaikan Desain,Selesai,Pit-B-Blok01,
1433,2022-09-04,Sunday,9,Q3,2022,Shift 2 (19:00-07:00),ROM (Run of Mine),SPV-006,Hauling,First Aid,0,1,0,0,0,0,0,21,241,Cerah,Prosedur Tidak Diikuti,Pelatihan Ulang,Selesai,ROM (R-Blok03,
1434,2023-04-05,Wednesday,4,Q2,2023,Shift 2 (19:00-07:00),Pit-B (Coal Getting),SPV-018,Pumping,Near Miss,1,0,0,0,0,0,0,11,140.5,Berkabut,Kondisi Cuaca Buruk,Investigasi Lanjut,Selesai,Pit-B-Blok04,
1435,2022-01-13,Thursday,1,Q1,2022,Shift 1 (07:00-19:00),Pit-A (Overburden),SPV-009,Pumping,Lost Time Injury,0,0,0,1,0,7,0,19,203.5,Cerah,Desain/Engineering,Penggantian APD,Selesai,Pit-A-Blok03,Sudah dilaporkan ke HSE Manager
1436,2022-07-01,Friday,7,Q3,2022,Shift 2 (19:00-07:00),Pit-B (Coal Getting),SPV-009,Maintenance,Near Miss,1,0,0,0,0,0,0,15,152.4,Berawan,Faktor Eksternal,Revisi Prosedur,Overdue,Pit-B-Blok04,
1437,2023-10-06,Friday,10,Q4,2023,Shift 1 (07:00-19:00),Drainase,SPV-002,Pengawasan,Medical Treatment,0,0,1,0,0,0,0,35,378.5,Cerah,Prosedur Tidak Diikuti,Revisi Prosedur,Belum Dimulai,Draina-Blok04,
1438,2024-10-15,Tuesday,10,Q4,2024,Shift 2 (19:00-07:00),Pit-C (Hauling),SPV-012,Administrasi,First Aid,0,1,0,0,0,0,0,15,171,Cerah,Human Error,Perbaikan Desain,Selesai,Pit-C-Blok04,
1439,2022-07-23,Saturday,7,Q3,2022,Shift 1 (07:00-19:00),Workshop,SPV-004,Fueling,First Aid,0,1,0,0,0,0,0,44,478.3,Berawan,Peralatan Rusak,Perbaikan Alat,Dalam Proses,Worksh-Blok02,Investigasi selesai
1440,2023-05-23,Tuesday,5,Q2,2023,Shift 2 (19:00-07:00),Pit-C (Hauling),SPV-013,Loading,First Aid,0,1,0,0,0,0,0,28,306.9,Hujan Lebat,Desain/Engineering,Perbaikan Alat,Dalam Proses,Pit-C-Blok04,
1441,2023-06-08,Thursday,6,Q2,2023,Shift 1 (07:00-19:00),ROM (Run of Mine),SPV-005,Maintenance,Near Miss,1,0,0,0,0,0,0,34,394.5,Cerah,Komunikasi Buruk,Briefing Safety,Belum Dimulai,ROM (R-Blok03,
1442,2024-05-28,Tuesday,5,Q2,2024,Shift 1 (07:00-19:00),Pit-B (Coal Getting),SPV-019,Dozing,Lost Time Injury,0,0,0,1,0,5,0,12,133.7,Hujan Ringan,Kelelahan Pekerja,Investigasi Lanjut,Dalam Proses,Pit-B-Blok02,Menunggu spare part
1443,2023-07-17,Monday,7,Q3,2023,Shift 2 (19:00-07:00),Stockpile,SPV-005,Maintenance,First Aid,0,1,0,0,0,0,0,35,384.8,Berkabut,Faktor Eksternal,Pelatihan Ulang,Selesai,Stockp-Blok03,
1444,2023-06-09,Friday,6,Q2,2023,Shift 2 (19:00-07:00),ROM (Run of Mine),SPV-018,Drilling,First Aid,0,1,0,0,0,0,0,35,441.7,Cerah,Kondisi Cuaca Buruk,Briefing Safety,Selesai,ROM (R-Blok02,Menunggu spare part
1445,2022-04-09,Saturday,4,Q2,2022,Shift 1 (07:00-19:00),Workshop,SPV-018,Survei,Near Miss,1,0,0,0,0,0,0,16,163.1,Cerah,Prosedur Tidak Diikuti,Revisi Prosedur,Overdue,Worksh-Blok03,Perlu tindak lanjut
1446,2022-08-14,Sunday,8,Q3,2022,Shift 1 (07:00-19:00),Pit-C (Hauling),SPV-017,Grading,Lost Time Injury,0,0,0,1,0,3,0,13,146.8,Berkabut,Peralatan Rusak,Revisi Prosedur,Belum Dimulai,Pit-C-Blok01,Sudah dilaporkan ke HSE Manager
1447,2022-08-01,Monday,8,Q3,2022,Shift 2 (19:00-07:00),Pit-A (Overburden),SPV-018,Grading,Medical Treatment,0,0,1,0,0,0,0,31,310.2,Hujan Ringan,Kondisi Cuaca Buruk,Briefing Safety,Selesai,Pit-A-Blok04,
1448,2024-03-10,Sunday,3,Q1,2024,Shift 1 (07:00-19:00),Drainase,SPV-004,Blasting,Environmental Spill,0,0,0,0,0,0,0,38,449.6,Hujan Ringan,Alat Pelindung Diri Tidak Sesuai,Penggantian APD,Selesai,Draina-Blok03,
1449,2023-05-14,Sunday,5,Q2,2023,Shift 1 (07:00-19:00),Stockpile,SPV-012,Fueling,Near Miss,1,0,0,0,0,0,0,23,278.2,Cerah,Prosedur Tidak Diikuti,Investigasi Lanjut,Belum Dimulai,Stockp-Blok02,
1450,2023-04-07,Friday,4,Q2,2023,Shift 1 (07:00-19:00),Pit-B (Coal Getting),SPV-018,Pengawasan,Lost Time Injury,0,0,0,1,0,4,0,41,481.7,Cerah,Komunikasi Buruk,Penggantian APD,Dalam Proses,Pit-B-Blok04,Investigasi selesai
1451,2022-10-21,Friday,10,Q4,2022,Shift 2 (19:00-07:00),Pit-A (Overburden),SPV-020,Maintenance,Near Miss,1,0,0,0,0,0,0,24,293.1,Cerah,Alat Pelindung Diri Tidak Sesuai,Revisi Prosedur,Selesai,Pit-A-Blok04,
1452,2022-10-27,Thursday,10,Q4,2022,Shift 2 (19:00-07:00),Workshop,SPV-020,Fueling,Near Miss,1,0,0,0,0,0,0,39,395.5,Cerah,,Investigasi Lanjut,Selesai,Worksh-Blok03,Investigasi selesai
1453,2024-09-09,Monday,9,Q3,2024,Shift 2 (19:00-07:00),Pit-A (Overburden),SPV-011,Dozing,First Aid,0,1,0,0,0,0,0,27,334.2,Hujan Lebat,Peralatan Rusak,Revisi Prosedur,Selesai,Pit-A-Blok02,Perlu tindak lanjut
1454,2022-01-27,Thursday,1,Q1,2022,Shift 1 (07:00-19:00),Pit-B (Coal Getting),SPV-011,Fueling,Near Miss,1,0,0,0,0,0,0,39,385.8,Berawan,Alat Pelindung Diri Tidak Sesuai,Perbaikan Alat,Selesai,Pit-B-Blok03,Sudah dilaporkan ke HSE Manager
1455,2022-09-13,Tuesday,9,Q3,2022,Shift 2 (19:00-07:00),ROM (Run of Mine),SPV-013,Administrasi,Near Miss,1,0,0,0,0,0,0,35,398.1,Berawan,Prosedur Tidak Diikuti,Briefing Safety,Dalam Proses,ROM (R-Blok03,
1456,2023-04-24,Monday,4,Q2,2023,Shift 2 (19:00-07:00),ROM (Run of Mine),SPV-003,Fueling,First Aid,0,1,0,0,0,0,0,16,205.2,Berawan,Desain/Engineering,Perbaikan Alat,Belum Dimulai,ROM (R-Blok01,Perlu tindak lanjut
1457,2024-02-29,Thursday,2,Q1,2024,Shift 2 (19:00-07:00),Pit-C (Hauling),SPV-015,Drilling,Near Miss,1,0,0,0,0,0,0,10,110.4,Hujan Lebat,Faktor Eksternal,Briefing Safety,Belum Dimulai,Pit-C-Blok05,Sudah dilaporkan ke HSE Manager
1458,2022-08-30,Tuesday,8,Q3,2022,Shift 1 (07:00-19:00),Stockpile,SPV-007,Survei,Property Damage,0,0,0,0,0,0,1,30,360.5,Berkabut,Kondisi Cuaca Buruk,Investigasi Lanjut,Belum Dimulai,Stockp-Blok02,
1459,2023-06-09,Friday,6,Q2,2023,Shift 1 (07:00-19:00),Stockpile,SPV-019,Dozing,First Aid,0,1,0,0,0,0,0,21,218.5,Berkabut,Kelelahan Pekerja,Investigasi Lanjut,Dalam Proses,Stockp-Blok01,
1460,2023-07-18,Tuesday,7,Q3,2023,Shift 2 (19:00-07:00),Pit-C (Hauling),SPV-014,Fueling,Near Miss,1,0,0,0,0,0,0,12,128.2,Berawan,Kondisi Cuaca Buruk,Perbaikan Alat,Selesai,Pit-C-Blok03,
1461,2024-08-29,Thursday,8,Q3,2024,Shift 1 (07:00-19:00),Stockpile,SPV-004,Pengawasan,Near Miss,1,0,0,0,0,0,0,42,552.7,Hujan Lebat,Faktor Eksternal,Briefing Safety,Selesai,Stockp-Blok04,Sudah dilaporkan ke HSE Manager
1462,2023-01-22,Sunday,1,Q1,2023,Shift 1 (07:00-19:00),Pit-A (Overburden),SPV-016,Survei,First Aid,0,1,0,0,0,0,0,24,259.4,Berawan,Komunikasi Buruk,Penggantian APD,Dalam Proses,Pit-A-Blok05,Investigasi selesai
1463,2024-10-26,Saturday,10,Q4,2024,Shift 1 (07:00-19:00),Pit-A (Overburden),SPV-001,Administrasi,Environmental Spill,0,0,0,0,0,0,0,11,119.6,Berkabut,Human Error,Briefing Safety,Selesai,Pit-A-Blok03,
1464,2023-05-20,Saturday,5,Q2,2023,Shift 1 (07:00-19:00),Pit-C (Hauling),SPV-016,Pengawasan,First Aid,0,1,0,0,0,0,0,43,440.4,Hujan Ringan,Komunikasi Buruk,Pelatihan Ulang,Selesai,Pit-C-Blok04,Investigasi selesai
1465,2023-01-08,Sunday,1,Q1,2023,Shift 1 (07:00-19:00),Workshop,SPV-004,Hauling,Lost Time Injury,0,0,0,1,0,7,0,44,471.6,Berawan,Desain/Engineering,Pelatihan Ulang,Dalam Proses,Worksh-Blok02,Menunggu spare part
1466,2023-05-30,Tuesday,5,Q2,2023,Shift 1 (07:00-19:00),Pit-C (Hauling),SPV-016,Dozing,Near Miss,1,0,0,0,0,0,0,29,381,Cerah,Human Error,Briefing Safety,Selesai,Pit-C-Blok04,Perlu tindak lanjut
1467,2024-10-29,Tuesday,10,Q4,2024,Shift 2 (19:00-07:00),Workshop,SPV-018,Survei,Near Miss,1,0,0,0,0,0,0,16,208.2,Cerah,Peralatan Rusak,Briefing Safety,Selesai,Worksh-Blok04,Menunggu spare part
1468,2024-11-26,Tuesday,11,Q4,2024,Shift 2 (19:00-07:00),Pit-B (Coal Getting),SPV-018,Fueling,Near Miss,1,0,0,0,0,0,0,18,213.2,Berawan,Faktor Eksternal,Pelatihan Ulang,Dalam Proses,Pit-B-Blok04,
1469,2024-01-11,Thursday,1,Q1,2024,Shift 2 (19:00-07:00),Workshop,SPV-006,Drilling,Medical Treatment,0,0,1,0,0,0,0,12,123,Cerah,Komunikasi Buruk,Briefing Safety,Selesai,Worksh-Blok05,
1470,2024-10-27,Sunday,10,Q4,2024,Shift 2 (19:00-07:00),Pit-A (Overburden),SPV-003,Pengawasan,First Aid,0,1,0,0,0,0,0,8,100.3,Cerah,Alat Pelindung Diri Tidak Sesuai,Pelatihan Ulang,Selesai,Pit-A-Blok04,Sudah dilaporkan ke HSE Manager
1471,2023-04-09,Sunday,4,Q2,2023,Shift 1 (07:00-19:00),Pit-B (Coal Getting),SPV-015,Grading,Near Miss,1,0,0,0,0,0,0,13,171.1,Berawan,Desain/Engineering,Perbaikan Alat,Belum Dimulai,Pit-B-Blok02,Menunggu spare part
1472,2024-06-03,Monday,6,Q2,2024,Shift 2 (19:00-07:00),Office Area,SPV-010,Fueling,Near Miss,1,0,0,0,0,0,0,23,280.3,Berkabut,Desain/Engineering,Perbaikan Desain,Selesai,Office-Blok03,Investigasi selesai
1473,2022-10-16,Sunday,10,Q4,2022,Shift 1 (07:00-19:00),Pit-C (Hauling),SPV-014,Pengawasan,Lost Time Injury,0,0,0,1,0,5,0,9,105,Berkabut,Prosedur Tidak Diikuti,Penggantian APD,Dalam Proses,Pit-C-Blok01,Investigasi selesai
1474,2024-03-10,Sunday,3,Q1,2024,Shift 2 (19:00-07:00),Pit-A (Overburden),SPV-007,Drilling,Medical Treatment,0,0,1,0,0,0,0,31,307.9,Cerah,Housekeeping Buruk,Perbaikan Alat,Selesai,Pit-A-Blok03,Menunggu spare part
1475,2023-02-26,Sunday,2,Q1,2023,Shift 2 (19:00-07:00),Pit-A (Overburden),SPV-011,Survei,Near Miss,1,0,0,0,0,0,0,26,314.4,Hujan Lebat,Human Error,Penggantian APD,Dalam Proses,Pit-A-Blok01,
1476,2022-10-31,Monday,10,Q4,2022,Shift 2 (19:00-07:00),Pit-B (Coal Getting),SPV-019,Maintenance,Medical Treatment,0,0,1,0,0,0,0,26,342.1,Cerah,Peralatan Rusak,Perbaikan Alat,Dalam Proses,Pit-B-Blok02,Perlu tindak lanjut
1477,2024-05-23,Thursday,5,Q2,2024,Shift 1 (07:00-19:00),Pit-B (Coal Getting),SPV-015,Pengawasan,Near Miss,1,0,0,0,0,0,0,27,288.5,Cerah,Human Error,Investigasi Lanjut,Dalam Proses,Pit-B-Blok04,Sudah dilaporkan ke HSE Manager
1478,2024-01-09,Tuesday,1,Q1,2024,Shift 2 (19:00-07:00),Pit-A (Overburden),SPV-009,Blasting,Medical Treatment,0,0,1,0,0,0,0,44,509.1,Berawan,Kondisi Cuaca Buruk,Perbaikan Desain,Selesai,Pit-A-Blok03,
1479,2022-07-29,Friday,7,Q3,2022,Shift 1 (07:00-19:00),Pit-B (Coal Getting),SPV-003,Pumping,Lost Time Injury,0,0,0,1,0,11,0,29,321.1,Hujan Ringan,Kelelahan Pekerja,Pelatihan Ulang,Selesai,Pit-B-Blok03,
1480,2022-02-07,Monday,2,Q1,2022,Shift 1 (07:00-19:00),ROM (Run of Mine),SPV-015,Survei,Near Miss,1,0,0,0,0,0,0,32,385.5,Berawan,Human Error,Briefing Safety,Dalam Proses,ROM (R-Blok04,
1481,2024-09-11,Wednesday,9,Q3,2024,Shift 1 (07:00-19:00),Pit-B (Coal Getting),SPV-009,Survei,Near Miss,1,0,0,0,0,0,0,23,285.7,Berawan,Housekeeping Buruk,Perbaikan Desain,Selesai,Pit-B-Blok01,
1482,2023-06-10,Saturday,6,Q2,2023,Shift 2 (19:00-07:00),Pit-B (Coal Getting),SPV-007,Administrasi,Near Miss,1,0,0,0,0,0,0,36,419,Cerah,Komunikasi Buruk,Briefing Safety,Selesai,Pit-B-Blok03,
1483,2023-01-12,Thursday,1,Q1,2023,Shift 1 (07:00-19:00),ROM (Run of Mine),SPV-001,Dozing,First Aid,0,1,0,0,0,0,0,13,130.8,Berawan,Prosedur Tidak Diikuti,Revisi Prosedur,Selesai,ROM (R-Blok01,Investigasi selesai
1484,2023-07-25,Tuesday,7,Q3,2023,Shift 2 (19:00-07:00),Pit-B (Coal Getting),SPV-002,Dozing,Medical Treatment,0,0,1,0,0,0,0,25,247.8,Berawan,Housekeeping Buruk,Investigasi Lanjut,Selesai,Pit-B-Blok01,
1485,2024-10-16,Wednesday,10,Q4,2024,Shift 1 (07:00-19:00),ROM (Run of Mine),SPV-002,Loading,Near Miss,1,0,0,0,0,0,0,18,200.1,Berawan,Human Error,Pelatihan Ulang,Selesai,ROM (R-Blok04,
1486,2023-03-28,Tuesday,3,Q1,2023,Shift 2 (19:00-07:00),Pit-A (Overburden),SPV-007,Fueling,Property Damage,0,0,0,0,0,0,1,26,270.1,Berawan,Kondisi Cuaca Buruk,Investigasi Lanjut,Overdue,Pit-A-Blok02,
1487,2022-03-06,Sunday,3,Q1,2022,Shift 2 (19:00-07:00),Pit-A (Overburden),SPV-005,Dozing,First Aid,0,1,0,0,0,0,0,17,191.9,Berawan,Kondisi Cuaca Buruk,Perbaikan Alat,Selesai,Pit-A-Blok05,Menunggu spare part
1488,2022-11-09,Wednesday,11,Q4,2022,Shift 2 (19:00-07:00),Pit-C (Hauling),SPV-006,Blasting,Near Miss,1,0,0,0,0,0,0,20,226.4,Hujan Lebat,Desain/Engineering,Penggantian APD,Dalam Proses,Pit-C-Blok02,
1489,32/01/2023,Wednesday,5,Q2,2022,Shift 2 (19:00-07:00),Pit-A (Overburden),SPV-018,Blasting,Near Miss,1,0,0,0,0,0,0,29,320.2,Berkabut,Prosedur Tidak Diikuti,Perbaikan Alat,Selesai,Pit-A-Blok05,Investigasi selesai
1490,2022-01-04,Tuesday,1,Q1,2022,Shift 2 (19:00-07:00),Stockpile,SPV-010,Pengawasan,First Aid,0,1,0,0,0,0,0,12,119.8,Berawan,Housekeeping Buruk,Revisi Prosedur,Dalam Proses,Stockp-Blok03,
1491,2023-01-23,Monday,1,Q1,2023,Shift 1 (07:00-19:00),Pit-B (Coal Getting),SPV-006,Maintenance,Near Miss,1,0,0,0,0,0,0,45,-5,Cerah,Human Error,Revisi Prosedur,Selesai,Pit-B-Blok04,Menunggu spare part
1492,2024-02-04,Sunday,2,Q1,2024,Shift 1 (07:00-19:00),Pit-C (Hauling),SPV-010,Administrasi,Medical Treatment,0,0,1,0,0,0,0,12,158,Berawan,Kelelahan Pekerja,Perbaikan Desain,Selesai,Pit-C-Blok04,
1493,2022-10-26,Wednesday,10,Q4,2022,Shift 2 (19:00-07:00),Office Area,SPV-010,Pengawasan,Near Miss,1,0,0,0,0,0,0,24,315.5,Berawan,Desain/Engineering,Investigasi Lanjut,Dalam Proses,Office-Blok05,
1494,2023-01-09,Monday,1,Q1,2023,Shift 1 (07:00-19:00),Office Area,SPV-005,Survei,Lost Time Injury,0,0,0,1,0,13,0,12,156.9,Hujan Ringan,Prosedur Tidak Diikuti,Revisi Prosedur,Selesai,Office-Blok05,
1495,2022-07-15,Friday,7,Q3,2022,Shift 2 (19:00-07:00),Pit-B (Coal Getting),SPV-001,Blasting,Medical Treatment,0,0,1,0,0,0,0,15,185.7,Cerah,Peralatan Rusak,Pelatihan Ulang,Dalam Proses,Pit-B-Blok01,Investigasi selesai
1496,2022-03-18,Friday,3,Q1,2022,Shift 1 (07:00-19:00),Pit-C (Hauling),SPV-005,Administrasi,First Aid,0,1,0,0,0,0,0,42,485.1,Cerah,Faktor Eksternal,Briefing Safety,Selesai,Pit-C-Blok05,Sudah dilaporkan ke HSE Manager
1497,2022-03-11,Friday,3,Q1,2022,Shift 1 (07:00-19:00),Pit-B (Coal Getting),SPV-013,Maintenance,First Aid,0,1,0,0,0,0,0,22,225.6,Berawan,Human Error,Briefing Safety,Belum Dimulai,Pit-B-Blok05,Menunggu spare part
1498,2022-07-06,Wednesday,7,Q3,2022,Shift 2 (19:00-07:00),Drainase,SPV-011,Pengawasan,Near Miss,1,0,0,0,0,0,0,32,337.1,Berawan,Human Error,Pelatihan Ulang,Selesai,Draina-Blok02,Perlu tindak lanjut
1499,2022-07-21,Thursday,7,Q3,2022,Shift 1 (07:00-19:00),Pit-B (Coal Getting),SPV-002,Blasting,Property Damage,0,0,0,0,0,0,1,31,364.4,Hujan Ringan,Faktor Eksternal,Briefing Safety,Dalam Proses,Pit-B-Blok05,
1500,2024-01-04,Thursday,1,Q1,2024,Shift 1 (07:00-19:00),Pit-C (Hauling),SPV-019,Drilling,First Aid,0,1,0,0,0,0,0,28,286.2,Berawan,Alat Pelindung Diri Tidak Sesuai,Pelatihan Ulang,Overdue,Pit-C-Blok02,Investigasi selesai
1501,2023-04-09,Sunday,4,Q2,2023,Shift 1 (07:00-19:00),ROM (Run of Mine),SPV-019,Blasting,First Aid,0,1,0,0,0,0,0,33,332.9,Hujan Lebat,Kondisi Cuaca Buruk,Investigasi Lanjut,Selesai,ROM (R-Blok04,
1502,2023-06-12,Monday,6,Q2,2023,Shift 1 (07:00-19:00),Pit-C (Hauling),SPV-008,Fueling,Near Miss,1,0,0,0,0,0,0,11,127.7,Cerah,Kondisi Cuaca Buruk,Perbaikan Desain,Selesai,Pit-C-Blok03,Investigasi selesai
1503,2024-03-28,Thursday,3,Q1,2024,Shift 2 (19:00-07:00),Workshop,SPV-017,Dozing,Near Miss,1,0,0,0,0,0,0,28,279.4,Hujan Ringan,Komunikasi Buruk,Investigasi Lanjut,Selesai,Worksh-Blok03,Menunggu spare part
1504,2023-03-29,Wednesday,3,Q1,2023,Shift 1 (07:00-19:00),Workshop,SPV-012,Hauling,Near Miss,1,0,0,0,0,0,0,11,133.9,Cerah,Komunikasi Buruk,Perbaikan Desain,Selesai,Worksh-Blok04,
1505,2024-11-18,Monday,11,Q4,2024,Shift 2 (19:00-07:00),Pit-B (Coal Getting),SPV-006,Hauling,First Aid,0,1,0,0,0,0,0,20,254,Cerah,Peralatan Rusak,Perbaikan Alat,Belum Dimulai,Pit-B-Blok02,Perlu tindak lanjut
1506,2023-08-06,Sunday,8,Q3,2023,Shift 1 (07:00-19:00),ROM (Run of Mine),SPV-017,Loading,First Aid,0,1,0,0,0,0,0,32,407.1,Cerah,Kondisi Cuaca Buruk,Investigasi Lanjut,Selesai,ROM (R-Blok05,
1507,2023-09-12,Tuesday,9,Q3,2023,Shift 1 (07:00-19:00),Pit-B (Coal Getting),SPV-016,Survei,First Aid,0,1,0,0,0,0,0,11,143.7,Hujan Lebat,Prosedur Tidak Diikuti,Briefing Safety,Selesai,Pit-B-Blok01,
1508,2024-10-16,Wednesday,10,Q4,2024,Shift 2 (19:00-07:00),Pit-C (Hauling),SPV-003,Pengawasan,Near Miss,1,0,0,0,0,0,0,16,161.3,Hujan Ringan,Kondisi Cuaca Buruk,Perbaikan Alat,Dalam Proses,Pit-C-Blok02,
1509,2024-04-05,Friday,4,Q2,2024,Shift 2 (19:00-07:00),Pit-A (Overburden),SPV-003,Drilling,Near Miss,1,0,0,0,0,0,0,38,443.2,Berkabut,Kondisi Cuaca Buruk,Briefing Safety,Selesai,Pit-A-Blok03,
1510,2023-12-04,Monday,12,Q4,2023,Shift 1 (07:00-19:00),Pit-A (Overburden),SPV-009,Drilling,First Aid,0,1,0,0,0,0,0,13,127.9,Cerah,Faktor Eksternal,Perbaikan Alat,Selesai,Pit-A-Blok05,Perlu tindak lanjut
1511,2023-12-28,Thursday,12,Q4,2023,Shift 2 (19:00-07:00),Pit-C (Hauling),SPV-019,Grading,First Aid,0,1,0,0,0,0,0,27,356.1,Cerah,Peralatan Rusak,Briefing Safety,Selesai,Pit-C-Blok03,
1512,2024-06-09,Sunday,6,Q2,2024,Shift 1 (07:00-19:00),Pit-A (Overburden),SPV-012,Grading,Medical Treatment,0,0,1,0,0,0,0,23,303.9,Berkabut,Housekeeping Buruk,Revisi Prosedur,Dalam Proses,Pit-A-Blok04,Menunggu spare part
1513,2024-04-12,Friday,4,Q2,2024,Shift 1 (07:00-19:00),Pit-B (Coal Getting),SPV-010,Grading,Near Miss,1,0,0,0,0,0,0,38,408.9,Cerah,Peralatan Rusak,Perbaikan Alat,Selesai,Pit-B-Blok02,
1514,2024-12-24,Tuesday,12,Q4,2024,Shift 1 (07:00-19:00),Pit-A (Overburden),SPV-004,Fueling,Near Miss,1,0,0,0,0,0,0,18,211.1,Cerah,Kelelahan Pekerja,Penggantian APD,Selesai,Pit-A-Blok01,Menunggu spare part
1515,2022-05-17,Tuesday,5,Q2,2022,Shift 1 (07:00-19:00),Office Area,SPV-012,Drilling,Medical Treatment,0,0,1,0,0,0,0,24,299.8,Cerah,Peralatan Rusak,Perbaikan Alat,Selesai,Office-Blok04,
1516,2022-07-01,Friday,7,Q3,2022,Shift 2 (19:00-07:00),Pit-B (Coal Getting),SPV-011,Loading,Medical Treatment,0,0,1,0,0,0,0,15,186,Hujan Ringan,Faktor Eksternal,Perbaikan Desain,Selesai,Pit-B-Blok01,Investigasi selesai
1517,2024-02-03,Saturday,2,Q1,2024,Shift 1 (07:00-19:00),Pit-C (Hauling),SPV-013,Administrasi,First Aid,0,1,0,0,0,0,0,44,485.2,Hujan Ringan,Komunikasi Buruk,Pelatihan Ulang,Selesai,Pit-C-Blok02,Perlu tindak lanjut
1518,2023-10-20,Friday,10,Q4,2023,Shift 1 (07:00-19:00),Workshop,SPV-001,Fueling,Near Miss,1,0,0,0,0,0,0,13,168.3,Hujan Ringan,Human Error,Penggantian APD,Selesai,Worksh-Blok03,
1519,2022-12-07,Wednesday,12,Q4,2022,Shift 2 (19:00-07:00),Pit-B (Coal Getting),SPV-017,Administrasi,Medical Treatment,0,0,1,0,0,0,0,9,114.1,Cerah,Kelelahan Pekerja,Investigasi Lanjut,Dalam Proses,Pit-B-Blok05,Perlu tindak lanjut
1520,2024-05-30,Thursday,5,Q2,2024,SHIFT 1,Pit-B (Coal Getting),SPV-004,Survei,Property Damage,0,0,0,0,0,0,1,34,425.8,Cerah,Human Error,Briefing Safety,Dalam Proses,Pit-B-Blok04,Investigasi selesai
1521,2024-09-14,Saturday,9,Q3,2024,Shift 1 (07:00-19:00),Stockpile,SPV-012,Fueling,Near Miss,1,0,0,0,0,0,0,43,530.7,Berawan,Faktor Eksternal,Briefing Safety,Selesai,Stockp-Blok01,Menunggu spare part
1522,2023-07-28,Friday,7,Q3,2023,Shift 1 (07:00-19:00),Workshop,SPV-007,Dozing,Near Miss,1,0,0,0,0,0,0,34,363.3,Hujan Lebat,Desain/Engineering,Revisi Prosedur,Selesai,Worksh-Blok03,Perlu tindak lanjut
1523,2023-05-01,Monday,5,Q2,2023,Shift 1 (07:00-19:00),ROM (Run of Mine),SPV-003,Grading,Near Miss,1,0,0,0,0,0,0,31,381.3,Cerah,Human Error,Perbaikan Desain,Selesai,ROM (R-Blok03,
1524,2023-08-27,Sunday,8,Q3,2023,Shift 2 (19:00-07:00),Pit-C (Hauling),SPV-020,Blasting,Property Damage,0,0,0,0,0,0,1,43,553,Hujan Lebat,Faktor Eksternal,Revisi Prosedur,Selesai,Pit-C-Blok05,Investigasi selesai
1525,2024-03-06,Wednesday,3,Q1,2024,Shift 1 (07:00-19:00),Pit-C (Hauling),SPV-005,Loading,Medical Treatment,0,0,1,0,0,0,0,36,417.6,Cerah,Kelelahan Pekerja,Revisi Prosedur,Belum Dimulai,Pit-C-Blok04,Sudah dilaporkan ke HSE Manager
1526,2022-02-10,Thursday,2,Q1,2022,Shift 2 (19:00-07:00),Pit-A (Overburden),SPV-009,Blasting,Medical Treatment,0,0,1,0,0,0,0,32,331.4,Hujan Ringan,Human Error,Perbaikan Desain,Belum Dimulai,Pit-A-Blok04,Sudah dilaporkan ke HSE Manager
1527,2023-07-24,Monday,7,Q3,2023,Shift 2 (19:00-07:00),Drainase,SPV-003,Administrasi,Near Miss,1,0,0,0,0,0,0,26,313.2,Hujan Ringan,Kelelahan Pekerja,Revisi Prosedur,Dalam Proses,Draina-Blok03,
1528,2024-12-15,Sunday,12,Q4,2024,Shift 1 (07:00-19:00),Pit-C (Hauling),SPV-001,Blasting,Near Miss,1,0,0,0,0,0,0,44,577.9,Hujan Ringan,Komunikasi Buruk,Perbaikan Desain,Selesai,Pit-C-Blok01,Investigasi selesai
1529,2023-08-21,Monday,8,Q3,2023,Shift 1 (07:00-19:00),Stockpile,SPV-018,Pumping,First Aid,0,1,0,0,0,0,0,36,369.1,Hujan Ringan,Komunikasi Buruk,Perbaikan Alat,Selesai,Stockp-Blok04,Sudah dilaporkan ke HSE Manager
1530,2022-11-11,Friday,11,Q4,2022,Shift 2 (19:00-07:00),ROM (Run of Mine),SPV-018,Blasting,First Aid,0,1,0,0,0,0,0,17,201.4,Hujan Lebat,Alat Pelindung Diri Tidak Sesuai,Briefing Safety,Selesai,ROM (R-Blok02,
1531,2023-12-17,Sunday,12,Q4,2023,Shift 1 (07:00-19:00),Pit-B (Coal Getting),SPV-019,Blasting,Near Miss,1,0,0,0,0,0,0,37,453.9,Cerah,Alat Pelindung Diri Tidak Sesuai,Pelatihan Ulang,Selesai,Pit-B-Blok04,Sudah dilaporkan ke HSE Manager
1532,2022-01-26,Wednesday,1,Q1,2022,Shift 2 (19:00-07:00),Drainase,SPV-004,Hauling,First Aid,0,1,0,0,0,0,0,36,382.8,Cerah,Desain/Engineering,Perbaikan Desain,Selesai,Draina-Blok04,Sudah dilaporkan ke HSE Manager
1533,2024-05-26,Sunday,5,Q2,2024,Shift 1 (07:00-19:00),Workshop,SPV-009,Survei,First Aid,0,1,0,0,0,0,0,8,84.5,Berkabut,Prosedur Tidak Diikuti,Revisi Prosedur,Selesai,Worksh-Blok02,Sudah dilaporkan ke HSE Manager
1534,2023-06-01,Thursday,6,Q2,2023,Shift 1 (07:00-19:00),Pit-A (Overburden),SPV-016,,Near Miss,1,0,0,0,0,0,0,26,299.4,Cerah,Faktor Eksternal,Perbaikan Alat,Dalam Proses,Pit-A-Blok03,Investigasi selesai
1535,2024-03-20,Wednesday,3,Q1,2024,Shift 1 (07:00-19:00),Pit-C (Hauling),SPV-017,Pumping,Medical Treatment,0,0,1,0,0,0,0,44,557.7,Cerah,Komunikasi Buruk,Perbaikan Alat,Selesai,Pit-C-Blok01,
1536,2024-01-25,Thursday,1,Q1,2024,Shift 1 (07:00-19:00),Drainase,SPV-015,Blasting,Medical Treatment,0,0,1,0,0,0,0,28,357.5,Hujan Lebat,Kondisi Cuaca Buruk,Pelatihan Ulang,Dalam Proses,Draina-Blok01,Investigasi selesai
1537,2023-05-19,Friday,5,Q2,2023,Shift 2 (19:00-07:00),Pit-A (Overburden),SPV-015,Loading,Near Miss,1,0,0,0,0,0,0,10,107.9,Cerah,Komunikasi Buruk,Investigasi Lanjut,Selesai,Pit-A-Blok02,Menunggu spare part
1538,2022-02-20,Sunday,2,Q1,2022,Shift 1 (07:00-19:00),Workshop,SPV-018,Hauling,First Aid,0,1,0,0,0,0,0,14,138.7,Cerah,Kondisi Cuaca Buruk,Penggantian APD,Selesai,Worksh-Blok05,
1539,2024-11-17,Sunday,11,Q4,2024,Shift 2 (19:00-07:00),Workshop,SPV-010,Fueling,First Aid,0,1,0,0,0,0,0,14,182,Berkabut,Prosedur Tidak Diikuti,Investigasi Lanjut,Dalam Proses,Worksh-Blok02,Investigasi selesai
1540,2023-02-12,Sunday,2,Q1,2023,Shift 2 (19:00-07:00),Stockpile,SPV-020,Blasting,Property Damage,0,0,0,0,0,0,1,32,368.9,Cerah,Human Error,Revisi Prosedur,Selesai,Stockp-Blok01,
1541,2022-07-25,Monday,7,Q3,2022,Shift 2 (19:00-07:00),Pit-C (Hauling),SPV-020,Fueling,First Aid,0,1,0,0,0,0,0,45,590.3,Berawan,Desain/Engineering,Briefing Safety,Dalam Proses,Pit-C-Blok01,Perlu tindak lanjut
1542,2024-01-23,Tuesday,1,Q1,2024,Shift 1 (07:00-19:00),Pit-B (Coal Getting),SPV-011,Administrasi,First Aid,0,1,0,0,0,0,0,28,351.5,Berkabut,Desain/Engineering,Investigasi Lanjut,Dalam Proses,Pit-B-Blok01,
1543,2023-02-20,Monday,2,Q1,2023,Shift 1 (07:00-19:00),ROM (Run of Mine),SPV-004,Hauling,Near Miss,1,0,0,0,0,0,0,24,310.4,Berawan,Housekeeping Buruk,Perbaikan Desain,Selesai,ROM (R-Blok03,Perlu tindak lanjut
1544,2023-04-30,Sunday,4,Q2,2023,Shift 2 (19:00-07:00),Pit-C (Hauling),SPV-016,Maintenance,Medical Treatment,0,0,1,0,0,0,0,33,389.5,Berawan,Human Error,Perbaikan Alat,Selesai,Pit-C-Blok03,Menunggu spare part
1545,2023-07-21,Friday,7,Q3,2023,Shift 2 (19:00-07:00),Pit-C (Hauling),SPV-010,Fueling,Near Miss,1,0,0,0,0,0,0,22,244.6,Cerah,Kondisi Cuaca Buruk,Penggantian APD,Selesai,Pit-C-Blok04,Sudah dilaporkan ke HSE Manager
1546,2022-08-28,Sunday,8,Q3,2022,Shift 1 (07:00-19:00),ROM (Run of Mine),SPV-004,Administrasi,Near Miss,1,0,0,0,0,0,0,37,398.4,Berkabut,Desain/Engineering,Perbaikan Alat,Selesai,ROM (R-Blok02,Investigasi selesai
1547,2022-11-07,Monday,11,Q4,2022,Shift 1 (07:00-19:00),ROM (Run of Mine),SPV-019,Pengawasan,Near Miss,1,0,0,0,0,0,0,27,347,Berawan,Komunikasi Buruk,Revisi Prosedur,Selesai,ROM (R-Blok04,Investigasi selesai
1548,2022-01-08,Saturday,1,Q1,2022,Shift 2 (19:00-07:00),Pit-C (Hauling),SPV-012,Pengawasan,First Aid,0,1,0,0,0,0,0,8,91.4,Cerah,Peralatan Rusak,Pelatihan Ulang,Dalam Proses,Pit-C-Blok02,
1549,2023-03-04,Saturday,3,Q1,2023,Shift 2 (19:00-07:00),Pit-B (Coal Getting),SPV-006,Pumping,Near Miss,1,0,0,0,0,0,0,25,284.7,Berkabut,Faktor Eksternal,Pelatihan Ulang,Selesai,Pit-B-Blok03,
1550,2023-08-08,Tuesday,8,Q3,2023,Shift 2 (19:00-07:00),Workshop,SPV-009,Dozing,Near Miss,1,0,0,0,0,0,0,18,237,Hujan Lebat,Alat Pelindung Diri Tidak Sesuai,Perbaikan Alat,Selesai,Worksh-Blok05,
1551,2024-07-02,Tuesday,7,Q3,2024,Shift 1 (07:00-19:00),Pit-C (Hauling),SPV-009,Maintenance,Near Miss,1,0,0,0,0,0,0,23,275.3,Berkabut,Housekeeping Buruk,Revisi Prosedur,Overdue,Pit-C-Blok02,
1552,2022-04-28,Thursday,4,Q2,2022,Shift 2 (19:00-07:00),Pit-A (Overburden),SPV-019,Maintenance,Medical Treatment,0,0,1,0,0,0,0,22,233.3,Berawan,Housekeeping Buruk,Penggantian APD,Belum Dimulai,Pit-A-Blok01,
1553,2024-09-05,Thursday,9,Q3,2024,Shift 1 (07:00-19:00),Pit-B (Coal Getting),SPV-012,Drilling,Near Miss,1,0,0,0,0,0,0,27,299.1,Cerah,Desain/Engineering,Investigasi Lanjut,Selesai,Pit-B-Blok02,
1554,2022-06-27,Monday,6,Q2,2022,Shift 1 (07:00-19:00),Pit-B (Coal Getting),SPV-014,Fueling,Medical Treatment,0,0,1,0,0,0,0,22,217.9,Hujan Lebat,Peralatan Rusak,Perbaikan Alat,Selesai,Pit-B-Blok01,Investigasi selesai
1555,2023-06-20,Tuesday,6,Q2,2023,Shift 1 (07:00-19:00),Pit-C (Hauling),SPV-009,Survei,First Aid,0,1,0,0,0,0,0,27,313.9,Berawan,Faktor Eksternal,Revisi Prosedur,Selesai,Pit-C-Blok01,
1556,2023-10-08,Sunday,10,Q4,2023,Shift 1 (07:00-19:00),Workshop,SPV-002,Hauling,Near Miss,1,0,0,0,0,0,0,19,193.3,Hujan Lebat,Alat Pelindung Diri Tidak Sesuai,Briefing Safety,Dalam Proses,Worksh-Blok03,Sudah dilaporkan ke HSE Manager
1557,2022-09-29,Thursday,9,Q3,2022,Shift 2 (19:00-07:00),Pit-B (Coal Getting),SPV-009,Maintenance,First Aid,0,1,0,0,0,0,0,43,509.3,Berkabut,Peralatan Rusak,Perbaikan Alat,Selesai,Pit-B-Blok01,
1558,2022-01-14,Friday,1,Q1,2022,Shift 1 (07:00-19:00),Pit-B (Coal Getting),SPV-007,Dozing,Property Damage,0,0,0,0,0,0,1,27,313.4,Berawan,Prosedur Tidak Diikuti,Revisi Prosedur,Selesai,Pit-B-Blok01,Menunggu spare part
1559,2023-06-27,Tuesday,6,Q2,2023,Shift 1 (07:00-19:00),Pit-B (Coal Getting),SPV-018,Loading,First Aid,0,1,0,0,0,0,0,39,505.1,Cerah,Human Error,Penggantian APD,Selesai,Pit-B-Blok03,
1560,2022-10-22,Saturday,10,Q4,2022,Shift 2 (19:00-07:00),Pit-B (Coal Getting),SPV-004,Drilling,Property Damage,0,0,0,0,0,0,1,27,296.7,Hujan Lebat,Peralatan Rusak,Briefing Safety,Overdue,Pit-B-Blok05,Sudah dilaporkan ke HSE Manager
1561,2023-01-27,Friday,1,Q1,2023,Shift 1 (07:00-19:00),Pit-A (Overburden),SPV-015,Pengawasan,First Aid,0,1,0,0,0,0,0,29,311.7,Berawan,Housekeeping Buruk,Investigasi Lanjut,Selesai,Pit-A-Blok05,Perlu tindak lanjut
1562,2024-05-01,Wednesday,5,Q2,2024,Shift 2 (19:00-07:00),Pit-A (Overburden),SPV-014,Drilling,Property Damage,0,0,0,0,0,0,1,14,149.3,Cerah,Komunikasi Buruk,Pelatihan Ulang,Selesai,Pit-A-Blok04,
1563,2022-04-01,Friday,4,Q2,2022,Shift 2 (19:00-07:00),Stockpile,SPV-018,Survei,Medical Treatment,0,0,1,0,0,0,0,16,204.1,Hujan Ringan,Peralatan Rusak,Perbaikan Desain,Overdue,Stockp-Blok05,Sudah dilaporkan ke HSE Manager
1564,2023-02-13,Monday,2,Q1,2023,Shift 1 (07:00-19:00),Pit-A (Overburden),SPV-007,Survei,Medical Treatment,0,0,1,0,0,0,0,29,297.7,Hujan Ringan,Komunikasi Buruk,Revisi Prosedur,Selesai,Pit-A-Blok02,
1565,2023-04-19,Wednesday,4,Q2,2023,Shift 1 (07:00-19:00),Pit-C (Hauling),SPV-007,Fueling,Near Miss,1,0,0,0,0,0,0,10,116.6,Berawan,Housekeeping Buruk,Pelatihan Ulang,Dalam Proses,Pit-C-Blok04,
1566,2022-05-16,Monday,5,Q2,2022,Shift 1 (07:00-19:00),Pit-C (Hauling),SPV-003,Drilling,Near Miss,1,0,0,0,0,0,0,44,528.6,Hujan Lebat,Human Error,Perbaikan Desain,Dalam Proses,Pit-C-Blok04,
1567,2022-08-18,Thursday,8,Q3,2022,Shift 1 (07:00-19:00),Pit-B (Coal Getting),SPV-013,Grading,Near Miss,1,0,0,0,0,0,0,10,100.7,Berawan,Alat Pelindung Diri Tidak Sesuai,Revisi Prosedur,Overdue,Pit-B-Blok02,Perlu tindak lanjut
1568,2023-07-17,Monday,7,Q3,2023,Shift 1 (07:00-19:00),Stockpile,SPV-016,Dozing,First Aid,0,1,0,0,0,0,0,36,404.1,Berawan,Kondisi Cuaca Buruk,Pelatihan Ulang,Selesai,Stockp-Blok01,Menunggu spare part
1569,2023-03-18,Saturday,3,Q1,2023,Shift 2 (19:00-07:00),Workshop,SPV-015,Administrasi,Near Miss,1,0,0,0,0,0,0,16,157.5,Hujan Lebat,Komunikasi Buruk,Revisi Prosedur,Dalam Proses,Worksh-Blok01,
1570,2024-05-14,Tuesday,5,Q2,2024,Shift 2 (19:00-07:00),ROM (Run of Mine),SPV-017,Administrasi,Near Miss,1,0,0,0,0,0,0,44,547.5,Hujan Lebat,Prosedur Tidak Diikuti,Perbaikan Alat,Overdue,ROM (R-Blok01,Menunggu spare part
1571,2022-05-23,Monday,5,Q2,2022,Shift 1 (07:00-19:00),Pit-A (Overburden),SPV-013,Blasting,Medical Treatment,0,0,1,0,0,0,0,44,522.9,Cerah,Alat Pelindung Diri Tidak Sesuai,Penggantian APD,Selesai,Pit-A-Blok05,Perlu tindak lanjut
1572,2022-03-05,Saturday,3,Q1,2022,Shift 2 (19:00-07:00),Office Area,SPV-004,Maintenance,Near Miss,1,0,0,0,0,0,0,45,508.4,Cerah,Kelelahan Pekerja,Pelatihan Ulang,Selesai,Office-Blok04,
1573,2024-05-17,Friday,5,Q2,2024,Shift 2 (19:00-07:00),Office Area,SPV-020,Dozing,Near Miss,1,0,0,0,0,0,0,40,-12,Hujan Ringan,Kelelahan Pekerja,Investigasi Lanjut,Selesai,Office-Blok02,Perlu tindak lanjut
1574,2022-09-01,Thursday,9,Q3,2022,Shift 1 (07:00-19:00),ROM (Run of Mine),SPV-004,Dozing,First Aid,0,1,0,0,0,0,0,12,121.1,Berawan,Housekeeping Buruk,Briefing Safety,Belum Dimulai,ROM (R-Blok01,
1575,2023-03-27,Monday,3,Q1,2023,Shift 2 (19:00-07:00),Pit-B (Coal Getting),SPV-011,Blasting,Lost Time Injury,0,0,0,1,0,2,0,44,457.1,Berkabut,Human Error,Revisi Prosedur,Selesai,Pit-B-Blok03,
1576,2022-12-15,Thursday,12,Q4,2022,Shift 2 (19:00-07:00),Pit-C (Hauling),SPV-005,Hauling,Near Miss,1,0,0,0,0,0,0,34,339,Berawan,Alat Pelindung Diri Tidak Sesuai,Penggantian APD,Selesai,Pit-C-Blok02,
1577,2023-02-03,Friday,2,Q1,2023,Shift 1 (07:00-19:00),Office Area,SPV-009,Dozing,First Aid,0,1,0,0,0,0,0,44,453.5,Cerah,Kondisi Cuaca Buruk,Briefing Safety,Selesai,Office-Blok04,Perlu tindak lanjut
1578,2023-03-14,Tuesday,3,Q1,2023,Shift 2 (19:00-07:00),Workshop,SPV-005,Drilling,First Aid,0,1,0,0,0,0,0,11,131.7,Cerah,Faktor Eksternal,Perbaikan Alat,Dalam Proses,Worksh-Blok04,Menunggu spare part
1579,2024-07-02,Tuesday,7,Q3,2024,Shift 1 (07:00-19:00),Pit-B (Coal Getting),SPV-012,Dozing,Near Miss,1,0,0,0,0,0,0,31,388.1,Cerah,Komunikasi Buruk,Penggantian APD,Selesai,Pit-B-Blok05,Investigasi selesai
1580,2022-03-07,Monday,3,Q1,2022,Shift 1 (07:00-19:00),Workshop,SPV-007,Drilling,Near Miss,1,0,0,0,0,0,0,20,235.7,Cerah,Desain/Engineering,Pelatihan Ulang,Belum Dimulai,Worksh-Blok01,
1581,2024-03-10,Sunday,3,Q1,2024,Shift 1 (07:00-19:00),Pit-B (Coal Getting),SPV-020,Pumping,Near Miss,1,0,0,0,0,0,0,15,148.4,Cerah,Alat Pelindung Diri Tidak Sesuai,Perbaikan Desain,Belum Dimulai,Pit-B-Blok02,
1582,2024-02-11,Sunday,2,Q1,2024,Shift 1 (07:00-19:00),Pit-A (Overburden),SPV-010,Blasting,Medical Treatment,0,0,1,0,0,0,0,28,274,Hujan Lebat,Housekeeping Buruk,Briefing Safety,Belum Dimulai,Pit-A-Blok02,Sudah dilaporkan ke HSE Manager
1583,2023-02-17,Friday,2,Q1,2023,Shift 2 (19:00-07:00),Pit-B (Coal Getting),SPV-009,Maintenance,First Aid,0,1,0,0,0,0,0,31,356.2,Cerah,Peralatan Rusak,Pelatihan Ulang,Selesai,Pit-B-Blok05,Investigasi selesai
1584,2024-05-18,Saturday,5,Q2,2024,Shift 1 (07:00-19:00),Pit-C (Hauling),SPV-018,Survei,Lost Time Injury,0,0,0,1,0,4,0,15,167.1,Cerah,Faktor Eksternal,Perbaikan Desain,Selesai,Pit-C-Blok05,Perlu tindak lanjut
1585,2024-07-22,Monday,7,Q3,2024,Shift 2 (19:00-07:00),Workshop,SPV-011,Hauling,Medical Treatment,0,0,1,0,0,0,0,8,78.5,Berawan,Alat Pelindung Diri Tidak Sesuai,Briefing Safety,Selesai,Worksh-Blok03,Perlu tindak lanjut
1586,2022-03-15,Tuesday,3,Q1,2022,Shift 2 (19:00-07:00),Pit-C (Hauling),SPV-002,Administrasi,Medical Treatment,0,0,1,0,0,0,0,32,364.1,Hujan Ringan,Housekeeping Buruk,Briefing Safety,Dalam Proses,Pit-C-Blok05,Investigasi selesai
1587,2024-09-09,Monday,9,Q3,2024,Shift 1 (07:00-19:00),Pit-B (Coal Getting),SPV-010,Fueling,First Aid,0,1,0,0,0,0,0,23,277.4,Hujan Ringan,Kelelahan Pekerja,Revisi Prosedur,Dalam Proses,Pit-B-Blok02,Perlu tindak lanjut
1588,2023-09-08,Friday,9,Q3,2023,Shift 2 (19:00-07:00),Pit-C (Hauling),SPV-005,Drilling,First Aid,0,1,0,0,0,0,0,34,420.2,Berawan,Faktor Eksternal,Briefing Safety,Selesai,Pit-C-Blok04,Investigasi selesai
1589,2024-11-06,Wednesday,11,Q4,2024,Shift 2 (19:00-07:00),Workshop,SPV-015,Dozing,Near Miss,1,0,0,0,0,0,0,21,271.3,Cerah,Prosedur Tidak Diikuti,Briefing Safety,Dalam Proses,Worksh-Blok02,
1590,2023-05-03,Wednesday,5,Q2,2023,Shift 1 (07:00-19:00),ROM (Run of Mine),SPV-007,Fueling,First Aid,0,1,0,0,0,0,0,23,240.3,Berawan,Komunikasi Buruk,Revisi Prosedur,Selesai,ROM (R-Blok01,
1591,2024-02-25,Sunday,2,Q1,2024,Shift 1 (07:00-19:00),Pit-A (Overburden),SPV-002,Drilling,First Aid,0,1,0,0,0,0,0,34,414.5,Berawan,Kondisi Cuaca Buruk,Perbaikan Alat,Selesai,Pit-A-Blok05,Menunggu spare part
1592,2024-11-03,Sunday,11,Q4,2024,Shift 2 (19:00-07:00),ROM (Run of Mine),SPV-017,,Near Miss,1,0,0,0,0,0,0,41,426.9,Berkabut,Faktor Eksternal,Perbaikan Desain,Dalam Proses,ROM (R-Blok03,Perlu tindak lanjut
1593,2024-07-19,Friday,7,Q3,2024,Shift 1 (07:00-19:00),Drainase,SPV-010,Dozing,First Aid,0,1,0,0,0,0,0,10,101.5,Hujan Lebat,Kelelahan Pekerja,Investigasi Lanjut,Overdue,Draina-Blok04,Investigasi selesai
1594,2023-12-04,Monday,12,Q4,2023,Shift 2 (19:00-07:00),Stockpile,SPV-008,Loading,Near Miss,1,0,0,0,0,0,0,32,412.5,Berawan,Peralatan Rusak,Briefing Safety,Selesai,Stockp-Blok02,Menunggu spare part
1595,2024-09-09,Monday,9,Q3,2024,Shift 1 (07:00-19:00),Office Area,SPV-014,Survei,First Aid,0,1,0,0,0,0,0,42,421.8,Hujan Ringan,Alat Pelindung Diri Tidak Sesuai,Revisi Prosedur,Overdue,Office-Blok02,Perlu tindak lanjut
1596,2022-12-26,Monday,12,Q4,2022,Shift 2 (19:00-07:00),Drainase,SPV-006,Hauling,Near Miss,1,0,0,0,0,0,0,31,402.6,Cerah,Kondisi Cuaca Buruk,Briefing Safety,Selesai,Draina-Blok03,
1597,2024-09-23,Monday,9,Q3,2024,Shift 1 (07:00-19:00),Pit-B (Coal Getting),SPV-009,Fueling,First Aid,0,1,0,0,0,0,0,43,485.5,Cerah,Kondisi Cuaca Buruk,Perbaikan Alat,Dalam Proses,Pit-B-Blok01,Perlu tindak lanjut
1598,2023-01-22,Sunday,1,Q1,2023,Shift 1 (07:00-19:00),Pit-C (Hauling),SPV-004,Fueling,First Aid,0,1,0,0,0,0,0,40,453.3,Berawan,Prosedur Tidak Diikuti,Penggantian APD,Selesai,Pit-C-Blok05,
1599,2024-09-24,Tuesday,9,Q3,2024,Shift 1 (07:00-19:00),Pit-A (Overburden),SPV-018,Maintenance,First Aid,0,1,0,0,0,0,0,40,503.5,Cerah,Komunikasi Buruk,Revisi Prosedur,Selesai,Pit-A-Blok03,Sudah dilaporkan ke HSE Manager
1600,2023-09-23,Saturday,9,Q3,2023,Shift 2 (19:00-07:00),Workshop,SPV-010,Grading,Lost Time Injury,0,0,0,1,0,6,0,18,212.3,Berawan,Housekeeping Buruk,Perbaikan Alat,Selesai,Worksh-Blok03,
1601,2022-05-25,Wednesday,5,Q2,2022,Shift 1 (07:00-19:00),Office Area,SPV-016,Hauling,Medical Treatment,0,0,1,0,0,0,0,8,88.1,Cerah,Komunikasi Buruk,Penggantian APD,Belum Dimulai,Office-Blok04,Investigasi selesai
1602,2024-07-18,Thursday,7,Q3,2024,Shift 2 (19:00-07:00),Workshop,SPV-011,Pumping,Near Miss,1,0,0,0,0,0,0,23,252,Cerah,Prosedur Tidak Diikuti,Perbaikan Desain,Selesai,Worksh-Blok01,Sudah dilaporkan ke HSE Manager
1603,2024-12-31,Tuesday,12,Q4,2024,Shift 2 (19:00-07:00),Drainase,SPV-008,Administrasi,Medical Treatment,0,0,1,0,0,0,0,22,249.7,Cerah,Human Error,Penggantian APD,Dalam Proses,Draina-Blok02,Perlu tindak lanjut
1604,2023-11-04,Saturday,11,Q4,2023,Shift 1 (07:00-19:00),Pit-B (Coal Getting),SPV-005,Grading,First Aid,0,1,0,0,0,0,0,26,285,Berawan,Alat Pelindung Diri Tidak Sesuai,Perbaikan Desain,Belum Dimulai,Pit-B-Blok04,Sudah dilaporkan ke HSE Manager
1605,2022-06-09,Thursday,6,Q2,2022,Shift 2 (19:00-07:00),Office Area,SPV-014,Loading,Near Miss,1,0,0,0,0,0,0,36,451.7,Berawan,Kelelahan Pekerja,Penggantian APD,Selesai,Office-Blok04,Investigasi selesai
1606,2024-01-28,Sunday,1,Q1,2024,Shift 1 (07:00-19:00),Workshop,SPV-009,Dozing,Lost Time Injury,0,0,0,1,0,11,0,39,408.6,Berawan,Faktor Eksternal,Perbaikan Desain,Selesai,Worksh-Blok01,
1607,2024-02-27,Tuesday,2,Q1,2024,Shift 1 (07:00-19:00),Pit-A (Overburden),SPV-011,Maintenance,First Aid,0,1,0,0,0,0,0,44,542.1,Berawan,Faktor Eksternal,Pelatihan Ulang,Selesai,Pit-A-Blok03,
1608,2022-04-11,Monday,4,Q2,2022,Shift 1 (07:00-19:00),Workshop,SPV-013,Grading,Near Miss,1,0,0,0,0,0,0,34,372.2,Berkabut,Human Error,Penggantian APD,Selesai,Worksh-Blok01,
1609,2023-12-13,Wednesday,12,Q4,2023,Shift 2 (19:00-07:00),Pit-A (Overburden),SPV-013,Drilling,Near Miss,1,0,0,0,0,0,0,14,179.2,Hujan Lebat,Peralatan Rusak,Revisi Prosedur,Selesai,Pit-A-Blok02,Perlu tindak lanjut
1610,2023-01-20,Friday,1,Q1,2023,Shift 1 (07:00-19:00),Drainase,SPV-007,Pengawasan,First Aid,0,1,0,0,0,0,0,25,263.4,Cerah,Human Error,Penggantian APD,Belum Dimulai,Draina-Blok01,
1611,2024-03-29,Friday,3,Q1,2024,Shift 1 (07:00-19:00),ROM (Run of Mine),SPV-013,Grading,Near Miss,1,0,0,0,0,0,0,11,134.1,Cerah,Peralatan Rusak,Briefing Safety,Selesai,ROM (R-Blok03,
1612,2022-05-10,Tuesday,5,Q2,2022,Shift 2 (19:00-07:00),Stockpile,SPV-012,Pengawasan,Medical Treatment,0,0,1,0,0,0,0,42,448.8,Cerah,Komunikasi Buruk,Revisi Prosedur,Selesai,Stockp-Blok01,Perlu tindak lanjut
1613,2023-08-12,Saturday,8,Q3,2023,Shift 1 (07:00-19:00),Pit-A (Overburden),SPV-012,Pumping,Near Miss,1,0,0,0,0,0,0,25,274.1,Cerah,Kondisi Cuaca Buruk,Pelatihan Ulang,Selesai,Pit-A-Blok05,
1614,2024-12-14,Saturday,12,Q4,2024,Shift 2 (19:00-07:00),Pit-C (Hauling),SPV-014,Hauling,Near Miss,1,0,0,0,0,0,0,42,452.8,Berkabut,Kelelahan Pekerja,Revisi Prosedur,Belum Dimulai,Pit-C-Blok03,
1615,2024-01-01,Monday,1,Q1,2024,Shift 2 (19:00-07:00),Pit-B (Coal Getting),SPV-008,Administrasi,Medical Treatment,0,0,1,0,0,0,0,23,254.9,Cerah,Alat Pelindung Diri Tidak Sesuai,Pelatihan Ulang,Selesai,Pit-B-Blok01,Menunggu spare part
1616,2023-06-21,Wednesday,6,Q2,2023,Shift 2 (19:00-07:00),Stockpile,SPV-014,Administrasi,First Aid,0,1,0,0,0,0,0,23,252.9,Cerah,Komunikasi Buruk,Investigasi Lanjut,Dalam Proses,Stockp-Blok04,Menunggu spare part
1617,2023-02-04,Saturday,2,Q1,2023,Shift 2 (19:00-07:00),Pit-A (Overburden),SPV-002,Fueling,Property Damage,0,0,0,0,0,0,1,22,-12,Hujan Ringan,Prosedur Tidak Diikuti,Pelatihan Ulang,Dalam Proses,Pit-A-Blok03,Menunggu spare part
1618,2023-08-10,Thursday,8,Q3,2023,Shift 1 (07:00-19:00),Pit-B (Coal Getting),SPV-003,Blasting,Medical Treatment,0,0,1,0,0,0,0,33,336.4,Berawan,Prosedur Tidak Diikuti,Investigasi Lanjut,Selesai,Pit-B-Blok02,
1619,2022-09-27,Tuesday,9,Q3,2022,Shift 2 (19:00-07:00),Workshop,SPV-003,Blasting,First Aid,0,1,0,0,0,0,0,31,315.5,Cerah,Peralatan Rusak,Investigasi Lanjut,Belum Dimulai,Worksh-Blok03,
1620,2023-01-20,Friday,1,Q1,2023,Shift 2 (19:00-07:00),ROM (Run of Mine),SPV-019,Pumping,First Aid,0,1,0,0,0,0,0,44,474.5,Hujan Lebat,Kelelahan Pekerja,Investigasi Lanjut,Belum Dimulai,ROM (R-Blok03,Investigasi selesai
1621,2022-06-04,Saturday,6,Q2,2022,Shift 2 (19:00-07:00),Pit-A (Overburden),SPV-005,Survei,Medical Treatment,0,0,1,0,0,0,0,11,108.7,Cerah,Peralatan Rusak,Revisi Prosedur,Selesai,Pit-A-Blok05,
1622,2022-08-20,Saturday,8,Q3,2022,Shift 2 (19:00-07:00),Pit-A (Overburden),SPV-005,Fueling,Medical Treatment,0,0,1,0,0,0,0,24,260.9,Hujan Ringan,Peralatan Rusak,Revisi Prosedur,Selesai,Pit-A-Blok02,
1623,2023-02-26,Sunday,2,Q1,2023,Shift 2 (19:00-07:00),Pit-A (Overburden),SPV-010,Pumping,Property Damage,0,0,0,0,0,0,1,24,305.1,Cerah,Kondisi Cuaca Buruk,Investigasi Lanjut,Selesai,Pit-A-Blok01,
1624,2022-12-03,Saturday,12,Q4,2022,Shift 2 (19:00-07:00),Pit-A (Overburden),SPV-007,Hauling,Property Damage,0,0,0,0,0,0,1,26,276.6,Cerah,Kondisi Cuaca Buruk,Revisi Prosedur,Dalam Proses,Pit-A-Blok03,
1625,2023-02-11,Saturday,2,Q1,2023,Shift 2 (19:00-07:00),,SPV-012,Pengawasan,Medical Treatment,0,0,1,0,0,0,0,8,100.7,Hujan Lebat,Alat Pelindung Diri Tidak Sesuai,Perbaikan Desain,Belum Dimulai,Pit-B-Blok02,Investigasi selesai
1626,2024-06-19,Wednesday,6,Q2,2024,Shift 1 (07:00-19:00),Drainase,SPV-006,Grading,Near Miss,1,0,0,0,0,0,0,18,198.9,Hujan Ringan,Komunikasi Buruk,Pelatihan Ulang,Selesai,Draina-Blok02,Menunggu spare part
1627,2023-11-29,Wednesday,11,Q4,2023,Shift 2 (19:00-07:00),Workshop,SPV-020,Drilling,Medical Treatment,0,0,1,0,0,0,0,9,104.9,Berkabut,Komunikasi Buruk,Investigasi Lanjut,Belum Dimulai,Worksh-Blok01,
1628,2024-08-15,Thursday,8,Q3,2024,Shift 1 (07:00-19:00),Pit-C (Hauling),SPV-014,Pengawasan,First Aid,0,1,0,0,0,0,0,17,194.8,Cerah,Housekeeping Buruk,Investigasi Lanjut,Dalam Proses,Pit-C-Blok03,
1629,2024-03-31,Sunday,3,Q1,2024,Shift 1 (07:00-19:00),Pit-B (Coal Getting),SPV-017,Maintenance,Near Miss,1,0,0,0,0,0,0,27,352.8,Cerah,Faktor Eksternal,Perbaikan Alat,Selesai,Pit-B-Blok04,
1630,2022-11-29,Tuesday,11,Q4,2022,Shift 2 (19:00-07:00),Pit-B (Coal Getting),SPV-011,Drilling,Lost Time Injury,0,0,0,1,0,7,0,15,190.1,Berkabut,Alat Pelindung Diri Tidak Sesuai,Penggantian APD,Selesai,Pit-B-Blok01,
1631,2023-08-04,Friday,8,Q3,2023,Shift 2 (19:00-07:00),Pit-B (Coal Getting),SPV-001,Grading,Medical Treatment,0,0,1,0,0,0,0,18,225.6,Cerah,Housekeeping Buruk,Pelatihan Ulang,Dalam Proses,Pit-B-Blok03,Sudah dilaporkan ke HSE Manager
1632,2022-11-12,Saturday,11,Q4,2022,Shift 1 (07:00-19:00),Pit-A (Overburden),SPV-012,Pengawasan,First Aid,0,1,0,0,0,0,0,18,195.1,Berkabut,Peralatan Rusak,Pelatihan Ulang,Selesai,Pit-A-Blok03,Menunggu spare part
1633,2023-06-17,Saturday,6,Q2,2023,Shift 2 (19:00-07:00),Pit-B (Coal Getting),SPV-007,Dozing,Near Miss,1,0,0,0,0,0,0,27,292.2,Berawan,Desain/Engineering,Perbaikan Alat,Dalam Proses,Pit-B-Blok02,Sudah dilaporkan ke HSE Manager
1634,2023-12-30,Saturday,12,Q4,2023,Shift 1 (07:00-19:00),Pit-B (Coal Getting),SPV-005,Survei,Near Miss,1,0,0,0,0,0,0,43,534.5,Hujan Ringan,Kelelahan Pekerja,Revisi Prosedur,Selesai,Pit-B-Blok04,
1635,2024-11-23,Saturday,11,Q4,2024,Shift 1 (07:00-19:00),Pit-C (Hauling),SPV-005,Loading,First Aid,0,1,0,0,0,0,0,41,438.9,Berawan,Desain/Engineering,Perbaikan Desain,Selesai,Pit-C-Blok03,
1636,2023-03-08,Wednesday,3,Q1,2023,Shift 2 (19:00-07:00),Stockpile,SPV-003,Dozing,First Aid,0,1,0,0,0,0,0,32,356.8,Berawan,Desain/Engineering,Revisi Prosedur,Belum Dimulai,Stockp-Blok02,
1637,2024-05-10,Friday,5,Q2,2024,Shift 2 (19:00-07:00),Pit-B (Coal Getting),SPV-013,Dozing,First Aid,0,1,0,0,0,0,0,42,451,Berawan,Prosedur Tidak Diikuti,Pelatihan Ulang,Selesai,Pit-B-Blok04,Menunggu spare part
1638,2023-02-21,Tuesday,2,Q1,2023,Shift 2 (19:00-07:00),Workshop,SPV-008,Pengawasan,First Aid,0,1,0,0,0,0,0,15,179.2,Hujan Lebat,Human Error,Investigasi Lanjut,Selesai,Worksh-Blok05,Menunggu spare part
1639,2023-07-24,Monday,7,Q3,2023,Shift 2 (19:00-07:00),Pit-C (Hauling),SPV-018,Drilling,Medical Treatment,0,0,1,0,0,0,0,26,280.8,Berawan,Desain/Engineering,Penggantian APD,Belum Dimulai,Pit-C-Blok05,
1640,2024-04-01,Monday,4,Q2,2024,Shift 2 (19:00-07:00),Pit-B (Coal Getting),SPV-004,Administrasi,First Aid,0,1,0,0,0,0,0,41,497.4,Berawan,Faktor Eksternal,Pelatihan Ulang,Selesai,Pit-B-Blok04,Investigasi selesai
1641,2024-07-14,Sunday,7,Q3,2024,Shift 2 (19:00-07:00),Workshop,SPV-013,Pengawasan,Near Miss,1,0,0,0,0,0,0,36,436.3,Berawan,Kondisi Cuaca Buruk,Perbaikan Alat,Selesai,Worksh-Blok01,Menunggu spare part
1642,2024-12-29,Sunday,12,Q4,2024,Shift 1 (07:00-19:00),Drainase,SPV-005,Maintenance,Near Miss,1,0,0,0,0,0,0,24,242.1,Berkabut,Faktor Eksternal,Revisi Prosedur,Selesai,Draina-Blok02,Investigasi selesai
1643,2022-02-25,Friday,2,Q1,2022,Shift 1 (07:00-19:00),Pit-B (Coal Getting),SPV-016,Pumping,Near Miss,1,0,0,0,0,0,0,26,280.4,Cerah,Kelelahan Pekerja,Investigasi Lanjut,Selesai,Pit-B-Blok02,
1644,2023-01-01,Sunday,1,Q1,2023,Shift 2 (19:00-07:00),,SPV-013,Grading,Near Miss,1,0,0,1,0,0,0,13,162.2,Cerah,Peralatan Rusak,Pelatihan Ulang,Selesai,Pit-C-Blok05,
1645,2024-06-29,Saturday,6,Q2,2024,Shift 2 (19:00-07:00),Pit-C (Hauling),SPV-003,Hauling,Near Miss,1,0,0,0,0,0,0,37,441,Hujan Lebat,Desain/Engineering,Investigasi Lanjut,Selesai,Pit-C-Blok05,Investigasi selesai
1646,2023-06-29,Thursday,6,Q2,2023,Shift 1 (07:00-19:00),Workshop,SPV-006,Drilling,First Aid,0,1,0,0,0,0,0,23,275.5,Cerah,Komunikasi Buruk,Briefing Safety,Selesai,Worksh-Blok02,Perlu tindak lanjut
1647,2023-02-20,Monday,2,Q1,2023,Shift 2 (19:00-07:00),Pit-B (Coal Getting),SPV-010,Survei,Near Miss,1,0,0,0,0,0,0,42,445,Berkabut,Desain/Engineering,Revisi Prosedur,Selesai,Pit-B-Blok04,
1648,2022-05-29,Sunday,5,Q2,2022,Shift 1 (07:00-19:00),Workshop,SPV-004,Drilling,Near Miss,1,0,0,0,0,0,0,21,269,Berawan,Alat Pelindung Diri Tidak Sesuai,Penggantian APD,Selesai,Worksh-Blok01,
1649,2023-02-17,Friday,2,Q1,2023,Shift 2 (19:00-07:00),Pit-B (Coal Getting),SPV-001,Loading,Near Miss,1,0,0,0,0,0,0,27,293.2,Berawan,Desain/Engineering,Perbaikan Alat,Selesai,Pit-B-Blok01,Investigasi selesai
1650,2023-08-22,Tuesday,8,Q3,2023,Shift 1 (07:00-19:00),Pit-B (Coal Getting),SPV-007,Pengawasan,Near Miss,1,0,0,0,0,0,0,8,98.4,Cerah,Human Error,Briefing Safety,Selesai,Pit-B-Blok05,Investigasi selesai
1651,2022-10-06,Thursday,10,Q4,2022,Shift 1 (07:00-19:00),Pit-B (Coal Getting),SPV-012,Administrasi,First Aid,0,1,0,0,0,0,0,28,280.3,Berkabut,Komunikasi Buruk,Briefing Safety,Selesai,Pit-B-Blok03,
1652,2022-12-05,Monday,12,Q4,2022,Shift 2 (19:00-07:00),Pit-A (Overburden),SPV-015,Blasting,First Aid,0,1,0,0,0,0,0,16,172.8,Cerah,Desain/Engineering,Briefing Safety,Dalam Proses,Pit-A-Blok03,Perlu tindak lanjut
1653,2024-12-03,Tuesday,12,Q4,2024,Shift 2 (19:00-07:00),Pit-B (Coal Getting),SPV-009,Drilling,Medical Treatment,0,0,1,0,0,0,0,24,248.1,Hujan Ringan,Komunikasi Buruk,Briefing Safety,Overdue,Pit-B-Blok02,
1654,2024-04-09,Tuesday,4,Q2,2024,Shift 1 (07:00-19:00),Office Area,SPV-003,Fueling,Medical Treatment,0,0,1,0,0,0,0,23,266.6,Cerah,Alat Pelindung Diri Tidak Sesuai,Investigasi Lanjut,Selesai,Office-Blok01,
1655,2023-12-11,Monday,12,Q4,2023,Shift 1 (07:00-19:00),Pit-A (Overburden),SPV-017,Hauling,First Aid,0,1,0,0,0,0,0,16,162.1,Hujan Lebat,Kondisi Cuaca Buruk,Investigasi Lanjut,Belum Dimulai,Pit-A-Blok01,
1656,2023-02-11,Saturday,2,Q1,2023,Shift 1 (07:00-19:00),ROM (Run of Mine),SPV-004,Survei,First Aid,0,1,0,0,0,0,0,36,404.9,Hujan Ringan,Kelelahan Pekerja,Revisi Prosedur,Selesai,ROM (R-Blok01,Investigasi selesai
1657,2023-05-14,Sunday,5,Q2,2023,Shift 2 (19:00-07:00),Pit-C (Hauling),SPV-013,Maintenance,Medical Treatment,0,0,1,0,0,0,0,39,400.2,Cerah,Alat Pelindung Diri Tidak Sesuai,Investigasi Lanjut,Overdue,Pit-C-Blok04,Investigasi selesai
1658,2024-08-03,Saturday,8,Q3,2024,Shift 1 (07:00-19:00),Pit-B (Coal Getting),SPV-020,Loading,Lost Time Injury,0,0,0,1,0,2,0,12,142.7,Hujan Ringan,Desain/Engineering,Pelatihan Ulang,Selesai,Pit-B-Blok05,
1659,2023-12-07,Thursday,12,Q4,2023,Shift 2 (19:00-07:00),Office Area,SPV-007,Loading,Lost Time Injury,0,0,0,1,0,12,0,27,313.6,Hujan Lebat,Human Error,Perbaikan Alat,Dalam Proses,Office-Blok01,
1660,2022-03-02,Wednesday,3,Q1,2022,Shift 1 (07:00-19:00),Pit-C (Hauling),SPV-019,Survei,Medical Treatment,0,0,1,0,0,0,0,12,126.9,Hujan Lebat,Desain/Engineering,Revisi Prosedur,Selesai,Pit-C-Blok05,Investigasi selesai
1661,2022-04-03,Sunday,4,Q2,2022,Shift 1 (07:00-19:00),Drainase,SPV-001,Dozing,Medical Treatment,0,0,1,0,0,0,0,29,363.9,Cerah,Komunikasi Buruk,Penggantian APD,Dalam Proses,Draina-Blok03,
1662,2024-07-02,Tuesday,7,Q3,2024,Shift 1 (07:00-19:00),Office Area,SPV-008,Blasting,Lost Time Injury,0,0,0,1,0,9,0,40,393.4,Cerah,Prosedur Tidak Diikuti,Perbaikan Alat,Selesai,Office-Blok05,
1663,2024-10-20,Sunday,10,Q4,2024,Shift 2 (19:00-07:00),Workshop,SPV-007,Blasting,Near Miss,1,0,0,0,0,0,0,45,500.5,Cerah,Kelelahan Pekerja,Penggantian APD,Selesai,Worksh-Blok01,Investigasi selesai
1664,2024-09-13,Friday,9,Q3,2024,Shift 1 (07:00-19:00),ROM (Run of Mine),SPV-006,Drilling,First Aid,0,1,0,0,0,0,0,20,209.4,Berawan,Komunikasi Buruk,Briefing Safety,Dalam Proses,ROM (R-Blok02,Sudah dilaporkan ke HSE Manager
1665,2024-08-30,Friday,8,Q3,2024,Shift 2 (19:00-07:00),Workshop,SPV-005,Drilling,Medical Treatment,0,0,1,0,0,0,0,12,158,Hujan Lebat,Peralatan Rusak,Perbaikan Alat,Belum Dimulai,Worksh-Blok01,
1666,2024-08-20,Tuesday,8,Q3,2024,Shift 1 (07:00-19:00),Pit-B (Coal Getting),SPV-001,Blasting,Property Damage,0,0,0,0,0,0,1,10,124.7,Berkabut,Human Error,Perbaikan Alat,Selesai,Pit-B-Blok01,Menunggu spare part
1667,2022-01-10,Monday,1,Q1,2022,Shift 2 (19:00-07:00),Pit-C (Hauling),SPV-017,Survei,First Aid,0,1,0,0,0,0,0,28,339.6,Berawan,Peralatan Rusak,Penggantian APD,Selesai,Pit-C-Blok02,Menunggu spare part
1668,2022-10-17,Monday,10,Q4,2022,Shift 1 (07:00-19:00),Workshop,SPV-017,Loading,Medical Treatment,0,0,1,0,0,0,0,44,484.9,Hujan Ringan,Desain/Engineering,Pelatihan Ulang,Dalam Proses,Worksh-Blok04,
1669,2023-04-16,Sunday,4,Q2,2023,Shift 1 (07:00-19:00),Pit-B (Coal Getting),SPV-009,Blasting,Near Miss,1,0,0,0,0,0,0,41,432.3,Berkabut,Kondisi Cuaca Buruk,Briefing Safety,Selesai,Pit-B-Blok04,
1670,2023-11-28,Tuesday,11,Q4,2023,Shift 2 (19:00-07:00),Pit-B (Coal Getting),SPV-016,Hauling,Near Miss,1,0,0,0,0,0,0,38,445.6,Berawan,Human Error,Penggantian APD,Dalam Proses,Pit-B-Blok01,Sudah dilaporkan ke HSE Manager
1671,2022-12-25,Sunday,12,Q4,2022,Shift 1 (07:00-19:00),Pit-C (Hauling),SPV-003,Pumping,Near Miss,1,0,0,0,0,0,0,42,512.8,Cerah,Alat Pelindung Diri Tidak Sesuai,Pelatihan Ulang,Selesai,Pit-C-Blok01,Perlu tindak lanjut
1672,2023-11-25,Saturday,11,Q4,2023,Shift 2 (19:00-07:00),Stockpile,SPV-012,Hauling,Lost Time Injury,0,0,0,1,0,11,0,20,252.9,Cerah,Kelelahan Pekerja,Perbaikan Alat,Selesai,Stockp-Blok05,Sudah dilaporkan ke HSE Manager
1673,2022-01-06,Thursday,1,Q1,2022,Shift 2 (19:00-07:00),Pit-C (Hauling),SPV-018,Pumping,Medical Treatment,0,0,1,0,0,0,0,11,124.9,Cerah,Alat Pelindung Diri Tidak Sesuai,Briefing Safety,Selesai,Pit-C-Blok04,
1674,2024-04-18,Thursday,4,Q2,2024,Shift 1 (07:00-19:00),Pit-B (Coal Getting),SPV-013,Hauling,Near Miss,1,0,0,0,0,0,0,32,391.8,Berawan,Housekeeping Buruk,Briefing Safety,Dalam Proses,Pit-B-Blok05,Sudah dilaporkan ke HSE Manager
1675,2024-11-08,Friday,11,Q4,2024,Shift 2 (19:00-07:00),Pit-B (Coal Getting),SPV-009,Pengawasan,Near Miss,1,0,0,0,0,0,0,26,291.6,Cerah,Desain/Engineering,Investigasi Lanjut,Dalam Proses,Pit-B-Blok03,
1676,2024-03-26,Tuesday,3,Q1,2024,Shift 2 (19:00-07:00),Pit-B (Coal Getting),SPV-009,Grading,First Aid,0,1,0,0,0,0,0,20,229.2,Berkabut,Desain/Engineering,Perbaikan Alat,Belum Dimulai,Pit-B-Blok02,
1677,2023-06-14,Wednesday,6,Q2,2023,Shift 2 (19:00-07:00),Stockpile,SPV-020,Dozing,First Aid,0,1,0,0,0,0,0,44,502.6,Berkabut,Prosedur Tidak Diikuti,Briefing Safety,Belum Dimulai,Stockp-Blok05,Perlu tindak lanjut
1678,2022-11-02,Wednesday,11,Q4,2022,Shift 2 (19:00-07:00),Pit-A (Overburden),SPV-002,Dozing,Near Miss,1,0,0,0,0,0,0,8,82.5,Berawan,Kelelahan Pekerja,Briefing Safety,Dalam Proses,Pit-A-Blok01,
1679,2022-09-11,Sunday,9,Q3,2022,Shift 2 (19:00-07:00),Workshop,SPV-019,Fueling,Near Miss,1,0,0,0,0,0,0,40,404.5,Berawan,Komunikasi Buruk,Briefing Safety,Belum Dimulai,Worksh-Blok01,Sudah dilaporkan ke HSE Manager
1680,2024-04-11,Thursday,4,Q2,2024,Shift 2 (19:00-07:00),Office Area,SPV-002,Fueling,Medical Treatment,0,0,1,0,0,0,0,30,336.4,Cerah,Peralatan Rusak,Penggantian APD,Selesai,Office-Blok03,
1681,2023-11-26,Sunday,11,Q4,2023,Shift 2 (19:00-07:00),Office Area,SPV-011,Pengawasan,Near Miss,1,0,0,0,0,0,0,28,336.8,Berawan,Human Error,Revisi Prosedur,Selesai,Office-Blok05,
1682,2022-02-26,Saturday,2,Q1,2022,Shift 1 (07:00-19:00),ROM (Run of Mine),SPV-004,Pengawasan,First Aid,0,1,0,0,0,0,0,10,112.3,Cerah,Prosedur Tidak Diikuti,Investigasi Lanjut,Selesai,ROM (R-Blok03,Menunggu spare part
1683,2022-12-12,Monday,12,Q4,2022,Shift 1 (07:00-19:00),Pit-B (Coal Getting),SPV-016,Grading,First Aid,0,1,0,0,0,0,0,19,189.4,Berawan,Prosedur Tidak Diikuti,Pelatihan Ulang,Dalam Proses,Pit-B-Blok03,Sudah dilaporkan ke HSE Manager
1684,2022-05-14,Saturday,5,Q2,2022,Shift 2 (19:00-07:00),Workshop,SPV-001,Survei,First Aid,0,1,0,0,0,0,0,37,412.3,Hujan Ringan,Human Error,Perbaikan Alat,Belum Dimulai,Worksh-Blok04,Investigasi selesai
1685,2024-03-25,Monday,3,Q1,2024,Shift 2 (19:00-07:00),Pit-A (Overburden),SPV-020,Survei,Lost Time Injury,0,0,0,1,0,5,0,44,501.8,Hujan Ringan,Prosedur Tidak Diikuti,Perbaikan Desain,Overdue,Pit-A-Blok04,Investigasi selesai
1686,2023-11-17,Friday,11,Q4,2023,Shift 1 (07:00-19:00),Pit-C (Hauling),SPV-013,Blasting,First Aid,0,1,0,0,0,0,0,14,149.2,Berkabut,Faktor Eksternal,Pelatihan Ulang,Selesai,Pit-C-Blok03,Perlu tindak lanjut
1687,2023-05-31,Wednesday,5,Q2,2023,Shift 1 (07:00-19:00),Pit-B (Coal Getting),SPV-001,Hauling,Medical Treatment,0,0,1,0,0,0,0,33,408.9,Berawan,Human Error,Investigasi Lanjut,Selesai,Pit-B-Blok05,Perlu tindak lanjut
1688,2023-11-10,Friday,11,Q4,2023,Shift 2 (19:00-07:00),Workshop,SPV-017,Loading,Near Miss,1,0,0,0,0,0,0,10,97.9,Berawan,Alat Pelindung Diri Tidak Sesuai,Revisi Prosedur,Selesai,Worksh-Blok05,
1689,2024-12-08,Sunday,12,Q4,2024,Shift 1 (07:00-19:00),Pit-C (Hauling),SPV-017,Loading,First Aid,0,1,0,0,0,0,0,21,244.1,Berkabut,Peralatan Rusak,Perbaikan Alat,Belum Dimulai,Pit-C-Blok04,
1690,2022-01-07,Friday,1,Q1,2022,Shift 1 (07:00-19:00),Workshop,SPV-009,Survei,First Aid,0,1,0,0,0,0,0,13,158.3,Cerah,Prosedur Tidak Diikuti,Revisi Prosedur,Dalam Proses,Worksh-Blok05,
1691,2023-01-24,Tuesday,1,Q1,2023,Shift 1 (07:00-19:00),Pit-C (Hauling),SPV-020,Drilling,Lost Time Injury,0,0,0,1,0,2,0,43,480.6,Cerah,Kondisi Cuaca Buruk,Pelatihan Ulang,Selesai,Pit-C-Blok04,
1692,2022-04-02,Saturday,4,Q2,2022,Shift 2 (19:00-07:00),Workshop,SPV-003,Loading,Property Damage,0,0,0,0,0,0,1,20,234.3,Cerah,Faktor Eksternal,Briefing Safety,Selesai,Worksh-Blok01,
1693,2024-02-21,Wednesday,2,Q1,2024,Shift 1 (07:00-19:00),Pit-B (Coal Getting),SPV-008,Fueling,Near Miss,1,0,0,0,0,0,0,22,243.8,Cerah,Human Error,Investigasi Lanjut,Selesai,Pit-B-Blok01,
1694,2024-06-08,Saturday,6,Q2,2024,Shift 1 (07:00-19:00),Workshop,SPV-004,Loading,Near Miss,1,0,0,0,0,0,0,13,137.5,Berawan,Desain/Engineering,Penggantian APD,Dalam Proses,Worksh-Blok04,
1695,2023-04-24,Monday,4,Q2,2023,Shift 1 (07:00-19:00),Pit-A (Overburden),SPV-002,Administrasi,Near Miss,1,0,0,0,0,0,0,45,561.1,Cerah,Kondisi Cuaca Buruk,Perbaikan Alat,Selesai,Pit-A-Blok02,Menunggu spare part
1696,2024-03-05,Tuesday,3,Q1,2024,Shift 1 (07:00-19:00),Workshop,SPV-006,Pengawasan,First Aid,0,1,0,0,0,0,0,37,435.6,Berawan,Housekeeping Buruk,Perbaikan Alat,Selesai,Worksh-Blok05,
1697,2024-08-28,Wednesday,8,Q3,2024,Shift 2 (19:00-07:00),Pit-C (Hauling),SPV-017,Blasting,Medical Treatment,0,0,1,0,0,0,0,25,322.9,Hujan Lebat,Kelelahan Pekerja,Briefing Safety,Selesai,Pit-C-Blok05,
1698,2022-12-21,Wednesday,12,Q4,2022,Shift 2 (19:00-07:00),Workshop,SPV-008,Hauling,Property Damage,0,0,0,0,0,0,1,28,346.2,Cerah,Desain/Engineering,Revisi Prosedur,Dalam Proses,Worksh-Blok02,Perlu tindak lanjut
1699,2023-11-05,Sunday,11,Q4,2023,Shift 1 (07:00-19:00),ROM (Run of Mine),SPV-005,Loading,Near Miss,1,0,0,0,0,0,0,21,215.7,Berawan,Alat Pelindung Diri Tidak Sesuai,Revisi Prosedur,Selesai,ROM (R-Blok04,Investigasi selesai
1700,2022-07-31,Sunday,7,Q3,2022,Shift 1 (07:00-19:00),Office Area,SPV-015,Pengawasan,Near Miss,1,0,0,0,0,0,0,31,364.7,Berawan,Alat Pelindung Diri Tidak Sesuai,Briefing Safety,Selesai,Office-Blok03,Sudah dilaporkan ke HSE Manager
1701,2023-09-19,Tuesday,9,Q3,2023,Shift 1 (07:00-19:00),Pit-B (Coal Getting),SPV-019,Drilling,Near Miss,1,0,0,0,0,0,0,15,185.3,Berawan,Komunikasi Buruk,Penggantian APD,Selesai,Pit-B-Blok02,Perlu tindak lanjut
1702,2022-08-31,Wednesday,8,Q3,2022,Shift 1 (07:00-19:00),Stockpile,SPV-017,Pumping,Near Miss,1,0,0,0,0,0,0,8,97.2,Hujan Ringan,Faktor Eksternal,Penggantian APD,Selesai,Stockp-Blok05,
1703,2022-03-24,Thursday,3,Q1,2022,Shift 2 (19:00-07:00),ROM (Run of Mine),SPV-019,Grading,Near Miss,1,0,0,0,0,0,0,35,423,Berkabut,Peralatan Rusak,Investigasi Lanjut,Dalam Proses,ROM (R-Blok03,
1704,2023-05-30,Tuesday,5,Q2,2023,Shift 1 (07:00-19:00),Pit-A (Overburden),SPV-012,Survei,First Aid,0,1,0,0,0,0,0,33,380.7,Berawan,Desain/Engineering,Briefing Safety,Belum Dimulai,Pit-A-Blok01,
1705,2022-04-29,Friday,4,Q2,2022,Shift 1 (07:00-19:00),Pit-A (Overburden),SPV-003,Dozing,First Aid,0,1,0,0,0,0,0,10,107.8,Cerah,Housekeeping Buruk,Pelatihan Ulang,Dalam Proses,Pit-A-Blok02,Sudah dilaporkan ke HSE Manager
1706,2023-01-26,Thursday,1,Q1,2023,Shift 1 (07:00-19:00),Pit-A (Overburden),SPV-002,Grading,Near Miss,1,0,0,0,0,0,0,32,402.5,Cerah,Peralatan Rusak,Briefing Safety,Selesai,Pit-A-Blok04,
1707,2024-11-05,Tuesday,11,Q4,2024,Shift 2 (19:00-07:00),ROM (Run of Mine),SPV-010,Blasting,Lost Time Injury,0,0,0,1,0,10,0,20,213.9,Hujan Ringan,Desain/Engineering,Pelatihan Ulang,Selesai,ROM (R-Blok03,
1708,2024-08-05,Monday,8,Q3,2024,Shift 2 (19:00-07:00),Office Area,SPV-001,Hauling,Near Miss,1,0,0,0,0,0,0,25,317,Berawan,Kondisi Cuaca Buruk,Pelatihan Ulang,Dalam Proses,Office-Blok02,
1709,2024-11-18,Monday,11,Q4,2024,Shift 1 (07:00-19:00),Pit-C (Hauling),SPV-011,Dozing,First Aid,0,1,0,0,0,0,0,13,156.6,Hujan Lebat,Kelelahan Pekerja,Briefing Safety,Selesai,Pit-C-Blok03,
1710,2023-04-01,Saturday,4,Q2,2023,Shift 1 (07:00-19:00),Pit-A (Overburden),SPV-001,Loading,First Aid,0,1,0,0,0,0,0,18,190.6,Hujan Ringan,Peralatan Rusak,Perbaikan Alat,Selesai,Pit-A-Blok04,Menunggu spare part
1711,2024-01-24,Wednesday,1,Q1,2024,Shift 1 (07:00-19:00),Pit-A (Overburden),SPV-008,Pengawasan,Near Miss,1,0,0,0,0,0,0,22,246.9,Cerah,Kondisi Cuaca Buruk,Pelatihan Ulang,Dalam Proses,Pit-A-Blok01,Menunggu spare part
1712,2022-08-14,Sunday,8,Q3,2022,Shift 2 (19:00-07:00),Drainase,SPV-015,Loading,Near Miss,1,0,0,0,0,0,0,45,566.8,Berkabut,Alat Pelindung Diri Tidak Sesuai,Perbaikan Desain,Selesai,Draina-Blok04,
1713,2022-03-08,Tuesday,3,Q1,2022,Shift 2 (19:00-07:00),Stockpile,SPV-016,Loading,First Aid,0,1,0,0,0,0,0,8,89.5,Hujan Lebat,Kelelahan Pekerja,Perbaikan Alat,Selesai,Stockp-Blok03,
1714,2022-06-24,Friday,6,Q2,2022,Shift 2 (19:00-07:00),Pit-A (Overburden),SPV-013,Pumping,Near Miss,1,0,0,0,0,0,0,40,523,Berkabut,Human Error,Briefing Safety,Dalam Proses,Pit-A-Blok04,Sudah dilaporkan ke HSE Manager
1715,2023-01-15,Sunday,1,Q1,2023,Shift 1 (07:00-19:00),Office Area,SPV-013,Survei,Lost Time Injury,0,0,0,1,0,8,0,36,376,Berawan,Kondisi Cuaca Buruk,Perbaikan Alat,Belum Dimulai,Office-Blok05,Perlu tindak lanjut
1716,2024-02-28,Wednesday,2,Q1,2024,Shift 1 (07:00-19:00),Pit-C (Hauling),SPV-015,Blasting,First Aid,0,1,0,0,0,0,0,24,310,Cerah,Alat Pelindung Diri Tidak Sesuai,Perbaikan Alat,Dalam Proses,Pit-C-Blok01,
1717,2022-07-17,Sunday,7,Q3,2022,Shift 2 (19:00-07:00),Office Area,SPV-003,Drilling,Near Miss,1,0,0,0,0,0,0,43,422.8,Berawan,Kelelahan Pekerja,Penggantian APD,Selesai,Office-Blok01,Sudah dilaporkan ke HSE Manager
1718,2024-04-19,Friday,4,Q2,2024,Shift 2 (19:00-07:00),Workshop,SPV-005,Blasting,Near Miss,1,0,0,0,0,0,0,40,401.4,Berkabut,Housekeeping Buruk,Revisi Prosedur,Selesai,Worksh-Blok05,
1719,2023-11-18,Saturday,11,Q4,2023,Shift 1 (07:00-19:00),Pit-B (Coal Getting),SPV-012,Survei,First Aid,0,1,0,0,0,0,0,9,112.8,Cerah,Peralatan Rusak,Revisi Prosedur,Overdue,Pit-B-Blok02,Menunggu spare part
1720,2024-03-07,Thursday,3,Q1,2024,Shift 2 (19:00-07:00),ROM (Run of Mine),SPV-007,Survei,Near Miss,1,0,0,0,0,0,0,8,90.6,Cerah,Prosedur Tidak Diikuti,Investigasi Lanjut,Belum Dimulai,ROM (R-Blok05,
1721,2024-03-03,Sunday,3,Q1,2024,Shift 1 (07:00-19:00),Stockpile,SPV-010,Dozing,Near Miss,1,0,0,0,0,0,0,38,492.5,Berawan,Housekeeping Buruk,Perbaikan Alat,Selesai,Stockp-Blok04,
1722,2023-09-07,Thursday,9,Q3,2023,Shift 1 (07:00-19:00),Pit-A (Overburden),SPV-011,Grading,Medical Treatment,0,0,1,0,0,0,0,43,522,Berawan,Alat Pelindung Diri Tidak Sesuai,Perbaikan Alat,Belum Dimulai,Pit-A-Blok01,
1723,2023-08-18,Friday,8,Q3,2023,Shift 1 (07:00-19:00),Stockpile,SPV-015,Survei,Medical Treatment,0,0,1,0,0,0,0,19,237.4,Hujan Lebat,Kondisi Cuaca Buruk,Investigasi Lanjut,Selesai,Stockp-Blok02,Sudah dilaporkan ke HSE Manager
1724,2022-08-15,Monday,8,Q3,2022,Shift 2 (19:00-07:00),Pit-B (Coal Getting),SPV-015,Hauling,Near Miss,1,0,0,0,0,0,0,17,183.4,Berkabut,Prosedur Tidak Diikuti,Penggantian APD,Selesai,Pit-B-Blok02,Investigasi selesai
1725,2023-05-02,Tuesday,5,Q2,2023,Shift 2 (19:00-07:00),Pit-A (Overburden),SPV-013,Blasting,Property Damage,0,0,0,0,0,0,1,40,394.1,Berawan,Prosedur Tidak Diikuti,Briefing Safety,Belum Dimulai,Pit-A-Blok02,
1726,2022-06-11,Saturday,6,Q2,2022,Shift 1 (07:00-19:00),Pit-B (Coal Getting),SPV-009,Maintenance,First Aid,0,1,0,0,0,0,0,45,515.4,Berawan,Housekeeping Buruk,Penggantian APD,Selesai,Pit-B-Blok05,Perlu tindak lanjut
1727,2022-08-23,Tuesday,8,Q3,2022,Shift 1 (07:00-19:00),Pit-B (Coal Getting),SPV-019,Grading,First Aid,0,1,0,0,0,0,0,15,163.6,,Alat Pelindung Diri Tidak Sesuai,Penggantian APD,Dalam Proses,Pit-B-Blok03,
1728,2023-11-10,Friday,11,Q4,2023,Shift 1 (07:00-19:00),Pit-C (Hauling),SPV-007,Hauling,Medical Treatment,0,0,1,0,0,0,0,13,143.5,Hujan Ringan,Human Error,Investigasi Lanjut,Belum Dimulai,Pit-C-Blok05,Sudah dilaporkan ke HSE Manager
1729,2024-10-21,Monday,10,Q4,2024,Shift 1 (07:00-19:00),Stockpile,SPV-018,Grading,Medical Treatment,0,0,1,0,0,0,0,10,113,Cerah,Alat Pelindung Diri Tidak Sesuai,Perbaikan Desain,Selesai,Stockp-Blok04,
1730,2024-02-29,Thursday,2,Q1,2024,Shift 2 (19:00-07:00),Pit-C (Hauling),SPV-014,Survei,First Aid,0,1,0,0,0,0,0,21,248.3,Hujan Ringan,Kelelahan Pekerja,Investigasi Lanjut,Dalam Proses,Pit-C-Blok01,Menunggu spare part
1731,2024-10-17,Thursday,10,Q4,2024,Shift 1 (07:00-19:00),Stockpile,SPV-012,Survei,Medical Treatment,0,0,1,0,0,0,0,32,374.6,Hujan Ringan,Kelelahan Pekerja,Perbaikan Alat,Selesai,Stockp-Blok02,
1732,2023-10-30,Monday,10,Q4,2023,Shift 2 (19:00-07:00),Workshop,SPV-008,Blasting,Near Miss,1,0,0,0,0,0,0,32,395,Berawan,Desain/Engineering,Perbaikan Desain,Dalam Proses,Worksh-Blok02,
1733,2022-12-02,Friday,12,Q4,2022,Shift 2 (19:00-07:00),Workshop,SPV-004,Fueling,Near Miss,1,0,0,0,0,0,0,42,465.4,Cerah,Housekeeping Buruk,Briefing Safety,Selesai,Worksh-Blok02,
1734,2024-11-22,Friday,11,Q4,2024,Shift 2 (19:00-07:00),Pit-C (Hauling),SPV-014,Loading,Near Miss,1,0,0,0,0,0,0,36,389.8,Cerah,Komunikasi Buruk,Revisi Prosedur,Overdue,Pit-C-Blok05,Menunggu spare part
1735,2023-02-19,Sunday,2,Q1,2023,Shift 2 (19:00-07:00),wrkshop,SPV-007,Dozing,First Aid,0,1,0,0,0,0,0,30,359.2,Cerah,Peralatan Rusak,Perbaikan Desain,Selesai,Pit-C-Blok01,Sudah dilaporkan ke HSE Manager
1736,2023-05-19,Friday,5,Q2,2023,Shift 2 (19:00-07:00),Pit-C (Hauling),SPV-008,Survei,Medical Treatment,0,0,1,0,0,0,0,23,238.5,Hujan Lebat,Peralatan Rusak,Penggantian APD,Selesai,Pit-C-Blok01,Investigasi selesai
1737,2024-02-27,Tuesday,2,Q1,2024,Shift 2 (19:00-07:00),Pit-A (Overburden),SPV-014,Dozing,Near Miss,1,0,0,0,0,0,0,22,234.9,Berawan,Desain/Engineering,Briefing Safety,Selesai,Pit-A-Blok03,Perlu tindak lanjut
1738,2022-09-28,Wednesday,9,Q3,2022,Shift 2 (19:00-07:00),Pit-B (Coal Getting),SPV-005,Drilling,Near Miss,1,0,0,0,0,0,0,11,116.3,Berawan,Desain/Engineering,Pelatihan Ulang,Selesai,Pit-B-Blok05,
1739,2024-09-11,Wednesday,9,Q3,2024,Shift 1 (07:00-19:00),Pit-B (Coal Getting),SPV-008,Dozing,Near Miss,1,0,0,0,0,0,0,42,470.5,Berawan,Peralatan Rusak,Pelatihan Ulang,Dalam Proses,Pit-B-Blok04,Menunggu spare part
1740,2022-03-03,Thursday,3,Q1,2022,Shift 2 (19:00-07:00),Pit-A (Overburden),SPV-001,Grading,Medical Treatment,0,0,1,0,0,0,0,17,184.7,Cerah,Faktor Eksternal,Briefing Safety,Selesai,Pit-A-Blok02,
1741,2024-08-29,Thursday,8,Q3,2024,Shift 2 (19:00-07:00),Office Area,SPV-011,Hauling,Near Miss,1,0,0,0,0,0,0,34,413.6,Berkabut,Komunikasi Buruk,Briefing Safety,Dalam Proses,Office-Blok04,
1742,2023-03-06,Monday,3,Q1,2023,Shift 1 (07:00-19:00),Pit-A (Overburden),SPV-015,Pengawasan,Near Miss,1,0,0,0,0,0,0,13,143.3,Cerah,Faktor Eksternal,Pelatihan Ulang,Belum Dimulai,Pit-A-Blok01,
1743,2022-06-24,Friday,6,Q2,2022,Shift 1 (07:00-19:00),Pit-B (Coal Getting),SPV-005,Loading,Near Miss,1,0,0,0,0,0,0,31,330.3,Cerah,Prosedur Tidak Diikuti,Briefing Safety,Dalam Proses,Pit-B-Blok01,Perlu tindak lanjut
1744,2023-11-05,Sunday,11,Q4,2023,Shift 2 (19:00-07:00),Pit-B (Coal Getting),SPV-020,Loading,First Aid,0,1,0,0,0,0,0,45,464.4,Cerah,Kondisi Cuaca Buruk,Pelatihan Ulang,Dalam Proses,Pit-B-Blok05,Perlu tindak lanjut
1745,2023-11-29,Wednesday,11,Q4,2023,Shift 1 (07:00-19:00),Pit-C (Hauling),SPV-002,Pumping,First Aid,0,1,0,0,0,0,0,10,126.8,Cerah,Faktor Eksternal,Perbaikan Desain,Selesai,Pit-C-Blok05,
1746,2022-11-20,Sunday,11,Q4,2022,Shift 2 (19:00-07:00),Workshop,SPV-019,Blasting,Property Damage,0,0,0,0,0,0,1,36,406.9,Berkabut,Komunikasi Buruk,Revisi Prosedur,Selesai,Worksh-Blok01,
1747,2024-07-13,Saturday,7,Q3,2024,Shift 2 (19:00-07:00),Pit-A (Overburden),SPV-006,Administrasi,Near Miss,1,0,0,0,0,0,0,26,331.3,Hujan Ringan,Alat Pelindung Diri Tidak Sesuai,Perbaikan Desain,Dalam Proses,Pit-A-Blok01,Perlu tindak lanjut
1748,2022-09-07,Wednesday,9,Q3,2022,Shift 1 (07:00-19:00),Pit-C (Hauling),SPV-018,Blasting,Near Miss,1,0,0,0,0,0,0,16,181.7,Berkabut,Kelelahan Pekerja,Perbaikan Alat,Selesai,Pit-C-Blok03,
1749,2023-06-16,Friday,6,Q2,2023,Shift 1 (07:00-19:00),Pit-C (Hauling),SPV-020,Maintenance,Near Miss,1,0,0,0,0,0,0,28,332.6,Cerah,Prosedur Tidak Diikuti,Perbaikan Desain,Selesai,Pit-C-Blok03,Perlu tindak lanjut
1750,2022-05-03,Tuesday,5,Q2,2022,Shift 2 (19:00-07:00),Stockpile,SPV-009,Grading,Near Miss,1,0,0,0,0,0,0,31,376.9,Cerah,Faktor Eksternal,Pelatihan Ulang,Belum Dimulai,Stockp-Blok05,
1751,2022-06-18,Saturday,6,Q2,2022,Shift 2 (19:00-07:00),Drainase,SPV-005,Drilling,Near Miss,1,0,0,0,0,0,0,33,380.8,Berkabut,Desain/Engineering,Penggantian APD,Selesai,Draina-Blok02,
1752,2022-02-10,Thursday,2,Q1,2022,Shift 2 (19:00-07:00),Pit-B (Coal Getting),SPV-011,Fueling,Near Miss,1,0,0,0,0,0,0,45,584,Cerah,Human Error,Perbaikan Alat,Selesai,Pit-B-Blok05,
1753,2024-07-01,Monday,7,Q3,2024,Shift 2 (19:00-07:00),Pit-B (Coal Getting),SPV-009,Pumping,Near Miss,1,0,0,0,0,0,0,26,263.3,Cerah,Peralatan Rusak,Penggantian APD,Selesai,Pit-B-Blok03,
1754,2024-12-23,Monday,12,Q4,2024,Shift 2 (19:00-07:00),Pit-C (Hauling),SPV-007,Blasting,Lost Time Injury,0,0,0,1,1,11,0,41,508.3,Hujan Ringan,Kondisi Cuaca Buruk,Briefing Safety,Dalam Proses,Pit-C-Blok04,Perlu tindak lanjut
1755,2022-02-28,Monday,2,Q1,2022,Shift 1 (07:00-19:00),Pit-A (Overburden),SPV-014,Survei,First Aid,0,1,0,0,0,0,0,17,194.1,Cerah,Housekeeping Buruk,Perbaikan Alat,Belum Dimulai,Pit-A-Blok01,
1756,2024-03-27,Wednesday,3,Q1,2024,Shift 2 (19:00-07:00),Pit-A (Overburden),SPV-012,Pengawasan,First Aid,0,1,0,0,0,0,0,11,139.3,Berawan,Housekeeping Buruk,Pelatihan Ulang,Dalam Proses,Pit-A-Blok01,
1757,2024-05-21,Tuesday,5,Q2,2024,Shift 2 (19:00-07:00),ROM (Run of Mine),SPV-004,Dozing,Near Miss,1,0,0,0,0,0,0,34,396.1,Berkabut,Kelelahan Pekerja,Briefing Safety,Selesai,ROM (R-Blok05,Investigasi selesai
1758,2024-05-23,Thursday,5,Q2,2024,Shift 2 (19:00-07:00),ROM (Run of Mine),SPV-008,Pengawasan,Near Miss,1,0,0,0,0,0,0,16,172.9,Cerah,Peralatan Rusak,Perbaikan Desain,Selesai,ROM (R-Blok02,Menunggu spare part
1759,2023-07-24,Monday,7,Q3,2023,Shift 1 (07:00-19:00),Workshop,SPV-005,Survei,First Aid,0,1,0,0,0,0,0,39,426.7,Hujan Ringan,Peralatan Rusak,Perbaikan Alat,Selesai,Worksh-Blok02,Sudah dilaporkan ke HSE Manager
1760,2024-07-04,Thursday,7,Q3,2024,Shift 2 (19:00-07:00),Workshop,SPV-007,Pengawasan,Near Miss,1,0,0,0,0,0,0,19,192,Hujan Ringan,Komunikasi Buruk,Penggantian APD,Selesai,Worksh-Blok03,
1761,2024-08-25,Sunday,8,Q3,2024,Shift 2 (19:00-07:00),Pit-B (Coal Getting),SPV-005,Loading,Medical Treatment,0,0,1,0,0,0,0,28,354.1,Cerah,Human Error,Perbaikan Desain,Selesai,Pit-B-Blok04,
1762,2023-04-27,Thursday,4,Q2,2023,Shift 2 (19:00-07:00),Pit-A (Overburden),SPV-002,Loading,First Aid,0,1,0,0,0,0,0,43,535.1,Hujan Ringan,Desain/Engineering,Penggantian APD,Dalam Proses,Pit-A-Blok05,
1763,2022-10-23,Sunday,10,Q4,2022,Shift 2 (19:00-07:00),pit a,SPV-015,Pumping,Near Miss,1,0,0,0,0,0,0,29,379.6,Berkabut,Faktor Eksternal,Briefing Safety,Selesai,ROM (R-Blok05,Menunggu spare part
1764,2023-06-13,Tuesday,6,Q2,2023,Shift 2 (19:00-07:00),Pit-B (Coal Getting),SPV-001,Hauling,Near Miss,1,0,0,0,0,0,0,24,298.1,Cerah,Kondisi Cuaca Buruk,Perbaikan Desain,Selesai,Pit-B-Blok02,Menunggu spare part
1765,2024-05-22,Wednesday,5,Q2,2024,Shift 1 (07:00-19:00),Drainase,SPV-007,Hauling,First Aid,0,1,0,0,0,0,0,22,224.2,Hujan Lebat,Kondisi Cuaca Buruk,Revisi Prosedur,Selesai,Draina-Blok01,
1766,2022-04-22,Friday,4,Q2,2022,Shift 1 (07:00-19:00),Pit-A (Overburden),SPV-018,Fueling,Medical Treatment,0,0,1,0,0,0,0,45,563.6,Cerah,Kelelahan Pekerja,Revisi Prosedur,Selesai,Pit-A-Blok02,Perlu tindak lanjut
1767,2024-12-08,Sunday,12,Q4,2024,Shift 1 (07:00-19:00),Workshop,SPV-019,Hauling,Near Miss,1,0,0,0,0,0,0,13,128.9,Cerah,Desain/Engineering,Perbaikan Alat,Selesai,Worksh-Blok02,Menunggu spare part
1768,2024-07-14,Sunday,7,Q3,2024,Shift 1 (07:00-19:00),Drainase,SPV-004,Blasting,Near Miss,1,0,0,0,0,0,0,30,325.9,Hujan Lebat,Kondisi Cuaca Buruk,Pelatihan Ulang,Selesai,Draina-Blok02,Sudah dilaporkan ke HSE Manager
1769,2023-07-11,Tuesday,7,Q3,2023,Shift 2 (19:00-07:00),Pit-C (Hauling),SPV-011,Loading,Medical Treatment,0,0,1,0,0,0,0,19,212,Berkabut,Faktor Eksternal,Perbaikan Desain,Selesai,Pit-C-Blok04,Menunggu spare part
1770,2024-08-25,Sunday,8,Q3,2024,Shift 1 (07:00-19:00),Pit-C (Hauling),SPV-017,Fueling,Near Miss,1,0,0,0,0,0,0,30,373,Cerah,Desain/Engineering,Revisi Prosedur,Belum Dimulai,Pit-C-Blok01,Sudah dilaporkan ke HSE Manager
1771,2023-01-12,Thursday,1,Q1,2023,Shift 2 (19:00-07:00),,SPV-005,Hauling,Property Damage,0,0,0,1,0,0,1,15,184.8,Cerah,Faktor Eksternal,Penggantian APD,Belum Dimulai,Worksh-Blok03,Perlu tindak lanjut
1772,2024-02-15,Thursday,2,Q1,2024,Shift 2 (19:00-07:00),Pit-B (Coal Getting),SPV-016,Survei,Near Miss,1,0,0,0,0,0,0,12,152.7,Berkabut,Housekeeping Buruk,Briefing Safety,Selesai,Pit-B-Blok02,Menunggu spare part
1773,2023-06-16,Friday,6,Q2,2023,Shift 1 (07:00-19:00),Pit-B (Coal Getting),SPV-001,Maintenance,First Aid,0,1,0,0,0,0,0,34,390.7,Berawan,Prosedur Tidak Diikuti,Revisi Prosedur,Dalam Proses,Pit-B-Blok03,
1774,2024-08-09,Friday,8,Q3,2024,Shift 1 (07:00-19:00),Drainase,SPV-005,Fueling,First Aid,0,1,0,0,0,0,0,42,542.8,Berkabut,Faktor Eksternal,Penggantian APD,Selesai,Draina-Blok02,
1775,2024-11-24,Sunday,11,Q4,2024,Shift 2 (19:00-07:00),Pit-B (Coal Getting),SPV-007,Maintenance,Near Miss,1,0,0,0,0,0,0,22,229.7,Cerah,Prosedur Tidak Diikuti,Briefing Safety,Selesai,Pit-B-Blok05,
1776,2022-08-27,Saturday,8,Q3,2022,Shift 1 (07:00-19:00),ROM (Run of Mine),SPV-013,Maintenance,First Aid,0,1,0,0,0,0,0,38,3600,Hujan Ringan,Komunikasi Buruk,Pelatihan Ulang,Dalam Proses,ROM (R-Blok02,Sudah dilaporkan ke HSE Manager
1777,2024-02-04,Sunday,2,Q1,2024,Shift 2 (19:00-07:00),Stockpile,SPV-007,Maintenance,Near Miss,1,0,0,0,0,0,0,40,511.2,Hujan Ringan,Komunikasi Buruk,Revisi Prosedur,Selesai,Stockp-Blok05,Sudah dilaporkan ke HSE Manager
1778,2022-09-20,Tuesday,9,Q3,2022,Shift 2 (19:00-07:00),Pit-B (Coal Getting),SPV-015,Maintenance,First Aid,0,1,0,0,0,0,0,40,506.2,Cerah,Desain/Engineering,Perbaikan Desain,Selesai,Pit-B-Blok03,
1779,2022-06-06,Monday,6,Q2,2022,Shift 1 (07:00-19:00),Pit-B (Coal Getting),SPV-001,Pengawasan,Near Miss,1,0,0,0,0,0,0,15,195.4,Berawan,Faktor Eksternal,Investigasi Lanjut,Belum Dimulai,Pit-B-Blok01,Perlu tindak lanjut
1780,2022-05-19,Thursday,5,Q2,2022,Shift 1 (07:00-19:00),Pit-A (Overburden),SPV-017,Fueling,First Aid,0,1,0,0,0,0,0,39,468.5,Hujan Lebat,Housekeeping Buruk,Perbaikan Alat,Belum Dimulai,Pit-A-Blok03,Menunggu spare part
1781,2024-05-03,Friday,5,Q2,2024,Shift 1 (07:00-19:00),Workshop,SPV-003,Administrasi,Near Miss,1,0,0,0,0,0,0,38,459.6,Berawan,Alat Pelindung Diri Tidak Sesuai,Perbaikan Alat,Belum Dimulai,Worksh-Blok05,
1782,2024-11-04,Monday,11,Q4,2024,Shift 1 (07:00-19:00),Pit-B (Coal Getting),SPV-015,Drilling,Medical Treatment,0,0,1,0,0,0,0,41,493.6,Berkabut,Peralatan Rusak,Penggantian APD,Dalam Proses,Pit-B-Blok02,Perlu tindak lanjut
1783,2023-10-17,Tuesday,10,Q4,2023,Shift 2 (19:00-07:00),Drainase,SPV-015,Loading,Medical Treatment,0,0,1,0,0,0,0,13,149.9,Berawan,Alat Pelindung Diri Tidak Sesuai,Perbaikan Alat,Selesai,Draina-Blok05,
1784,2023-03-31,Friday,3,Q1,2023,Shift 1 (07:00-19:00),Pit-B (Coal Getting),SPV-020,Hauling,First Aid,0,1,0,0,0,0,0,20,200.8,Berawan,Desain/Engineering,Pelatihan Ulang,Selesai,Pit-B-Blok01,
1785,2024-01-26,Friday,1,Q1,2024,Shift 1 (07:00-19:00),ROM (Run of Mine),SPV-018,Drilling,Medical Treatment,0,0,1,0,0,0,0,21,270.2,Cerah,Alat Pelindung Diri Tidak Sesuai,Pelatihan Ulang,Selesai,ROM (R-Blok04,Sudah dilaporkan ke HSE Manager
1786,2023-08-07,Monday,8,Q3,2023,Shift 1 (07:00-19:00),Pit-B (Coal Getting),SPV-001,Grading,First Aid,0,1,0,0,0,0,0,31,370.2,Berawan,Alat Pelindung Diri Tidak Sesuai,Penggantian APD,Dalam Proses,Pit-B-Blok03,
1787,2024-07-11,Thursday,7,Q3,2024,Shift 2 (19:00-07:00),Pit-C (Hauling),SPV-018,Blasting,Environmental Spill,0,0,0,0,0,0,0,44,544.4,Berawan,Kondisi Cuaca Buruk,Penggantian APD,Selesai,Pit-C-Blok01,
1788,2023-01-10,Tuesday,1,Q1,2023,Shift 1 (07:00-19:00),Drainase,SPV-015,Maintenance,Medical Treatment,0,0,1,0,0,0,0,15,164,Hujan Lebat,Kelelahan Pekerja,Investigasi Lanjut,Selesai,Draina-Blok02,
1789,2022-11-11,Friday,11,Q4,2022,Shift 1 (07:00-19:00),Stockpile,SPV-006,Blasting,Medical Treatment,0,0,1,0,0,0,0,18,238,Hujan Ringan,Komunikasi Buruk,Penggantian APD,Selesai,Stockp-Blok01,Perlu tindak lanjut
1790,2024-04-20,Saturday,4,Q2,2024,Shift 1 (07:00-19:00),Pit-A (Overburden),SPV-018,Maintenance,Lost Time Injury,0,0,0,1,0,5,0,22,240.8,Cerah,Alat Pelindung Diri Tidak Sesuai,Investigasi Lanjut,Dalam Proses,Pit-A-Blok02,Perlu tindak lanjut
1791,2022-05-18,Wednesday,5,Q2,2022,Shift 1 (07:00-19:00),Pit-B (Coal Getting),SPV-012,Grading,Near Miss,1,0,0,0,0,0,0,22,256.3,Cerah,Kondisi Cuaca Buruk,Revisi Prosedur,Dalam Proses,Pit-B-Blok05,Perlu tindak lanjut
1792,2024-07-24,Wednesday,7,Q3,2024,Shift 1 (07:00-19:00),Pit-A (Overburden),SPV-002,Pengawasan,Near Miss,1,0,0,0,0,0,0,43,553.4,Hujan Ringan,Housekeeping Buruk,Revisi Prosedur,Belum Dimulai,Pit-A-Blok04,Sudah dilaporkan ke HSE Manager
1793,2023-06-27,Tuesday,6,Q2,2023,Shift 1 (07:00-19:00),ROM (Run of Mine),SPV-020,Fueling,First Aid,0,1,0,0,0,0,0,20,259.5,Cerah,Peralatan Rusak,Revisi Prosedur,Selesai,ROM (R-Blok01,Perlu tindak lanjut
1794,2022-05-13,Friday,5,Q2,2022,Shift 1 (07:00-19:00),Drainase,SPV-008,Hauling,Near Miss,1,0,0,0,0,0,0,37,367.9,Hujan Ringan,Human Error,Penggantian APD,Dalam Proses,Draina-Blok04,Menunggu spare part
1795,2023-10-24,Tuesday,10,Q4,2023,Shift 1 (07:00-19:00),Pit-B (Coal Getting),SPV-015,Loading,Lost Time Injury,0,0,0,1,0,2,0,40,467.4,Cerah,Alat Pelindung Diri Tidak Sesuai,Pelatihan Ulang,Selesai,Pit-B-Blok03,
1796,2023-11-08,Wednesday,11,Q4,2023,Shift 2 (19:00-07:00),ROM (Run of Mine),SPV-003,Blasting,Near Miss,1,0,0,0,0,0,0,38,420.6,Cerah,Prosedur Tidak Diikuti,Briefing Safety,Selesai,ROM (R-Blok03,Menunggu spare part
1797,2024-06-26,Wednesday,6,Q2,2024,Shift 1 (07:00-19:00),Pit-B (Coal Getting),SPV-007,Dozing,Near Miss,1,0,0,0,0,0,0,32,343.3,Cerah,Human Error,Briefing Safety,Selesai,Pit-B-Blok03,Sudah dilaporkan ke HSE Manager
1798,2022-01-06,Thursday,1,Q1,2022,Shift 1 (07:00-19:00),Pit-A (Overburden),SPV-020,Grading,Near Miss,1,0,0,0,0,0,0,24,313.7,Berawan,Peralatan Rusak,Investigasi Lanjut,Selesai,Pit-A-Blok04,
1799,2023-01-06,Friday,1,Q1,2023,Shift 1 (07:00-19:00),Pit-B (Coal Getting),SPV-018,Drilling,First Aid,0,1,0,0,0,0,0,36,399.7,Hujan Ringan,Komunikasi Buruk,Perbaikan Desain,Dalam Proses,Pit-B-Blok02,
1800,2022-03-14,Monday,3,Q1,2022,Shift 1 (07:00-19:00),Pit-B (Coal Getting),SPV-017,Blasting,Medical Treatment,0,0,1,0,0,0,0,25,315.2,Hujan Ringan,Housekeeping Buruk,Revisi Prosedur,Dalam Proses,Pit-B-Blok02,
1801,2023-11-11,Saturday,11,Q4,2023,Shift 1 (07:00-19:00),Office Area,SPV-007,Hauling,Medical Treatment,0,0,1,0,0,0,0,25,329.8,Hujan Lebat,Desain/Engineering,Investigasi Lanjut,Dalam Proses,Office-Blok01,Investigasi selesai
1802,2022-04-18,Monday,4,Q2,2022,Shift 1 (07:00-19:00),Pit-C (Hauling),SPV-007,Pumping,First Aid,0,1,0,0,0,0,0,8,96.7,Berawan,Kelelahan Pekerja,Penggantian APD,Selesai,Pit-C-Blok04,
1803,2024-05-22,Wednesday,5,Q2,2024,Shift 1 (07:00-19:00),Pit-A (Overburden),SPV-017,Blasting,Environmental Spill,0,0,0,0,0,0,0,18,214.9,Berkabut,Peralatan Rusak,Pelatihan Ulang,Dalam Proses,Pit-A-Blok01,Investigasi selesai
1804,2022-10-09,Sunday,10,Q4,2022,Shift 1 (07:00-19:00),Drainase,SPV-003,Dozing,First Aid,0,1,0,0,0,0,0,30,341.6,Cerah,Prosedur Tidak Diikuti,Briefing Safety,Selesai,Draina-Blok05,
1805,2023-01-07,Saturday,1,Q1,2023,Shift 1 (07:00-19:00),ROM (Run of Mine),SPV-008,Maintenance,Medical Treatment,0,0,1,0,0,0,0,39,512.7,Hujan Ringan,Peralatan Rusak,Briefing Safety,Belum Dimulai,ROM (R-Blok01,
1806,2024-10-04,Friday,10,Q4,2024,Shift 1 (07:00-19:00),ROM (Run of Mine),SPV-009,Maintenance,First Aid,0,1,0,0,0,0,0,9,109.1,Berkabut,Housekeeping Buruk,Revisi Prosedur,Dalam Proses,ROM (R-Blok05,
1807,2022-04-18,Monday,4,Q2,2022,Shift 1 (07:00-19:00),Drainase,SPV-007,Grading,Property Damage,0,0,0,0,0,0,1,45,497.7,Hujan Lebat,Peralatan Rusak,Investigasi Lanjut,Selesai,Draina-Blok04,
1808,2022-12-13,Tuesday,12,Q4,2022,Shift 1 (07:00-19:00),Workshop,SPV-012,Administrasi,First Aid,0,1,0,0,0,0,0,34,439.9,Berawan,Kondisi Cuaca Buruk,Pelatihan Ulang,Overdue,Worksh-Blok01,Menunggu spare part
1809,2024-10-31,Thursday,10,Q4,2024,Shift 1 (07:00-19:00),Pit-B (Coal Getting),SPV-018,Grading,Medical Treatment,0,0,1,0,0,0,0,29,374.4,Cerah,Peralatan Rusak,Pelatihan Ulang,Selesai,Pit-B-Blok02,
1810,2022-03-02,Wednesday,3,Q1,2022,Shift 1 (07:00-19:00),Pit-B (Coal Getting),SPV-018,Pengawasan,Lost Time Injury,0,0,0,1,0,13,0,44,452.4,Hujan Ringan,Housekeeping Buruk,Revisi Prosedur,Selesai,Pit-B-Blok05,
1811,2023-10-02,Monday,10,Q4,2023,Shift 2 (19:00-07:00),Pit-A (Overburden),SPV-003,Blasting,First Aid,0,1,0,0,0,0,0,20,206.2,Berkabut,Alat Pelindung Diri Tidak Sesuai,Revisi Prosedur,Belum Dimulai,Pit-A-Blok03,
1812,2022-05-12,Thursday,5,Q2,2022,Shift 1 (07:00-19:00),Workshop,SPV-003,Fueling,Near Miss,1,0,0,0,0,0,0,39,461.8,Cerah,Kondisi Cuaca Buruk,Briefing Safety,Selesai,Worksh-Blok02,
1813,2022-09-24,Saturday,9,Q3,2022,Shift 1 (07:00-19:00),Pit-A (Overburden),SPV-012,Pumping,Medical Treatment,0,0,1,0,0,0,0,45,587.4,Cerah,Peralatan Rusak,Penggantian APD,Selesai,Pit-A-Blok04,
1814,2024-05-29,Wednesday,5,Q2,2024,Shift 2 (19:00-07:00),Pit-B (Coal Getting),SPV-017,Grading,First Aid,0,1,0,0,0,0,0,26,303.7,Cerah,Peralatan Rusak,Pelatihan Ulang,Dalam Proses,Pit-B-Blok01,
1815,2022-01-01,Saturday,1,Q1,2022,Shift 2 (19:00-07:00),Pit-A (Overburden),SPV-019,Drilling,Near Miss,1,0,0,0,0,0,0,42,424.2,Berkabut,Kondisi Cuaca Buruk,Briefing Safety,Selesai,Pit-A-Blok04,Sudah dilaporkan ke HSE Manager
1816,2022-08-17,Wednesday,8,Q3,2022,Shift 2 (19:00-07:00),Pit-A (Overburden),SPV-007,Hauling,Lost Time Injury,0,0,0,1,0,7,0,13,163.9,Berawan,Desain/Engineering,Investigasi Lanjut,Belum Dimulai,Pit-A-Blok04,
1817,2022-03-02,Wednesday,3,Q1,2022,Shift 1 (07:00-19:00),Stockpile,SPV-002,Pengawasan,Medical Treatment,0,0,1,0,0,0,0,22,238.5,Cerah,Kondisi Cuaca Buruk,Revisi Prosedur,Dalam Proses,Stockp-Blok01,
1818,2022-02-20,Sunday,2,Q1,2022,Shift 1 (07:00-19:00),Drainase,SPV-014,Maintenance,Near Miss,1,0,0,0,0,0,0,18,191.5,Berawan,Faktor Eksternal,Investigasi Lanjut,Selesai,Draina-Blok02,
1819,2022-08-06,Saturday,8,Q3,2022,Shift 2 (19:00-07:00),Pit-B (Coal Getting),SPV-020,Dozing,Medical Treatment,0,0,1,0,0,0,0,10,109.6,Berawan,Housekeeping Buruk,Pelatihan Ulang,Selesai,Pit-B-Blok02,Investigasi selesai
1820,2022-04-06,Wednesday,4,Q2,2022,Shift 2 (19:00-07:00),Pit-A (Overburden),SPV-019,Pengawasan,Medical Treatment,0,0,1,0,0,0,0,20,248.9,Cerah,Kelelahan Pekerja,Investigasi Lanjut,Dalam Proses,Pit-A-Blok02,Sudah dilaporkan ke HSE Manager
1821,2022-10-22,Saturday,10,Q4,2022,Shift 1 (07:00-19:00),Office Area,SPV-011,Loading,Lost Time Injury,0,0,0,1,0,6,0,10,104.3,Cerah,Human Error,Penggantian APD,Selesai,Office-Blok05,
1822,2024-06-20,Thursday,6,Q2,2024,Shift 1 (07:00-19:00),Office Area,SPV-005,Pumping,Near Miss,1,0,0,0,0,0,0,25,307.8,Berawan,Peralatan Rusak,Penggantian APD,Selesai,Office-Blok03,Investigasi selesai
1823,2024-10-24,Thursday,10,Q4,2024,Shift 2 (19:00-07:00),Pit-A (Overburden),SPV-009,Drilling,Lost Time Injury,0,0,0,1,0,7,0,13,142.2,Hujan Ringan,Komunikasi Buruk,Penggantian APD,Dalam Proses,Pit-A-Blok03,
1824,2024-08-08,Thursday,8,Q3,2024,Shift 2 (19:00-07:00),Stockpile,SPV-012,Grading,Medical Treatment,0,0,1,0,0,0,0,15,162.5,Cerah,Kondisi Cuaca Buruk,Penggantian APD,Dalam Proses,Stockp-Blok02,
1825,2023-08-05,Saturday,8,Q3,2023,Shift 1 (07:00-19:00),Pit-A (Overburden),SPV-018,Drilling,Near Miss,1,0,0,0,0,0,0,43,453.2,Cerah,Peralatan Rusak,Perbaikan Alat,Selesai,Pit-A-Blok04,
1826,2022-05-16,Monday,5,Q2,2022,Shift 2 (19:00-07:00),Pit-B (Coal Getting),SPV-007,Drilling,Near Miss,1,0,0,0,0,0,0,44,578.6,Cerah,Human Error,Briefing Safety,Dalam Proses,Pit-B-Blok05,Investigasi selesai
1827,2024-05-13,Monday,5,Q2,2024,Shift 2 (19:00-07:00),Office Area,SPV-014,Grading,Lost Time Injury,0,0,0,1,0,9,0,38,433.2,Cerah,Prosedur Tidak Diikuti,Briefing Safety,Selesai,Office-Blok02,Investigasi selesai
1828,2023-06-18,Sunday,6,Q2,2023,Shift 2 (19:00-07:00),Pit-C (Hauling),SPV-001,Drilling,Near Miss,1,0,0,0,0,0,0,12,143,Cerah,Kelelahan Pekerja,Pelatihan Ulang,Dalam Proses,Pit-C-Blok01,Menunggu spare part
1829,2024-06-16,Sunday,6,Q2,2024,Shift 1 (07:00-19:00),Pit-B (Coal Getting),SPV-019,Fueling,Near Miss,1,0,0,0,0,0,0,23,269.3,Cerah,Peralatan Rusak,Briefing Safety,Selesai,Pit-B-Blok04,
1830,2023-08-12,Saturday,8,Q3,2023,Shift 2 (19:00-07:00),ROM (Run of Mine),SPV-012,Blasting,Lost Time Injury,0,0,0,1,0,14,0,32,414.7,Cerah,Faktor Eksternal,Investigasi Lanjut,Dalam Proses,ROM (R-Blok04,Sudah dilaporkan ke HSE Manager
1831,2024-03-17,Sunday,3,Q1,2024,Shift 1 (07:00-19:00),Pit-C (Hauling),SPV-009,Loading,Property Damage,0,0,0,0,0,0,1,34,437.7,Cerah,Faktor Eksternal,Pelatihan Ulang,Belum Dimulai,Pit-C-Blok05,Investigasi selesai
1832,2024-10-27,Sunday,10,Q4,2024,Shift 1 (07:00-19:00),Pit-B (Coal Getting),SPV-008,Pengawasan,Near Miss,1,0,0,0,0,0,0,35,402.9,Berkabut,Housekeeping Buruk,Revisi Prosedur,Selesai,Pit-B-Blok02,Menunggu spare part
1833,2022-10-19,Wednesday,10,Q4,2022,Shift 2 (19:00-07:00),Pit-C (Hauling),SPV-020,Loading,First Aid,0,1,0,0,0,0,0,43,504.8,Hujan Lebat,Prosedur Tidak Diikuti,Penggantian APD,Dalam Proses,Pit-C-Blok02,Investigasi selesai
1834,2022-12-14,Wednesday,12,Q4,2022,Shift 2 (19:00-07:00),Pit-A (Overburden),SPV-014,Loading,Lost Time Injury,0,0,0,1,0,5,0,45,501,Berawan,Peralatan Rusak,Perbaikan Desain,Overdue,Pit-A-Blok04,
1835,2022-03-23,Wednesday,3,Q1,2022,Shift 1 (07:00-19:00),Drainase,SPV-013,Grading,Medical Treatment,0,0,1,0,0,0,0,37,393.4,Berkabut,Peralatan Rusak,Perbaikan Alat,Selesai,Draina-Blok03,Investigasi selesai
1836,2023-08-15,Tuesday,8,Q3,2023,Shift 1 (07:00-19:00),Pit-C (Hauling),SPV-015,Maintenance,First Aid,0,1,0,0,0,0,0,25,307.5,Cerah,Desain/Engineering,Pelatihan Ulang,Selesai,Pit-C-Blok02,Perlu tindak lanjut
1837,2022-08-22,Monday,8,Q3,2022,Shift 2 (19:00-07:00),Pit-B (Coal Getting),SPV-001,Pengawasan,Medical Treatment,0,0,1,0,0,0,0,31,363.7,Berawan,Peralatan Rusak,Pelatihan Ulang,Selesai,Pit-B-Blok05,
1838,2023-01-24,Tuesday,1,Q1,2023,Shift 1 (07:00-19:00),Pit-C (Hauling),SPV-004,Fueling,Lost Time Injury,0,0,0,1,0,9,0,36,465.8,Cerah,Desain/Engineering,Penggantian APD,Selesai,Pit-C-Blok01,
1839,2022-07-26,Tuesday,7,Q3,2022,Shift 1 (07:00-19:00),ROM (Run of Mine),SPV-017,Pumping,Medical Treatment,0,0,1,0,0,0,0,14,148.8,Berkabut,Prosedur Tidak Diikuti,Investigasi Lanjut,Selesai,ROM (R-Blok05,Menunggu spare part
1840,2023-10-28,Saturday,10,Q4,2023,Shift 1 (07:00-19:00),Workshop,SPV-003,Pumping,Near Miss,1,0,0,0,0,0,0,41,503.8,Cerah,Komunikasi Buruk,Briefing Safety,Selesai,Worksh-Blok04,Menunggu spare part
1841,2024-05-07,Tuesday,5,Q2,2024,Shift 2 (19:00-07:00),Pit-C (Hauling),SPV-012,Survei,Near Miss,1,0,0,0,0,0,0,27,342.7,Cerah,Prosedur Tidak Diikuti,Briefing Safety,Overdue,Pit-C-Blok04,
1842,2022-02-21,Monday,2,Q1,2022,Shift 2 (19:00-07:00),ROM (Run of Mine),SPV-014,Maintenance,Medical Treatment,0,0,1,0,0,0,0,17,186.9,Berkabut,Desain/Engineering,Perbaikan Desain,Selesai,ROM (R-Blok04,
1843,2022-09-21,Wednesday,9,Q3,2022,Shift 2 (19:00-07:00),Office Area,SPV-008,Dozing,First Aid,0,1,0,0,0,0,0,18,206.3,Berawan,,Perbaikan Desain,Selesai,Office-Blok03,Menunggu spare part
1844,2022-01-03,Monday,1,Q1,2022,Shift 1 (07:00-19:00),Pit-A (Overburden),SPV-011,Maintenance,Near Miss,1,0,0,0,0,0,0,42,472.5,Berawan,Housekeeping Buruk,Revisi Prosedur,Selesai,Pit-A-Blok02,Investigasi selesai
1845,2022-02-03,Thursday,2,Q1,2022,Shift 1 (07:00-19:00),Stockpile,SPV-002,Maintenance,Near Miss,1,0,0,0,0,0,0,27,271.2,Berawan,Peralatan Rusak,Pelatihan Ulang,Selesai,Stockp-Blok04,Perlu tindak lanjut
1846,2023-12-22,Friday,12,Q4,2023,Shift 2 (19:00-07:00),Pit-B (Coal Getting),SPV-020,Drilling,Near Miss,1,0,0,0,0,0,0,33,353.8,Hujan Lebat,Human Error,Penggantian APD,Belum Dimulai,Pit-B-Blok03,
1847,2022-07-15,Friday,7,Q3,2022,Shift 1 (07:00-19:00),Drainase,SPV-003,Dozing,Near Miss,1,0,0,0,0,0,0,13,138.5,Berawan,Kelelahan Pekerja,Briefing Safety,Selesai,Draina-Blok04,Investigasi selesai
1848,2023-06-28,Wednesday,6,Q2,2023,Shift 1 (07:00-19:00),Pit-C (Hauling),SPV-016,Fueling,Near Miss,1,0,0,0,0,0,0,29,348,Cerah,Komunikasi Buruk,Briefing Safety,Belum Dimulai,Pit-C-Blok02,Investigasi selesai
1849,2022-01-04,Tuesday,1,Q1,2022,Shift 2 (19:00-07:00),Pit-C (Hauling),SPV-011,Grading,Near Miss,1,0,0,0,0,0,0,43,505.3,Hujan Ringan,Faktor Eksternal,Pelatihan Ulang,Dalam Proses,Pit-C-Blok04,Sudah dilaporkan ke HSE Manager
1850,2023-05-19,Friday,5,Q2,2023,Shift 2 (19:00-07:00),Pit-C (Hauling),SPV-013,Pengawasan,First Aid,0,1,0,0,0,0,0,16,176.5,Hujan Lebat,Kelelahan Pekerja,Pelatihan Ulang,Selesai,Pit-C-Blok05,Menunggu spare part
1851,2023-01-14,Saturday,1,Q1,2023,Shift 1 (07:00-19:00),ROM (Run of Mine),SPV-013,Drilling,Near Miss,1,0,0,0,0,0,0,43,546,Cerah,Housekeeping Buruk,Perbaikan Alat,Belum Dimulai,ROM (R-Blok03,Perlu tindak lanjut
1852,2022-08-12,Friday,8,Q3,2022,Shift 2 (19:00-07:00),Pit-B (Coal Getting),SPV-013,Maintenance,First Aid,0,1,0,0,0,0,0,28,343.4,Berawan,Faktor Eksternal,Briefing Safety,Selesai,Pit-B-Blok02,
1853,2022-04-06,Wednesday,4,Q2,2022,Shift 1 (07:00-19:00),ROM (Run of Mine),SPV-014,Fueling,Near Miss,1,0,0,0,0,0,0,37,407.2,Hujan Lebat,Peralatan Rusak,Investigasi Lanjut,Selesai,ROM (R-Blok02,Menunggu spare part
1854,2023-03-12,Sunday,3,Q1,2023,Shift 2 (19:00-07:00),Pit-A (Overburden),SPV-016,Dozing,First Aid,0,1,0,0,0,0,0,10,106.9,Hujan Ringan,Housekeeping Buruk,Perbaikan Alat,Selesai,Pit-A-Blok03,Investigasi selesai
1855,2022-08-10,Wednesday,8,Q3,2022,Shift 1 (07:00-19:00),Pit-B (Coal Getting),SPV-017,Survei,Near Miss,1,0,0,0,0,0,0,31,364,Berawan,Desain/Engineering,Perbaikan Alat,Selesai,Pit-B-Blok01,
1856,2022-04-11,Monday,4,Q2,2022,Shift 1 (07:00-19:00),Pit-C (Hauling),SPV-005,Drilling,Property Damage,0,0,0,0,0,0,1,9,113,Cerah,Kelelahan Pekerja,Perbaikan Alat,Selesai,Pit-C-Blok03,Sudah dilaporkan ke HSE Manager
1857,2023-01-06,Friday,1,Q1,2023,Shift 2 (19:00-07:00),Pit-C (Hauling),SPV-003,Dozing,Near Miss,1,0,0,0,0,0,0,18,181.3,Berawan,Kelelahan Pekerja,Perbaikan Desain,Selesai,Pit-C-Blok05,
1858,2024-05-11,Saturday,5,Q2,2024,Shift 2 (19:00-07:00),Pit-C (Hauling),SPV-017,Pumping,Near Miss,1,0,0,0,0,0,0,33,394.1,Cerah,Desain/Engineering,Investigasi Lanjut,Selesai,Pit-C-Blok01,Perlu tindak lanjut
1859,2023-04-17,Monday,4,Q2,2023,Shift 1 (07:00-19:00),Pit-A (Overburden),SPV-016,Dozing,Lost Time Injury,0,0,0,1,0,14,0,34,3600,Hujan Ringan,Peralatan Rusak,Investigasi Lanjut,Dalam Proses,Pit-A-Blok01,
1860,2022-12-02,Friday,12,Q4,2022,Shift 1 (07:00-19:00),Pit-B (Coal Getting),SPV-018,Pumping,First Aid,0,1,0,0,0,0,0,16,195.9,Berkabut,Alat Pelindung Diri Tidak Sesuai,Perbaikan Desain,Overdue,Pit-B-Blok05,Investigasi selesai
1861,2024-07-13,Saturday,7,Q3,2024,Shift 2 (19:00-07:00),Workshop,SPV-017,Loading,Property Damage,0,0,0,0,0,0,1,21,256.6,Cerah,Komunikasi Buruk,Pelatihan Ulang,Dalam Proses,Worksh-Blok01,Perlu tindak lanjut
1862,2024-12-10,Tuesday,12,Q4,2024,Shift 1 (07:00-19:00),ROM (Run of Mine),SPV-005,Pengawasan,Medical Treatment,0,0,1,0,0,0,0,24,308.1,Cerah,Prosedur Tidak Diikuti,Investigasi Lanjut,Selesai,ROM (R-Blok04,Sudah dilaporkan ke HSE Manager
1863,2024-03-22,Friday,3,Q1,2024,Shift 2 (19:00-07:00),Pit-C (Hauling),SPV-010,Grading,Near Miss,1,0,0,0,0,0,0,41,531.2,Berawan,Kondisi Cuaca Buruk,Penggantian APD,Overdue,Pit-C-Blok05,Perlu tindak lanjut
1864,2024-08-13,Tuesday,8,Q3,2024,Shift 2 (19:00-07:00),ROM (Run of Mine),SPV-001,Dozing,Near Miss,1,0,0,0,0,0,0,14,148.6,Hujan Ringan,Peralatan Rusak,Investigasi Lanjut,Dalam Proses,ROM (R-Blok03,Investigasi selesai
1865,2024-05-08,Wednesday,5,Q2,2024,Shift 2 (19:00-07:00),Stockpile,SPV-016,,Near Miss,1,0,0,0,0,0,0,15,155.1,Hujan Ringan,Kondisi Cuaca Buruk,Investigasi Lanjut,Selesai,Stockp-Blok01,Perlu tindak lanjut
1866,2022-12-12,Monday,12,Q4,2022,Shift 2 (19:00-07:00),Drainase,SPV-010,Dozing,Lost Time Injury,0,0,0,1,0,13,0,16,204.2,Cerah,Human Error,Penggantian APD,Selesai,Draina-Blok05,Sudah dilaporkan ke HSE Manager
1867,2023-07-11,Tuesday,7,Q3,2023,Shift 1 (07:00-19:00),Office Area,SPV-002,Hauling,Medical Treatment,0,0,1,0,0,0,0,21,261.3,Berkabut,Kelelahan Pekerja,Briefing Safety,Selesai,Office-Blok01,Menunggu spare part
1868,2024-07-28,Sunday,7,Q3,2024,Shift 1 (07:00-19:00),Pit-B (Coal Getting),SPV-010,Hauling,Near Miss,1,0,0,0,0,0,0,18,184.5,Berawan,Faktor Eksternal,Investigasi Lanjut,Selesai,Pit-B-Blok05,Sudah dilaporkan ke HSE Manager
1869,2024-05-02,Thursday,5,Q2,2024,Shift 1 (07:00-19:00),Pit-A (Overburden),SPV-016,Drilling,First Aid,0,1,0,0,0,0,0,44,575.4,Berawan,Housekeeping Buruk,Penggantian APD,Dalam Proses,Pit-A-Blok02,Investigasi selesai
1870,2023-09-08,Friday,9,Q3,2023,Shift 1 (07:00-19:00),Office Area,SPV-012,Administrasi,First Aid,0,1,0,0,0,0,0,29,324.2,Hujan Ringan,Human Error,Pelatihan Ulang,Belum Dimulai,Office-Blok04,Investigasi selesai
1871,2023-10-18,Wednesday,10,Q4,2023,Shift 1 (07:00-19:00),Pit-A (Overburden),SPV-003,Loading,Near Miss,1,0,0,0,0,0,0,21,267.8,Hujan Ringan,Kondisi Cuaca Buruk,Perbaikan Desain,Dalam Proses,Pit-A-Blok01,Sudah dilaporkan ke HSE Manager
1872,2024-10-25,Friday,10,Q4,2024,Shift 2 (19:00-07:00),Office Area,SPV-003,Loading,Medical Treatment,0,0,1,0,0,0,0,40,422.8,Cerah,Kelelahan Pekerja,Penggantian APD,Selesai,Office-Blok05,
1873,2022-04-25,Monday,4,Q2,2022,Shift 1 (07:00-19:00),Office Area,SPV-009,Blasting,Medical Treatment,0,0,1,0,0,0,0,38,411.2,Cerah,Kondisi Cuaca Buruk,Briefing Safety,Selesai,Office-Blok03,Sudah dilaporkan ke HSE Manager
1874,2022-09-28,Wednesday,9,Q3,2022,Shift 1 (07:00-19:00),Office Area,SPV-015,Loading,Lost Time Injury,0,0,0,1,0,6,0,12,145.7,Hujan Lebat,Human Error,Investigasi Lanjut,Selesai,Office-Blok03,Menunggu spare part
1875,2024-05-13,Monday,5,Q2,2024,Shift 2 (19:00-07:00),ROM (Run of Mine),SPV-015,Loading,First Aid,0,1,0,0,0,0,0,21,221.2,,Prosedur Tidak Diikuti,Penggantian APD,Dalam Proses,ROM (R-Blok01,
1876,2024-07-31,Wednesday,7,Q3,2024,Shift 2 (19:00-07:00),Pit-C (Hauling),SPV-020,Survei,First Aid,0,1,0,0,0,0,0,44,432.7,Cerah,Human Error,Revisi Prosedur,Selesai,Pit-C-Blok02,Investigasi selesai
1877,2024-11-08,Friday,11,Q4,2024,Shift 2 (19:00-07:00),Stockpile,SPV-008,Pumping,Near Miss,1,0,0,0,0,0,0,36,417.7,Hujan Ringan,Kelelahan Pekerja,Perbaikan Desain,Dalam Proses,Stockp-Blok01,Perlu tindak lanjut
1878,2023-12-28,Thursday,12,Q4,2023,Shift 1 (07:00-19:00),Pit-C (Hauling),SPV-008,Pumping,Near Miss,1,0,0,0,0,0,0,45,456.4,Cerah,Prosedur Tidak Diikuti,Perbaikan Alat,Dalam Proses,Pit-C-Blok02,
1879,2024-05-22,Wednesday,5,Q2,2024,Shift 2 (19:00-07:00),Pit-C (Hauling),SPV-009,Blasting,Near Miss,1,0,0,0,0,0,0,26,296.1,Berkabut,Housekeeping Buruk,Investigasi Lanjut,Dalam Proses,Pit-C-Blok05,Sudah dilaporkan ke HSE Manager
1880,2022-05-11,Wednesday,5,Q2,2022,Shift 1 (07:00-19:00),Stockpile,SPV-017,Administrasi,Medical Treatment,0,0,1,0,0,0,0,16,203.3,Cerah,Alat Pelindung Diri Tidak Sesuai,Perbaikan Alat,Selesai,Stockp-Blok01,Investigasi selesai
1881,2023-08-16,Wednesday,8,Q3,2023,Shift 1 (07:00-19:00),Pit-C (Hauling),SPV-016,Loading,Near Miss,1,0,0,0,0,0,0,26,266.2,Cerah,Prosedur Tidak Diikuti,Penggantian APD,Selesai,Pit-C-Blok03,Menunggu spare part
1882,2023-12-26,Tuesday,12,Q4,2023,Shift 2 (19:00-07:00),Pit-B (Coal Getting),SPV-017,Blasting,Near Miss,1,0,0,0,0,0,0,39,502.4,Berawan,Housekeeping Buruk,Briefing Safety,Selesai,Pit-B-Blok03,
1883,2023-06-28,Wednesday,6,Q2,2023,Shift 2 (19:00-07:00),Office Area,SPV-011,Hauling,Near Miss,1,0,0,0,0,0,0,36,423.9,Cerah,Kelelahan Pekerja,Penggantian APD,Selesai,Office-Blok05,Sudah dilaporkan ke HSE Manager
1884,2023-06-09,Friday,6,Q2,2023,Shift 2 (19:00-07:00),Pit-B (Coal Getting),SPV-007,Drilling,Near Miss,1,0,0,0,0,0,0,44,577.2,Cerah,Desain/Engineering,Briefing Safety,Selesai,Pit-B-Blok05,
1885,2022-10-10,Monday,10,Q4,2022,Shift 1 (07:00-19:00),Stockpile,SPV-011,Survei,Property Damage,0,0,0,0,0,0,1,20,247.5,Berkabut,Human Error,Investigasi Lanjut,Selesai,Stockp-Blok02,
1886,2023-09-15,Friday,9,Q3,2023,Shift 2 (19:00-07:00),Office Area,SPV-019,Pumping,Near Miss,1,0,0,0,0,0,0,34,421.9,Cerah,Prosedur Tidak Diikuti,Revisi Prosedur,Selesai,Office-Blok05,
1887,2022-09-05,Monday,9,Q3,2022,Shift 2 (19:00-07:00),Office Area,SPV-008,Pumping,Near Miss,1,0,0,0,0,0,0,44,490.6,Hujan Ringan,Kondisi Cuaca Buruk,Perbaikan Desain,Dalam Proses,Office-Blok04,
1888,2022-06-25,Saturday,6,Q2,2022,Shift 1 (07:00-19:00),Office Area,SPV-009,Blasting,Near Miss,1,0,0,0,0,0,0,19,198.7,Hujan Ringan,Peralatan Rusak,Revisi Prosedur,Dalam Proses,Office-Blok04,Menunggu spare part
1889,2023-10-04,Wednesday,10,Q4,2023,Shift 2 (19:00-07:00),Pit-B (Coal Getting),SPV-015,Administrasi,First Aid,0,1,0,0,0,0,0,36,440.2,Berawan,Human Error,Perbaikan Alat,Overdue,Pit-B-Blok02,Sudah dilaporkan ke HSE Manager
1890,2022-08-31,Wednesday,8,Q3,2022,Shift 2 (19:00-07:00),Drainase,SPV-002,Loading,Medical Treatment,0,0,1,0,0,0,0,36,369.5,Hujan Lebat,Housekeeping Buruk,Revisi Prosedur,Dalam Proses,Draina-Blok05,
1891,2023-10-25,Wednesday,10,Q4,2023,Shift 2 (19:00-07:00),Drainase,SPV-002,Blasting,Medical Treatment,0,0,1,0,0,0,0,35,457.2,Hujan Lebat,Peralatan Rusak,Briefing Safety,Belum Dimulai,Draina-Blok01,
1892,2023-07-20,Thursday,7,Q3,2023,Shift 2 (19:00-07:00),Pit-B (Coal Getting),SPV-004,Survei,Near Miss,1,0,0,0,0,0,0,21,260.6,Cerah,Peralatan Rusak,Perbaikan Desain,Dalam Proses,Pit-B-Blok02,
1893,2024-09-21,Saturday,9,Q3,2024,Shift 1 (07:00-19:00),Stockpile,SPV-014,Grading,Medical Treatment,0,0,1,0,0,0,0,42,437.4,Hujan Ringan,Housekeeping Buruk,Revisi Prosedur,Dalam Proses,Stockp-Blok05,Investigasi selesai
1894,2022-09-09,Friday,9,Q3,2022,Shift 2 (19:00-07:00),ROM (Run of Mine),SPV-015,Loading,First Aid,0,1,0,0,0,0,0,40,517.2,Berawan,Prosedur Tidak Diikuti,Perbaikan Alat,Dalam Proses,ROM (R-Blok05,
1895,2022-01-16,Sunday,1,Q1,2022,Shift 1 (07:00-19:00),Office Area,SPV-012,Drilling,Medical Treatment,0,0,1,0,0,0,0,16,178.7,Hujan Lebat,Human Error,Briefing Safety,Dalam Proses,Office-Blok03,
1896,2023-08-24,Thursday,8,Q3,2023,Shift 2 (19:00-07:00),Drainase,SPV-004,Fueling,First Aid,0,1,0,0,0,0,0,36,392.7,Berawan,Alat Pelindung Diri Tidak Sesuai,Perbaikan Desain,Dalam Proses,Draina-Blok03,Perlu tindak lanjut
1897,2024-02-22,Thursday,2,Q1,2024,Shift 2 (19:00-07:00),Stockpile,SPV-020,Pengawasan,First Aid,0,1,0,0,0,0,0,13,144.9,Hujan Ringan,Kondisi Cuaca Buruk,Perbaikan Desain,Dalam Proses,Stockp-Blok03,Perlu tindak lanjut
1898,2022-04-06,Wednesday,4,Q2,2022,Shift 2 (19:00-07:00),Pit-C (Hauling),SPV-009,Fueling,Lost Time Injury,0,0,0,1,0,5,0,45,450.2,Berawan,Komunikasi Buruk,Briefing Safety,Overdue,Pit-C-Blok05,Sudah dilaporkan ke HSE Manager
1899,2024-04-13,Saturday,4,Q2,2024,Shift 1 (07:00-19:00),Pit-C (Hauling),SPV-006,Pengawasan,Medical Treatment,0,0,1,0,0,0,0,17,179.8,Berawan,Kelelahan Pekerja,Investigasi Lanjut,Selesai,Pit-C-Blok04,
1900,2023-04-20,Thursday,4,Q2,2023,Shift 2 (19:00-07:00),Pit-C (Hauling),SPV-013,Survei,Near Miss,1,0,0,0,0,0,0,41,440,Berkabut,Alat Pelindung Diri Tidak Sesuai,Penggantian APD,Dalam Proses,Pit-C-Blok05,Perlu tindak lanjut
1901,2022-02-18,Friday,2,Q1,2022,Shift 2 (19:00-07:00),stock pile,SPV-008,Grading,Medical Treatment,0,0,1,0,0,0,0,41,450.1,Berkabut,Kelelahan Pekerja,Perbaikan Desain,Overdue,Worksh-Blok02,Sudah dilaporkan ke HSE Manager
1902,2024-05-04,Saturday,5,Q2,2024,Shift 2 (19:00-07:00),Pit-A (Overburden),SPV-009,Hauling,Near Miss,1,0,0,0,0,0,0,24,237.5,Cerah,Housekeeping Buruk,Perbaikan Alat,Selesai,Pit-A-Blok01,
1903,2022-01-31,Monday,1,Q1,2022,Shift 1 (07:00-19:00),Stockpile,SPV-013,Dozing,Medical Treatment,0,0,1,0,0,0,0,37,483.4,Berkabut,Housekeeping Buruk,Perbaikan Alat,Overdue,Stockp-Blok02,
1904,2023-07-29,Saturday,7,Q3,2023,Shift 1 (07:00-19:00),Pit-B (Coal Getting),SPV-003,Pumping,Lost Time Injury,0,0,0,1,0,6,0,28,342.1,Berawan,Faktor Eksternal,Briefing Safety,Belum Dimulai,Pit-B-Blok04,
1905,2024-09-27,Friday,9,Q3,2024,Shift 1 (07:00-19:00),Pit-A (Overburden),SPV-004,Maintenance,Near Miss,1,0,0,0,0,0,0,21,266.5,Cerah,Desain/Engineering,Perbaikan Desain,Dalam Proses,Pit-A-Blok04,
1906,2022-01-12,Wednesday,1,Q1,2022,Shift 2 (19:00-07:00),Pit-B (Coal Getting),SPV-015,Loading,Lost Time Injury,0,0,0,1,0,4,0,24,311,Berawan,Alat Pelindung Diri Tidak Sesuai,Pelatihan Ulang,Selesai,Pit-B-Blok02,
1907,2023-05-14,Sunday,5,Q2,2023,Shift 1 (07:00-19:00),Workshop,SPV-001,Loading,Near Miss,1,0,0,0,0,0,0,16,162.8,Hujan Lebat,Kelelahan Pekerja,Penggantian APD,Selesai,Worksh-Blok02,
1908,2024-07-12,Friday,7,Q3,2024,Shift 1 (07:00-19:00),Pit-B (Coal Getting),SPV-004,Hauling,First Aid,0,1,0,0,0,0,0,41,502.7,Hujan Ringan,Desain/Engineering,Briefing Safety,Selesai,Pit-B-Blok01,
1909,2022-03-04,Friday,3,Q1,2022,Shift 1 (07:00-19:00),Pit-A (Overburden),SPV-003,Administrasi,Near Miss,1,0,0,0,0,0,0,37,423.8,Berawan,,Perbaikan Desain,Overdue,Pit-A-Blok03,
1910,2022-08-07,Sunday,8,Q3,2022,Shift 1 (07:00-19:00),ROM (Run of Mine),SPV-018,Fueling,Property Damage,0,0,0,0,0,0,1,14,146,Berawan,Komunikasi Buruk,Perbaikan Desain,Selesai,ROM (R-Blok01,
1911,2022-11-28,Monday,11,Q4,2022,Shift 2 (19:00-07:00),ROM,SPV-015,Dozing,Medical Treatment,0,0,1,0,0,0,0,19,213.9,Berkabut,Komunikasi Buruk,Penggantian APD,Overdue,Pit-C-Blok05,
1912,2024-12-05,Thursday,12,Q4,2024,Shift 1 (07:00-19:00),Pit-B (Coal Getting),SPV-003,Pumping,Near Miss,1,0,0,0,0,0,0,41,491,Cerah,Komunikasi Buruk,Perbaikan Desain,Selesai,Pit-B-Blok05,
1913,2023-08-26,Saturday,8,Q3,2023,Shift 1 (07:00-19:00),Workshop,SPV-016,Pengawasan,First Aid,0,1,0,0,0,0,0,29,307,Berkabut,Peralatan Rusak,Investigasi Lanjut,Dalam Proses,Worksh-Blok02,Investigasi selesai
1914,2022-02-10,Thursday,2,Q1,2022,Shift 1 (07:00-19:00),Pit-C (Hauling),SPV-009,Administrasi,Property Damage,0,0,0,0,0,0,1,38,398.8,Berawan,Komunikasi Buruk,Revisi Prosedur,Selesai,Pit-C-Blok02,
1915,2023-05-21,Sunday,5,Q2,2023,Shift 1 (07:00-19:00),Pit-A (Overburden),SPV-015,Pumping,First Aid,0,1,0,0,0,0,0,22,246.7,Berawan,Komunikasi Buruk,Investigasi Lanjut,Overdue,Pit-A-Blok05,Perlu tindak lanjut
1916,2024-11-08,Friday,11,Q4,2024,Shift 2 (19:00-07:00),Stockpile,SPV-017,Blasting,Property Damage,0,0,0,0,0,0,1,33,346.1,Hujan Lebat,Housekeeping Buruk,Penggantian APD,Selesai,Stockp-Blok01,Menunggu spare part
1917,2024-07-01,Monday,7,Q3,2024,Shift 1 (07:00-19:00),Pit-C (Hauling),SPV-001,Grading,First Aid,0,1,0,0,0,0,0,11,115.3,Berawan,Alat Pelindung Diri Tidak Sesuai,Revisi Prosedur,Dalam Proses,Pit-C-Blok03,
1918,2024-11-29,Friday,11,Q4,2024,Shift 2 (19:00-07:00),Drainase,SPV-005,Fueling,Medical Treatment,0,0,1,0,0,0,0,13,156.7,Cerah,Kondisi Cuaca Buruk,Perbaikan Alat,Selesai,Draina-Blok02,Investigasi selesai
1919,2024-03-12,Tuesday,3,Q1,2024,Shift 1 (07:00-19:00),Pit-A (Overburden),SPV-012,Administrasi,Medical Treatment,0,0,1,0,0,0,0,31,383.3,Cerah,Housekeeping Buruk,Revisi Prosedur,Selesai,Pit-A-Blok05,
1920,2022-07-20,Wednesday,7,Q3,2022,Shift 1 (07:00-19:00),ROM (Run of Mine),SPV-004,Loading,First Aid,0,1,0,0,0,0,0,14,151.4,Berawan,Desain/Engineering,Perbaikan Desain,Selesai,ROM (R-Blok02,
1921,2023-11-04,Saturday,11,Q4,2023,Shift 1 (07:00-19:00),Workshop,SPV-010,Dozing,Medical Treatment,0,0,1,0,0,0,0,16,169.8,Berkabut,Human Error,Revisi Prosedur,Selesai,Worksh-Blok02,
1922,2024-09-16,Monday,9,Q3,2024,Shift 1 (07:00-19:00),Pit-B (Coal Getting),SPV-001,Administrasi,Near Miss,1,0,0,0,0,0,0,36,435.8,Berawan,Faktor Eksternal,Perbaikan Alat,Dalam Proses,Pit-B-Blok04,
1923,2024-11-20,Wednesday,11,Q4,2024,Shift 1 (07:00-19:00),ROM (Run of Mine),SPV-016,Pengawasan,First Aid,0,1,0,0,0,0,0,21,238.8,Berkabut,Alat Pelindung Diri Tidak Sesuai,Revisi Prosedur,Selesai,ROM (R-Blok04,
1924,2024-04-13,Saturday,4,Q2,2024,Shift 2 (19:00-07:00),Pit-A (Overburden),SPV-001,Pengawasan,Medical Treatment,0,0,1,0,0,0,0,14,167.3,Cerah,Desain/Engineering,Investigasi Lanjut,Selesai,Pit-A-Blok04,
1925,2022-10-28,Friday,10,Q4,2022,Shift 2 (19:00-07:00),Pit-B (Coal Getting),SPV-013,Dozing,Near Miss,1,0,0,0,0,0,0,29,361.4,Hujan Ringan,Kondisi Cuaca Buruk,Perbaikan Alat,Selesai,Pit-B-Blok03,Perlu tindak lanjut
1926,2022-11-23,Wednesday,11,Q4,2022,Shift 2 (19:00-07:00),Workshop,SPV-006,Dozing,Near Miss,1,0,0,0,0,0,0,12,131.5,Hujan Ringan,Housekeeping Buruk,Pelatihan Ulang,Selesai,Worksh-Blok01,Investigasi selesai
1927,2024-09-02,Monday,9,Q3,2024,Shift 1 (07:00-19:00),Pit-C (Hauling),SPV-007,Blasting,Environmental Spill,0,0,0,0,0,0,0,43,565.7,Berkabut,Kelelahan Pekerja,Perbaikan Desain,Belum Dimulai,Pit-C-Blok04,Menunggu spare part
1928,2024-12-23,Monday,12,Q4,2024,Shift 1 (07:00-19:00),Pit-B (Coal Getting),SPV-001,Loading,Near Miss,1,0,0,0,0,0,0,26,297.1,Berkabut,Prosedur Tidak Diikuti,Pelatihan Ulang,Selesai,Pit-B-Blok04,
1929,2024-05-27,Monday,5,Q2,2024,Shift 2 (19:00-07:00),Pit-A (Overburden),SPV-011,Administrasi,First Aid,0,1,0,0,0,0,0,24,242.5,Berkabut,Komunikasi Buruk,Penggantian APD,Selesai,Pit-A-Blok01,Investigasi selesai
1930,2023-12-31,Sunday,12,Q4,2023,Shift 1 (07:00-19:00),Pit-A (Overburden),SPV-019,Survei,Near Miss,1,0,0,0,0,0,0,40,427.8,Berawan,Housekeeping Buruk,Revisi Prosedur,Belum Dimulai,Pit-A-Blok03,
1931,2022-06-02,Thursday,6,Q2,2022,Shift 2 (19:00-07:00),Pit-B (Coal Getting),SPV-005,Hauling,Medical Treatment,0,0,1,0,0,0,0,14,140,Hujan Ringan,Housekeeping Buruk,Investigasi Lanjut,Selesai,Pit-B-Blok02,Sudah dilaporkan ke HSE Manager
1932,2022-11-01,Tuesday,11,Q4,2022,Shift 1 (07:00-19:00),Pit-A (Overburden),SPV-003,Pengawasan,Near Miss,1,0,0,0,0,0,0,41,526,Cerah,Peralatan Rusak,Pelatihan Ulang,Selesai,Pit-A-Blok02,Perlu tindak lanjut
1933,2023-01-13,Friday,1,Q1,2023,Shift 2 (19:00-07:00),Pit-C (Hauling),SPV-005,Administrasi,First Aid,0,1,0,0,0,0,0,33,410.1,Cerah,Faktor Eksternal,Briefing Safety,Dalam Proses,Pit-C-Blok03,
1934,2023-11-02,Thursday,11,Q4,2023,Shift 1 (07:00-19:00),ROM (Run of Mine),SPV-020,Drilling,First Aid,0,1,0,0,0,0,0,18,201.9,Cerah,Kondisi Cuaca Buruk,Investigasi Lanjut,Dalam Proses,ROM (R-Blok05,Perlu tindak lanjut
1935,2023-02-26,Sunday,2,Q1,2023,Shift 1 (07:00-19:00),Office Area,SPV-007,Loading,Medical Treatment,0,0,1,0,0,0,0,43,531.9,Hujan Ringan,Prosedur Tidak Diikuti,Briefing Safety,Belum Dimulai,Office-Blok02,Investigasi selesai
1936,2023-02-28,Tuesday,2,Q1,2023,Shift 1 (07:00-19:00),Drainase,SPV-014,Hauling,Near Miss,1,0,0,0,0,0,0,34,340,Hujan Ringan,Desain/Engineering,Perbaikan Desain,Overdue,Draina-Blok04,Perlu tindak lanjut
1937,2022-12-29,Thursday,12,Q4,2022,Shift 1 (07:00-19:00),Workshop,SPV-011,Pumping,Near Miss,1,0,0,0,0,0,0,10,129.3,Cerah,Prosedur Tidak Diikuti,Briefing Safety,Selesai,Worksh-Blok01,Menunggu spare part
1938,2023-06-24,Saturday,6,Q2,2023,Shift 1 (07:00-19:00),Workshop,SPV-008,Pengawasan,First Aid,0,1,0,0,0,0,0,26,303.3,Berawan,Komunikasi Buruk,Penggantian APD,Selesai,Worksh-Blok03,Perlu tindak lanjut
1939,2024-07-08,Monday,7,Q3,2024,Shift 1 (07:00-19:00),Pit-C (Hauling),SPV-008,Pengawasan,Near Miss,1,0,0,0,0,0,0,41,403.9,Hujan Ringan,Human Error,Perbaikan Desain,Selesai,Pit-C-Blok05,Perlu tindak lanjut
1940,2024-03-13,Wednesday,3,Q1,2024,Shift 1 (07:00-19:00),Pit-A (Overburden),SPV-004,Survei,Medical Treatment,0,0,1,0,0,0,0,9,97.5,Berawan,Alat Pelindung Diri Tidak Sesuai,Perbaikan Desain,Belum Dimulai,Pit-A-Blok03,
1941,2022-09-28,Wednesday,9,Q3,2022,Shift 2 (19:00-07:00),Pit-B (Coal Getting),SPV-017,Survei,Medical Treatment,0,0,1,0,0,0,0,10,112.3,Cerah,Faktor Eksternal,Revisi Prosedur,Selesai,Pit-B-Blok02,
1942,2022-06-02,Thursday,6,Q2,2022,Shift 1 (07:00-19:00),Pit-C (Hauling),SPV-008,Survei,Near Miss,1,0,0,0,0,0,0,22,270,Cerah,Housekeeping Buruk,Penggantian APD,Selesai,Pit-C-Blok02,Investigasi selesai
1943,2024-09-06,Friday,9,Q3,2024,Shift 1 (07:00-19:00),Drainase,SPV-009,Blasting,Near Miss,1,0,0,0,0,0,0,31,359.4,Berkabut,Peralatan Rusak,Perbaikan Alat,Overdue,Draina-Blok05,Investigasi selesai
1944,2023-05-16,Tuesday,5,Q2,2023,Shift 1 (07:00-19:00),Pit-C (Hauling),SPV-017,Pumping,Near Miss,1,0,0,0,0,0,0,44,453.3,Berawan,Peralatan Rusak,Perbaikan Alat,Belum Dimulai,Pit-C-Blok05,Menunggu spare part
1945,2022-02-04,Friday,2,Q1,2022,Shift 1 (07:00-19:00),ROM (Run of Mine),SPV-018,Loading,Medical Treatment,0,0,1,0,0,0,0,16,157.2,Berawan,Alat Pelindung Diri Tidak Sesuai,Briefing Safety,Dalam Proses,ROM (R-Blok03,Perlu tindak lanjut
1946,2022-01-13,Thursday,1,Q1,2022,Shift 1 (07:00-19:00),Pit-B (Coal Getting),SPV-020,Dozing,Medical Treatment,0,0,1,0,0,0,0,32,349.4,Berawan,Peralatan Rusak,Briefing Safety,Overdue,Pit-B-Blok02,Sudah dilaporkan ke HSE Manager
1947,2022-07-16,Saturday,7,Q3,2022,Shift 1 (07:00-19:00),Pit-B (Coal Getting),SPV-010,Dozing,Medical Treatment,0,0,1,0,0,0,0,26,258,Hujan Ringan,Prosedur Tidak Diikuti,Briefing Safety,Selesai,Pit-B-Blok01,Menunggu spare part
1948,2022-08-03,Wednesday,8,Q3,2022,Shift 1 (07:00-19:00),ROM (Run of Mine),SPV-007,Maintenance,First Aid,0,1,0,0,0,0,0,43,509,Berkabut,Housekeeping Buruk,Investigasi Lanjut,Belum Dimulai,ROM (R-Blok03,
1949,2022-10-24,Monday,10,Q4,2022,Shift 1 (07:00-19:00),Drainase,SPV-015,Maintenance,First Aid,0,1,0,0,0,0,0,38,445.3,Cerah,Faktor Eksternal,Revisi Prosedur,Selesai,Draina-Blok01,
1950,2022-01-26,Wednesday,1,Q1,2022,Shift 1 (07:00-19:00),Pit-C (Hauling),SPV-002,Pengawasan,Medical Treatment,0,0,1,0,0,0,0,22,258.3,Hujan Ringan,Prosedur Tidak Diikuti,Perbaikan Desain,Selesai,Pit-C-Blok04,Sudah dilaporkan ke HSE Manager
1951,2022-09-16,Friday,9,Q3,2022,Shift 1 (07:00-19:00),Workshop,SPV-003,Dozing,Medical Treatment,0,0,1,0,0,0,0,20,244.3,Berawan,Alat Pelindung Diri Tidak Sesuai,Revisi Prosedur,Dalam Proses,Worksh-Blok02,
1952,2022-05-06,Friday,5,Q2,2022,Shift 1 (07:00-19:00),Workshop,SPV-010,Loading,Medical Treatment,0,0,1,0,0,0,0,34,410.9,Cerah,Peralatan Rusak,Pelatihan Ulang,Selesai,Worksh-Blok01,Investigasi selesai
1953,2022-10-20,Thursday,10,Q4,2022,Shift 1 (07:00-19:00),Pit-C (Hauling),SPV-010,Administrasi,Near Miss,1,0,0,0,0,0,0,19,193.2,Berawan,Desain/Engineering,Perbaikan Alat,Selesai,Pit-C-Blok01,Investigasi selesai
1954,2024-08-28,Wednesday,8,Q3,2024,Shift 1 (07:00-19:00),,SPV-019,Grading,Medical Treatment,0,0,1,1,0,0,0,14,167.2,Cerah,Kondisi Cuaca Buruk,Penggantian APD,Belum Dimulai,Pit-C-Blok03,
1955,2023-05-29,Monday,5,Q2,2023,Shift 2 (19:00-07:00),Pit-C (Hauling),SPV-015,Dozing,Near Miss,1,0,0,0,0,0,0,8,104.1,Cerah,Human Error,Perbaikan Desain,Dalam Proses,Pit-C-Blok02,Perlu tindak lanjut
1956,2024-09-04,Wednesday,9,Q3,2024,Shift 2 (19:00-07:00),Office Area,SPV-012,Loading,Near Miss,1,0,0,0,0,0,0,13,-12,Cerah,Alat Pelindung Diri Tidak Sesuai,Penggantian APD,Selesai,Office-Blok03,
1957,2022-09-10,Saturday,9,Q3,2022,Shift 1 (07:00-19:00),Office Area,SPV-013,Loading,Lost Time Injury,0,0,0,1,0,9,0,18,182.5,Cerah,Kelelahan Pekerja,Pelatihan Ulang,Selesai,Office-Blok05,
1958,2022-01-04,Tuesday,1,Q1,2022,Shift 1 (07:00-19:00),Office Area,SPV-010,Loading,First Aid,0,1,0,0,0,0,0,39,389.2,Hujan Ringan,Alat Pelindung Diri Tidak Sesuai,Pelatihan Ulang,Belum Dimulai,Office-Blok04,Sudah dilaporkan ke HSE Manager
1959,2023-05-30,Tuesday,5,Q2,2023,Shift 1 (07:00-19:00),Pit-A (Overburden),SPV-006,Dozing,Near Miss,1,0,0,0,0,0,0,10,118.9,Berawan,Desain/Engineering,Perbaikan Desain,Overdue,Pit-A-Blok03,Sudah dilaporkan ke HSE Manager
1960,2022-11-23,Wednesday,11,Q4,2022,Shift 1 (07:00-19:00),Pit-B (Coal Getting),SPV-011,Administrasi,Environmental Spill,0,0,0,0,0,0,0,30,333.6,Hujan Ringan,Faktor Eksternal,Perbaikan Alat,Belum Dimulai,Pit-B-Blok02,
1961,2023-03-07,Tuesday,3,Q1,2023,Shift 2 (19:00-07:00),Pit-A (Overburden),SPV-003,Fueling,Near Miss,1,0,0,0,0,0,0,16,185.4,Hujan Ringan,Prosedur Tidak Diikuti,Perbaikan Desain,Selesai,Pit-A-Blok01,
1962,2022-05-21,Saturday,5,Q2,2022,Shift 1 (07:00-19:00),Pit-B (Coal Getting),SPV-003,Administrasi,Near Miss,1,0,0,0,0,0,0,11,122.1,Berawan,Human Error,Briefing Safety,Selesai,Pit-B-Blok03,Perlu tindak lanjut
1963,2023-10-14,Saturday,10,Q4,2023,Shift 1 (07:00-19:00),Pit-A (Overburden),,Grading,Near Miss,1,0,0,0,0,0,0,37,464.9,Cerah,Human Error,Investigasi Lanjut,Overdue,Pit-A-Blok01,Sudah dilaporkan ke HSE Manager
1964,2022-01-22,Saturday,1,Q1,2022,Shift 2 (19:00-07:00),Office Area,SPV-002,Dozing,Near Miss,1,0,0,0,0,0,0,35,433.4,Cerah,Kelelahan Pekerja,Perbaikan Desain,Overdue,Office-Blok02,Menunggu spare part
1965,2024-08-17,Saturday,8,Q3,2024,Shift 1 (07:00-19:00),Pit-B (Coal Getting),SPV-017,Loading,Near Miss,1,0,0,0,0,0,0,33,412.9,Cerah,Komunikasi Buruk,Pelatihan Ulang,Selesai,Pit-B-Blok04,
1966,2022-02-18,Friday,2,Q1,2022,Shift 1 (07:00-19:00),Pit-C (Hauling),SPV-020,Pengawasan,Lost Time Injury,0,0,0,1,0,10,0,22,286.7,Cerah,Faktor Eksternal,Revisi Prosedur,Selesai,Pit-C-Blok04,
1967,2022-05-26,Thursday,5,Q2,2022,Shift 1 (07:00-19:00),Pit-B (Coal Getting),SPV-017,Loading,Property Damage,0,0,0,0,0,0,1,17,219.6,Berawan,Human Error,Perbaikan Alat,Selesai,Pit-B-Blok02,Sudah dilaporkan ke HSE Manager
1968,2023-03-16,Thursday,3,Q1,2023,Shift 1 (07:00-19:00),ROM (Run of Mine),SPV-016,Loading,First Aid,0,1,0,0,0,0,0,42,463.7,Hujan Ringan,Peralatan Rusak,Perbaikan Alat,Overdue,ROM (R-Blok05,
1969,2022-04-10,Sunday,4,Q2,2022,Shift 2 (19:00-07:00),Pit-B (Coal Getting),SPV-013,Pengawasan,Near Miss,1,0,0,0,0,0,0,8,80,Hujan Lebat,Human Error,Perbaikan Alat,Dalam Proses,Pit-B-Blok04,
1970,2022-04-01,Friday,4,Q2,2022,Shift 2 (19:00-07:00),Stockpile,SPV-008,Survei,Near Miss,1,0,0,0,0,0,0,24,293.3,Berawan,Desain/Engineering,Penggantian APD,Dalam Proses,Stockp-Blok05,Sudah dilaporkan ke HSE Manager
1971,2023-04-10,Monday,4,Q2,2023,Shift 2 (19:00-07:00),Pit-B (Coal Getting),SPV-008,Pumping,First Aid,0,1,0,0,0,0,0,17,185,Cerah,Kondisi Cuaca Buruk,Revisi Prosedur,Selesai,Pit-B-Blok01,
1972,2024-08-23,Friday,8,Q3,2024,Shift 2 (19:00-07:00),Pit-C (Hauling),SPV-019,Loading,First Aid,0,1,0,0,0,0,0,21,209.5,Berkabut,Faktor Eksternal,Revisi Prosedur,Overdue,Pit-C-Blok04,
1973,2024-04-28,Sunday,4,Q2,2024,Shift 1 (07:00-19:00),Pit-A (Overburden),SPV-019,Dozing,Near Miss,1,0,0,0,0,0,0,23,297.1,Cerah,Peralatan Rusak,Perbaikan Desain,Dalam Proses,Pit-A-Blok03,
1974,2022-11-18,Friday,11,Q4,2022,Shift 1 (07:00-19:00),Pit-A (Overburden),SPV-019,Maintenance,First Aid,0,1,0,0,0,0,0,9,99.4,Cerah,Peralatan Rusak,Investigasi Lanjut,Dalam Proses,Pit-A-Blok03,
1975,2023-03-22,Wednesday,3,Q1,2023,Shift 1 (07:00-19:00),Pit-B (Coal Getting),SPV-016,Dozing,First Aid,0,1,0,0,0,0,0,26,267.3,Cerah,Alat Pelindung Diri Tidak Sesuai,Revisi Prosedur,Selesai,Pit-B-Blok02,
1976,2024-05-28,Tuesday,5,Q2,2024,Shift 2 (19:00-07:00),Pit-C (Hauling),SPV-012,Survei,Near Miss,1,0,0,0,0,0,0,11,5000,Cerah,Alat Pelindung Diri Tidak Sesuai,Revisi Prosedur,Selesai,Pit-C-Blok05,
1977,2024-01-25,Thursday,1,Q1,2024,Shift 1 (07:00-19:00),Pit-A (Overburden),SPV-018,Blasting,Medical Treatment,0,0,1,1,0,0,0,0,123.5,Cerah,Peralatan Rusak,Perbaikan Alat,Selesai,Pit-A-Blok04,Investigasi selesai
1978,2023-12-22,Friday,12,Q4,2023,Shift 2 (19:00-07:00),Pit-B (Coal Getting),SPV-003,Pumping,First Aid,0,1,0,0,0,0,0,17,216.4,Berawan,Human Error,Revisi Prosedur,Overdue,Pit-B-Blok03,
1979,2023-03-25,Saturday,3,Q1,2023,Shift 1 (07:00-19:00),Pit-A (Overburden),SPV-014,Administrasi,First Aid,0,1,0,0,0,0,0,17,206,Cerah,Prosedur Tidak Diikuti,Penggantian APD,Selesai,Pit-A-Blok01,Sudah dilaporkan ke HSE Manager
1980,2024-03-23,Saturday,3,Q1,2024,Shift 2 (19:00-07:00),Workshop,SPV-010,Administrasi,Medical Treatment,0,0,1,0,0,0,0,16,166.2,Berawan,Kondisi Cuaca Buruk,Penggantian APD,Selesai,Worksh-Blok03,
1981,2024-04-17,Wednesday,4,Q2,2024,Shift 1 (07:00-19:00),Workshop,SPV-006,Grading,Property Damage,0,0,0,0,0,0,1,22,240,Hujan Ringan,Faktor Eksternal,Perbaikan Desain,Belum Dimulai,Worksh-Blok03,
1982,2024-09-15,Sunday,9,Q3,2024,Shift 2 (19:00-07:00),Workshop,SPV-008,Hauling,Near Miss,1,0,0,0,0,0,0,44,571,Hujan Ringan,Kondisi Cuaca Buruk,Investigasi Lanjut,Belum Dimulai,Worksh-Blok01,
1983,2022-05-25,Wednesday,5,Q2,2022,Shift 1 (07:00-19:00),Pit-A (Overburden),SPV-002,Dozing,Medical Treatment,0,0,1,0,0,0,0,36,378.8,Berawan,Prosedur Tidak Diikuti,Investigasi Lanjut,Selesai,Pit-A-Blok03,Investigasi selesai
1984,2022-08-02,Tuesday,8,Q3,2022,Shift 2 (19:00-07:00),Pit-C (Hauling),SPV-014,Pengawasan,Near Miss,1,0,0,0,0,0,0,8,90.5,Hujan Ringan,Kelelahan Pekerja,Pelatihan Ulang,Selesai,Pit-C-Blok02,Menunggu spare part
1985,2022-04-07,Thursday,4,Q2,2022,Shift 2 (19:00-07:00),Pit-A (Overburden),SPV-015,Drilling,Medical Treatment,0,0,1,0,0,0,0,33,351.8,Cerah,Komunikasi Buruk,Penggantian APD,Dalam Proses,Pit-A-Blok03,
1986,2022-09-20,Tuesday,9,Q3,2022,Shift 2 (19:00-07:00),Pit-B (Coal Getting),SPV-015,Maintenance,First Aid,0,1,0,0,0,0,0,40,506.2,Cerah,Desain/Engineering,Perbaikan Desain,Selesai,Pit-B-Blok03,
1987,2023-09-12,Tuesday,9,Q3,2023,Shift 2 (19:00-07:00),Office Area,SPV-012,Loading,Lost Time Injury,0,0,0,1,0,4,0,26,271.4,Berkabut,Human Error,Pelatihan Ulang,Selesai,Office-Blok04,Perlu tindak lanjut
1988,2024-08-26,Monday,8,Q3,2024,Shift 2 (19:00-07:00),Stockpile,SPV-017,Fueling,Property Damage,0,0,0,0,0,0,1,42,471.8,Cerah,Desain/Engineering,Investigasi Lanjut,Selesai,Stockp-Blok02,Menunggu spare part
1989,2023-08-03,Thursday,8,Q3,2023,Shift 1 (07:00-19:00),Pit-C (Hauling),SPV-020,Loading,Near Miss,1,0,0,0,0,0,0,11,117.4,Hujan Lebat,Desain/Engineering,Pelatihan Ulang,Dalam Proses,Pit-C-Blok01,
1990,2022-08-07,Sunday,8,Q3,2022,Shift 1 (07:00-19:00),Pit-B (Coal Getting),SPV-016,Hauling,First Aid,0,1,0,0,0,0,0,22,247.3,Cerah,Komunikasi Buruk,Briefing Safety,Selesai,Pit-B-Blok03,Sudah dilaporkan ke HSE Manager
1991,2024-06-08,Saturday,6,Q2,2024,Shift 1 (07:00-19:00),Pit-B (Coal Getting),SPV-002,,Medical Treatment,0,0,1,0,0,0,0,17,213.2,Cerah,Prosedur Tidak Diikuti,Revisi Prosedur,Belum Dimulai,Pit-B-Blok01,
1992,2024-08-27,Tuesday,8,Q3,2024,Shift 1 (07:00-19:00),Pit-A (Overburden),SPV-004,Drilling,Near Miss,1,0,0,0,0,0,0,31,312.8,Cerah,Desain/Engineering,Briefing Safety,Dalam Proses,Pit-A-Blok03,
1993,2022-09-02,Friday,9,Q3,2022,Shift 2 (19:00-07:00),ROM (Run of Mine),SPV-008,Fueling,First Aid,0,1,0,0,0,0,0,16,160.5,Hujan Ringan,Prosedur Tidak Diikuti,Investigasi Lanjut,Selesai,ROM (R-Blok04,Perlu tindak lanjut
1994,2023-08-23,Wednesday,8,Q3,2023,Shift 1 (07:00-19:00),Pit-B (Coal Getting),SPV-020,Grading,Near Miss,1,0,0,0,0,0,0,29,312.5,Hujan Ringan,Human Error,Revisi Prosedur,Selesai,Pit-B-Blok02,
1995,2024-05-21,Tuesday,5,Q2,2024,Shift 2 (19:00-07:00),Pit-B (Coal Getting),SPV-010,Grading,Near Miss,1,0,0,0,0,0,0,17,208.5,Berawan,Kelelahan Pekerja,Pelatihan Ulang,Selesai,Pit-B-Blok03,Menunggu spare part
1996,2024-01-14,Sunday,1,Q1,2024,Shift 1 (07:00-19:00),Office Area,SPV-003,Drilling,First Aid,0,1,0,0,0,0,0,19,227.5,Cerah,Human Error,Pelatihan Ulang,Selesai,Office-Blok05,Investigasi selesai
1997,2023-08-02,Wednesday,8,Q3,2023,Shift 2 (19:00-07:00),ROM (Run of Mine),SPV-001,Drilling,First Aid,0,1,0,0,0,0,0,43,511.8,Berkabut,Alat Pelindung Diri Tidak Sesuai,Perbaikan Desain,Selesai,ROM (R-Blok04,Investigasi selesai
1998,2023-03-15,Wednesday,3,Q1,2023,Shift 1 (07:00-19:00),Pit-B (Coal Getting),SPV-014,Pengawasan,Medical Treatment,0,0,1,0,0,0,0,32,422.5,Berawan,Housekeeping Buruk,Perbaikan Desain,Selesai,Pit-B-Blok02,
1999,2024-06-30,Sunday,6,Q2,2024,Shift 1 (07:00-19:00),Pit-C (Hauling),SPV-012,Dozing,Near Miss,1,0,0,0,0,0,0,43,527.4,Hujan Ringan,Human Error,Investigasi Lanjut,Belum Dimulai,Pit-C-Blok02,Menunggu spare part
2000,2022-01-28,Friday,1,Q1,2022,Shift 2 (19:00-07:00),Pit-C (Hauling),SPV-002,Hauling,Property Damage,0,0,0,0,0,0,1,17,220.2,Cerah,Faktor Eksternal,Perbaikan Alat,Selesai,Pit-C-Blok01,Perlu tindak lanjut
2001,2024-10-12,Saturday,10,Q4,2024,Shift 2 (19:00-07:00),Pit-C (Hauling),SPV-017,Survei,Near Miss,1,0,0,0,0,0,0,41,480.5,Hujan Ringan,Prosedur Tidak Diikuti,Investigasi Lanjut,Selesai,Pit-C-Blok04,Perlu tindak lanjut
2002,2022-09-30,Friday,9,Q3,2022,Shift 1 (07:00-19:00),Pit-C (Hauling),SPV-005,Grading,Near Miss,1,0,0,0,0,0,0,45,474.8,Hujan Ringan,Alat Pelindung Diri Tidak Sesuai,Investigasi Lanjut,Dalam Proses,Pit-C-Blok05,
2003,2022-02-12,Saturday,2,Q1,2022,Shift 1 (07:00-19:00),Drainase,SPV-006,Drilling,First Aid,0,1,0,0,0,0,0,33,343.7,Berkabut,Peralatan Rusak,Briefing Safety,Dalam Proses,Draina-Blok02,Perlu tindak lanjut
2004,2022-09-29,Thursday,9,Q3,2022,Shift 2 (19:00-07:00),Pit-A (Overburden),SPV-006,Administrasi,First Aid,0,1,0,0,0,0,0,16,197,Berawan,Alat Pelindung Diri Tidak Sesuai,Briefing Safety,Belum Dimulai,Pit-A-Blok02,Sudah dilaporkan ke HSE Manager
2005,2024-09-09,Monday,9,Q3,2024,Shift 2 (19:00-07:00),Pit-B (Coal Getting),SPV-014,Grading,Medical Treatment,0,0,1,0,0,0,0,30,380.3,Berawan,Housekeeping Buruk,Penggantian APD,Selesai,Pit-B-Blok01,
2006,2024-02-18,Sunday,2,Q1,2024,Shift 2 (19:00-07:00),Workshop,SPV-004,Loading,Lost Time Injury,0,0,0,1,0,11,0,11,131.5,Hujan Ringan,Human Error,Penggantian APD,Overdue,Worksh-Blok01,
2007,2024-09-25,Wednesday,9,Q3,2024,Shift 2 (19:00-07:00),Workshop,SPV-005,Pumping,Near Miss,1,0,0,0,0,0,0,34,416.8,Hujan Lebat,Kelelahan Pekerja,Revisi Prosedur,Belum Dimulai,Worksh-Blok02,
2008,2022-04-27,Wednesday,4,Q2,2022,Shift 1 (07:00-19:00),Stockpile,SPV-020,Fueling,Near Miss,1,0,0,0,0,0,0,14,138.8,Cerah,Kelelahan Pekerja,Revisi Prosedur,Selesai,Stockp-Blok04,Perlu tindak lanjut
2009,2023-12-01,Friday,12,Q4,2023,Shift 2 (19:00-07:00),Office Area,SPV-002,Drilling,First Aid,0,1,0,0,0,0,0,21,257,Berkabut,Faktor Eksternal,Briefing Safety,Dalam Proses,Office-Blok02,
2010,2024-04-10,Wednesday,4,Q2,2024,Shift 2 (19:00-07:00),Drainase,SPV-007,Survei,Medical Treatment,0,0,1,0,0,0,0,37,438.3,Hujan Lebat,Prosedur Tidak Diikuti,Investigasi Lanjut,Selesai,Draina-Blok04,Menunggu spare part
2011,2022-05-31,Tuesday,5,Q2,2022,Shift 1 (07:00-19:00),Pit-B (Coal Getting),SPV-004,Blasting,Near Miss,1,0,0,0,0,0,0,23,226.4,Berkabut,Kondisi Cuaca Buruk,Perbaikan Alat,Selesai,Pit-B-Blok01,
2012,2024-04-23,Tuesday,4,Q2,2024,Shift 1 (07:00-19:00),ROM (Run of Mine),SPV-013,Administrasi,Near Miss,1,0,0,0,0,0,0,33,398.7,Cerah,Kelelahan Pekerja,Revisi Prosedur,Selesai,ROM (R-Blok01,Menunggu spare part
2013,2023-09-17,Sunday,9,Q3,2023,Shift 1 (07:00-19:00),Pit-A (Overburden),SPV-006,Administrasi,Near Miss,1,0,0,0,0,0,0,29,288.6,Cerah,Komunikasi Buruk,Penggantian APD,Belum Dimulai,Pit-A-Blok05,Perlu tindak lanjut
2014,2024-03-08,Friday,3,Q1,2024,Shift 2 (19:00-07:00),Pit-C (Hauling),SPV-020,Drilling,First Aid,0,1,0,0,0,0,0,29,344.1,Hujan Ringan,Faktor Eksternal,Perbaikan Desain,Dalam Proses,Pit-C-Blok01,Menunggu spare part
2015,2023-07-22,Saturday,7,Q3,2023,Shift 1 (07:00-19:00),Stockpile,SPV-013,Dozing,Near Miss,1,0,0,0,0,0,0,38,437.2,Cerah,Alat Pelindung Diri Tidak Sesuai,Penggantian APD,Selesai,Stockp-Blok02,
2016,2024-04-14,Sunday,4,Q2,2024,Shift 2 (19:00-07:00),Office Area,SPV-018,Blasting,Near Miss,1,0,0,0,0,0,0,29,304.5,Cerah,Housekeeping Buruk,Revisi Prosedur,Overdue,Office-Blok01,Menunggu spare part
2017,2022-02-13,Sunday,2,Q1,2022,Shift 1 (07:00-19:00),Pit-B (Coal Getting),SPV-004,Dozing,Lost Time Injury,0,0,0,1,0,4,0,13,160.3,Cerah,Human Error,Briefing Safety,Selesai,Pit-B-Blok03,
2018,2022-12-14,Wednesday,12,Q4,2022,Shift 1 (07:00-19:00),Pit-B (Coal Getting),SPV-008,Survei,First Aid,0,1,0,0,0,0,0,42,470.6,Cerah,Faktor Eksternal,Perbaikan Alat,Dalam Proses,Pit-B-Blok02,
2019,2023-05-05,Friday,5,Q2,2023,Shift 2 (19:00-07:00),Pit-A (Overburden),SPV-008,Pumping,Lost Time Injury,0,0,0,1,0,10,0,9,95.1,Hujan Ringan,Komunikasi Buruk,Perbaikan Alat,Overdue,Pit-A-Blok01,
2020,2024-09-06,Friday,9,Q3,2024,Shift 2 (19:00-07:00),Pit-A (Overburden),SPV-013,Blasting,First Aid,0,1,0,0,0,0,0,33,430.6,Berawan,Kelelahan Pekerja,Perbaikan Alat,Dalam Proses,Pit-A-Blok02,
2021,2022-11-04,Friday,11,Q4,2022,Shift 1 (07:00-19:00),Pit-C (Hauling),SPV-014,Dozing,First Aid,0,1,0,0,0,0,0,23,253.6,Cerah,Komunikasi Buruk,Perbaikan Alat,Selesai,Pit-C-Blok01,Perlu tindak lanjut
2022,2022-02-19,Saturday,2,Q1,2022,Shift 2 (19:00-07:00),Pit-C (Hauling),SPV-010,Maintenance,Medical Treatment,0,0,1,0,0,0,0,40,526.4,Cerah,Kelelahan Pekerja,Penggantian APD,Dalam Proses,Pit-C-Blok01,Investigasi selesai
2023,2024-08-31,Saturday,8,Q3,2024,Shift 2 (19:00-07:00),Pit-B (Coal Getting),SPV-012,Maintenance,Lost Time Injury,0,0,0,1,0,11,0,45,556,Cerah,Kelelahan Pekerja,Perbaikan Desain,Dalam Proses,Pit-B-Blok01,
2024,2024-04-03,Wednesday,4,Q2,2024,Shift 2 (19:00-07:00),Drainase,SPV-017,Maintenance,First Aid,0,1,0,0,0,0,0,17,207.6,Cerah,Housekeeping Buruk,Perbaikan Alat,Selesai,Draina-Blok04,
2025,2024-01-01,Monday,1,Q1,2024,Shift 2 (19:00-07:00),Office Area,SPV-019,Loading,First Aid,0,1,0,0,0,0,0,13,146.2,Hujan Ringan,Kelelahan Pekerja,Revisi Prosedur,Selesai,Office-Blok04,Perlu tindak lanjut
2026,2022-01-20,Thursday,1,Q1,2022,Shift 2 (19:00-07:00),ROM (Run of Mine),SPV-002,Maintenance,First Aid,0,1,0,0,0,0,0,16,157.1,Cerah,Peralatan Rusak,Perbaikan Desain,Selesai,ROM (R-Blok04,Menunggu spare part
2027,2023-12-30,Saturday,12,Q4,2023,Shift 1 (07:00-19:00),Pit-A (Overburden),SPV-020,Maintenance,Near Miss,1,0,0,0,0,0,0,43,475.8,Hujan Lebat,Komunikasi Buruk,Penggantian APD,Dalam Proses,Pit-A-Blok02,Menunggu spare part
2028,2022-02-24,Thursday,2,Q1,2022,Shift 2 (19:00-07:00),Pit-C (Hauling),SPV-011,Blasting,Near Miss,1,0,0,0,0,0,0,34,405.7,Hujan Lebat,Komunikasi Buruk,Revisi Prosedur,Selesai,Pit-C-Blok05,Investigasi selesai
2029,2022-03-27,Sunday,3,Q1,2022,Shift 1 (07:00-19:00),Pit-C (Hauling),SPV-009,Pengawasan,Lost Time Injury,0,0,0,1,0,11,0,26,310.5,Cerah,Prosedur Tidak Diikuti,Perbaikan Desain,Selesai,Pit-C-Blok04,Perlu tindak lanjut
2030,2023-08-18,Friday,8,Q3,2023,Shift 1 (07:00-19:00),Pit-C (Hauling),SPV-018,Grading,Near Miss,1,0,0,0,0,0,0,34,376.4,Cerah,Komunikasi Buruk,Pelatihan Ulang,Selesai,Pit-C-Blok04,Perlu tindak lanjut
2031,2022-01-24,Monday,1,Q1,2022,Shift 2 (19:00-07:00),Pit-C (Hauling),SPV-002,Maintenance,Near Miss,1,0,0,0,0,0,0,25,273.5,Cerah,Komunikasi Buruk,Perbaikan Alat,Dalam Proses,Pit-C-Blok05,Investigasi selesai
2032,2024-01-09,Tuesday,1,Q1,2024,Shift 1 (07:00-19:00),Pit-B (Coal Getting),SPV-013,Drilling,Near Miss,1,0,0,0,0,0,0,37,457,Cerah,Peralatan Rusak,Investigasi Lanjut,Selesai,Pit-B-Blok02,
2033,2022-08-12,Friday,8,Q3,2022,Shift 2 (19:00-07:00),Workshop,SPV-005,Pengawasan,Medical Treatment,0,0,1,0,0,0,0,41,482.6,Berawan,Kelelahan Pekerja,Penggantian APD,Selesai,Worksh-Blok05,
2034,2022-02-01,Tuesday,2,Q1,2022,Shift 1 (07:00-19:00),Pit-B (Coal Getting),SPV-006,Pumping,Near Miss,1,0,0,0,0,0,0,43,501.1,Hujan Lebat,Peralatan Rusak,Revisi Prosedur,Dalam Proses,Pit-B-Blok02,Sudah dilaporkan ke HSE Manager
2035,2023-02-11,Saturday,2,Q1,2023,Shift 1 (07:00-19:00),ROM (Run of Mine),SPV-007,Grading,Near Miss,1,0,0,0,0,0,0,11,138.2,Hujan Ringan,Desain/Engineering,Perbaikan Alat,Belum Dimulai,ROM (R-Blok01,
2036,2024-02-12,Monday,2,Q1,2024,Shift 1 (07:00-19:00),Pit-B (Coal Getting),SPV-006,Blasting,Medical Treatment,0,0,1,0,0,0,0,33,342.5,Hujan Lebat,Human Error,Perbaikan Desain,Selesai,Pit-B-Blok03,Menunggu spare part
2037,2024-06-11,Tuesday,6,Q2,2024,Shift 1 (07:00-19:00),Drainase,SPV-002,Grading,First Aid,0,1,0,0,0,0,0,35,387.6,Cerah,Human Error,Perbaikan Alat,Dalam Proses,Draina-Blok05,Perlu tindak lanjut
2038,2024-09-05,Thursday,9,Q3,2024,Shift 1 (07:00-19:00),Workshop,SPV-020,Fueling,Near Miss,1,0,0,0,0,0,0,29,326,Berkabut,Desain/Engineering,Perbaikan Desain,Belum Dimulai,Worksh-Blok04,
2039,2024-06-01,Saturday,6,Q2,2024,Shift 1 (07:00-19:00),Pit-A (Overburden),SPV-002,Loading,Environmental Spill,0,0,0,0,0,0,0,29,348,Berawan,Prosedur Tidak Diikuti,Pelatihan Ulang,Selesai,Pit-A-Blok05,Investigasi selesai
2040,2023-08-01,Tuesday,8,Q3,2023,Shift 2 (19:00-07:00),Stockpile,SPV-004,Drilling,Near Miss,1,0,0,0,0,0,0,9,112.4,Cerah,Housekeeping Buruk,Perbaikan Alat,Belum Dimulai,Stockp-Blok05,
2041,2022-03-19,Saturday,3,Q1,2022,Shift 1 (07:00-19:00),Pit-B (Coal Getting),SPV-019,Blasting,Near Miss,1,0,0,0,0,0,0,14,178.4,Cerah,Housekeeping Buruk,Penggantian APD,Selesai,Pit-B-Blok01,Investigasi selesai
2042,2022-03-02,Wednesday,3,Q1,2022,Shift 1 (07:00-19:00),Pit-B (Coal Getting),SPV-010,Fueling,Near Miss,1,0,0,0,0,0,0,22,276.3,Cerah,Kelelahan Pekerja,Revisi Prosedur,Selesai,Pit-B-Blok05,
2043,2023-01-06,Friday,1,Q1,2023,Shift 2 (19:00-07:00),Pit-B (Coal Getting),SPV-007,Pumping,Near Miss,1,0,0,0,0,0,0,8,100.4,Berawan,Kondisi Cuaca Buruk,Penggantian APD,Selesai,Pit-B-Blok03,Investigasi selesai
2044,2022-11-19,Saturday,11,Q4,2022,Shift 1 (07:00-19:00),Drainase,SPV-006,Dozing,First Aid,0,1,0,0,0,0,0,17,224.6,Cerah,Faktor Eksternal,Investigasi Lanjut,Dalam Proses,Draina-Blok04,Sudah dilaporkan ke HSE Manager
2045,2022-02-28,Monday,2,Q1,2022,Shift 2 (19:00-07:00),Pit-A (Overburden),SPV-004,Loading,Near Miss,1,0,0,0,0,0,0,13,136.9,Berawan,Kelelahan Pekerja,Perbaikan Desain,Dalam Proses,Pit-A-Blok04,Perlu tindak lanjut
2046,2022-02-07,Monday,2,Q1,2022,Shift 2 (19:00-07:00),Pit-A (Overburden),SPV-018,Pengawasan,Medical Treatment,0,0,1,0,0,0,0,20,198.3,Cerah,Komunikasi Buruk,Briefing Safety,Selesai,Pit-A-Blok04,Menunggu spare part
2047,2023-10-09,Monday,10,Q4,2023,Shift 1 (07:00-19:00),Stockpile,SPV-006,Loading,First Aid,0,1,0,0,0,0,0,38,425.3,Berawan,Housekeeping Buruk,Perbaikan Alat,Selesai,Stockp-Blok04,Menunggu spare part
2048,2024-08-21,Wednesday,8,Q3,2024,Shift 1 (07:00-19:00),ROM (Run of Mine),SPV-010,Survei,Near Miss,1,0,0,0,0,0,0,14,176.8,Hujan Ringan,Human Error,Penggantian APD,Overdue,ROM (R-Blok01,
2049,2022-11-04,Friday,11,Q4,2022,Shift 1 (07:00-19:00),ROM (Run of Mine),SPV-014,Maintenance,Property Damage,0,0,0,0,0,0,1,39,489.5,Berawan,Prosedur Tidak Diikuti,Perbaikan Alat,Dalam Proses,ROM (R-Blok04,
2050,2022-08-10,Wednesday,8,Q3,2022,Shift 2 (19:00-07:00),ROM (Run of Mine),SPV-006,Loading,Lost Time Injury,0,0,0,1,0,8,0,33,401.7,Hujan Ringan,Alat Pelindung Diri Tidak Sesuai,Investigasi Lanjut,Belum Dimulai,ROM (R-Blok05,
2051,2023-02-24,Friday,2,Q1,2023,Shift 2 (19:00-07:00),Pit-A (Overburden),SPV-012,Fueling,First Aid,0,1,0,0,0,0,0,28,326.6,Cerah,Peralatan Rusak,Briefing Safety,Selesai,Pit-A-Blok01,
2052,2024-04-30,Tuesday,4,Q2,2024,Shift 2 (19:00-07:00),Pit-C (Hauling),SPV-008,Pumping,Near Miss,1,0,0,0,0,0,0,40,-0.5,Cerah,Faktor Eksternal,Revisi Prosedur,Selesai,Pit-C-Blok02,
2053,2022-03-12,Saturday,3,Q1,2022,Shift 2 (19:00-07:00),ROM (Run of Mine),SPV-009,Blasting,Medical Treatment,0,0,1,0,0,0,0,10,119.2,Berawan,Alat Pelindung Diri Tidak Sesuai,Perbaikan Alat,Overdue,ROM (R-Blok03,Sudah dilaporkan ke HSE Manager
2054,2022-04-14,Thursday,4,Q2,2022,Shift 2 (19:00-07:00),Workshop,SPV-017,Dozing,Medical Treatment,0,0,1,0,0,0,0,8,84.8,Hujan Ringan,Alat Pelindung Diri Tidak Sesuai,Perbaikan Alat,Belum Dimulai,Worksh-Blok01,Sudah dilaporkan ke HSE Manager
2055,2023-06-21,Wednesday,6,Q2,2023,Shift 1 (07:00-19:00),Pit-C (Hauling),SPV-014,Survei,Near Miss,1,0,0,0,0,0,0,28,365.3,Cerah,Alat Pelindung Diri Tidak Sesuai,Pelatihan Ulang,Selesai,Pit-C-Blok01,
2056,2024-04-11,Thursday,4,Q2,2024,Shift 2 (19:00-07:00),Workshop,SPV-005,Loading,Near Miss,1,0,0,0,0,0,0,44,444.9,Cerah,Desain/Engineering,Investigasi Lanjut,Dalam Proses,Worksh-Blok05,
2057,2022-07-03,Sunday,7,Q3,2022,Shift 2 (19:00-07:00),Pit-C (Hauling),SPV-013,Loading,Near Miss,1,0,0,0,0,0,0,38,443.3,Hujan Ringan,Peralatan Rusak,Revisi Prosedur,Dalam Proses,Pit-C-Blok04,Sudah dilaporkan ke HSE Manager
2058,2023-07-04,Tuesday,7,Q3,2023,Shift 1 (07:00-19:00),Pit-C (Hauling),SPV-001,Dozing,Near Miss,1,0,0,0,0,0,0,27,272.2,Cerah,Faktor Eksternal,Revisi Prosedur,Selesai,Pit-C-Blok04,
2059,2023-06-20,Tuesday,6,Q2,2023,Shift 1 (07:00-19:00),Stockpile,SPV-003,Loading,Lost Time Injury,0,0,0,1,0,12,0,42,496.4,Hujan Ringan,Alat Pelindung Diri Tidak Sesuai,Briefing Safety,Dalam Proses,Stockp-Blok05,
2060,2024-12-09,Monday,12,Q4,2024,Shift 1 (07:00-19:00),Pit-C (Hauling),SPV-005,Blasting,Lost Time Injury,0,0,0,1,0,11,0,23,281.2,Berkabut,Human Error,Perbaikan Desain,Belum Dimulai,Pit-C-Blok04,
2061,2022-06-28,Tuesday,6,Q2,2022,Shift 1 (07:00-19:00),Pit-B (Coal Getting),SPV-017,Survei,Medical Treatment,0,0,1,0,0,0,0,16,177,Berawan,Kondisi Cuaca Buruk,Penggantian APD,Selesai,Pit-B-Blok05,Perlu tindak lanjut
2062,2022-08-23,Tuesday,8,Q3,2022,Shift 1 (07:00-19:00),Pit-C (Hauling),SPV-020,Grading,Near Miss,1,0,0,0,0,0,0,10,101.1,,Desain/Engineering,Briefing Safety,Belum Dimulai,Pit-C-Blok04,Perlu tindak lanjut
2063,2024-06-06,Thursday,6,Q2,2024,Shift 1 (07:00-19:00),Pit-C (Hauling),SPV-008,Pumping,Medical Treatment,0,0,1,0,0,0,0,25,290,Hujan Ringan,Kelelahan Pekerja,Investigasi Lanjut,Selesai,Pit-C-Blok03,Perlu tindak lanjut
2064,2024-10-10,Thursday,10,Q4,2024,Shift 2 (19:00-07:00),Pit-B (Coal Getting),SPV-002,Fueling,Medical Treatment,0,0,1,0,0,0,0,15,158,Cerah,Komunikasi Buruk,Revisi Prosedur,Selesai,Pit-B-Blok01,Perlu tindak lanjut
2065,2024-01-30,Tuesday,1,Q1,2024,Shift 1 (07:00-19:00),Workshop,SPV-014,Fueling,Near Miss,1,0,0,0,0,0,0,17,210.6,Cerah,Kelelahan Pekerja,Revisi Prosedur,Selesai,Worksh-Blok05,
2066,2022-11-05,Saturday,11,Q4,2022,Shift 2 (19:00-07:00),Workshop,SPV-009,Loading,Property Damage,0,0,0,0,0,0,1,30,366.1,Cerah,Human Error,Revisi Prosedur,Dalam Proses,Worksh-Blok05,
2067,2022-06-10,Friday,6,Q2,2022,Shift 2 (19:00-07:00),Drainase,SPV-006,Pengawasan,Lost Time Injury,0,0,0,1,0,8,0,43,520.9,Cerah,Desain/Engineering,Revisi Prosedur,Selesai,Draina-Blok02,Investigasi selesai
2068,2022-04-09,Saturday,4,Q2,2022,Shift 2 (19:00-07:00),Pit-B (Coal Getting),,Blasting,Near Miss,1,0,0,0,0,0,0,24,235.3,Hujan Ringan,Komunikasi Buruk,Perbaikan Alat,Overdue,Pit-B-Blok02,
2069,2024-08-26,Monday,8,Q3,2024,Shift 2 (19:00-07:00),Office Area,SPV-005,Hauling,Near Miss,1,0,0,0,0,0,0,40,505.6,Hujan Ringan,Kondisi Cuaca Buruk,Perbaikan Desain,Selesai,Office-Blok02,
2070,2024-03-29,Friday,3,Q1,2024,Shift 2 (19:00-07:00),Office Area,SPV-015,Hauling,Near Miss,1,0,0,0,0,0,0,31,347.5,Berawan,Faktor Eksternal,Penggantian APD,Selesai,Office-Blok03,Sudah dilaporkan ke HSE Manager
2071,2022-04-21,Thursday,4,Q2,2022,Shift 2 (19:00-07:00),Drainase,SPV-010,Hauling,Medical Treatment,0,0,1,0,0,0,0,39,410.9,Berawan,Prosedur Tidak Diikuti,Perbaikan Alat,Dalam Proses,Draina-Blok02,Sudah dilaporkan ke HSE Manager
2072,2022-11-08,Tuesday,11,Q4,2022,Shift 1 (07:00-19:00),Workshop,SPV-009,Pumping,Near Miss,1,0,0,0,0,0,0,27,350.5,Berkabut,Kondisi Cuaca Buruk,Perbaikan Desain,Selesai,Worksh-Blok04,Sudah dilaporkan ke HSE Manager
2073,2022-06-29,Wednesday,6,Q2,2022,Shift 1 (07:00-19:00),Pit-C (Hauling),SPV-014,Pengawasan,Near Miss,1,0,0,0,0,0,0,21,265.1,Hujan Ringan,Kelelahan Pekerja,Perbaikan Desain,Selesai,Pit-C-Blok01,Menunggu spare part
2074,2022-09-30,Friday,9,Q3,2022,Shift 1 (07:00-19:00),Pit-B (Coal Getting),SPV-020,Loading,Near Miss,1,0,0,0,0,0,0,42,519.8,Cerah,Housekeeping Buruk,Investigasi Lanjut,Selesai,Pit-B-Blok02,
2075,2022-04-15,Friday,4,Q2,2022,Shift 2 (19:00-07:00),Stockpile,SPV-015,Survei,Near Miss,1,0,0,0,0,0,0,43,468.4,Hujan Ringan,Housekeeping Buruk,Penggantian APD,Selesai,Stockp-Blok04,
2076,2023-10-03,Tuesday,10,Q4,2023,Shift 1 (07:00-19:00),ROM (Run of Mine),SPV-008,Survei,Near Miss,1,0,0,0,0,0,0,22,237.8,Hujan Ringan,Kondisi Cuaca Buruk,Pelatihan Ulang,Belum Dimulai,ROM (R-Blok04,Sudah dilaporkan ke HSE Manager
2077,2024-08-30,Friday,8,Q3,2024,Shift 2 (19:00-07:00),Pit-C (Hauling),SPV-012,Survei,Medical Treatment,0,0,1,0,0,0,0,31,394.7,Hujan Lebat,Prosedur Tidak Diikuti,Perbaikan Alat,Selesai,Pit-C-Blok04,Menunggu spare part
2078,2024-08-08,Thursday,8,Q3,2024,Shift 2 (19:00-07:00),Stockpile,SPV-005,Pumping,First Aid,0,1,0,0,0,0,0,9,101.5,Berkabut,Kelelahan Pekerja,Investigasi Lanjut,Dalam Proses,Stockp-Blok04,
2079,2024-10-10,Thursday,10,Q4,2024,Shift 1 (07:00-19:00),Pit-A (Overburden),SPV-018,Loading,Near Miss,1,0,0,0,0,0,0,16,187.7,Berawan,Faktor Eksternal,Perbaikan Desain,Dalam Proses,Pit-A-Blok05,
2080,2022-07-04,Monday,7,Q3,2022,Shift 1 (07:00-19:00),Office Area,SPV-010,Survei,First Aid,0,1,0,0,0,0,0,39,396.6,Cerah,Alat Pelindung Diri Tidak Sesuai,Revisi Prosedur,Belum Dimulai,Office-Blok05,Menunggu spare part
2081,2023-08-17,Thursday,8,Q3,2023,Shift 1 (07:00-19:00),Stockpile,SPV-017,Maintenance,First Aid,0,1,0,0,0,0,0,38,395.7,Cerah,Peralatan Rusak,Perbaikan Alat,Dalam Proses,Stockp-Blok04,Perlu tindak lanjut
2082,2022-10-20,Thursday,10,Q4,2022,Shift 1 (07:00-19:00),Pit-C (Hauling),SPV-003,Survei,Near Miss,1,0,0,0,0,0,0,13,166,Berawan,Peralatan Rusak,Perbaikan Desain,Belum Dimulai,Pit-C-Blok05,
2083,2024-12-24,Tuesday,12,Q4,2024,Shift 1 (07:00-19:00),Office Area,SPV-007,Administrasi,Medical Treatment,0,0,1,0,0,0,0,21,271.9,Berawan,Komunikasi Buruk,Penggantian APD,Selesai,Office-Blok05,
2084,2024-08-29,Thursday,8,Q3,2024,Shift 2 (19:00-07:00),Pit-A (Overburden),SPV-015,Administrasi,Near Miss,1,0,0,0,0,0,0,28,312.6,Cerah,Kondisi Cuaca Buruk,Penggantian APD,Overdue,Pit-A-Blok02,Menunggu spare part
2085,2024-04-26,Friday,4,Q2,2024,Shift 1 (07:00-19:00),Pit-A (Overburden),SPV-007,Hauling,Lost Time Injury,0,0,0,1,0,8,0,39,508.1,Berkabut,Faktor Eksternal,Revisi Prosedur,Overdue,Pit-A-Blok05,
2086,2024-02-24,Saturday,2,Q1,2024,Shift 2 (19:00-07:00),Pit-A (Overburden),SPV-015,Fueling,Medical Treatment,0,0,1,0,0,0,0,29,338.7,Berawan,Komunikasi Buruk,Penggantian APD,Selesai,Pit-A-Blok02,
2087,2023-04-20,Thursday,4,Q2,2023,Shift 1 (07:00-19:00),Pit-B (Coal Getting),SPV-011,Grading,First Aid,0,1,0,0,0,0,0,43,441.1,Berkabut,Human Error,Investigasi Lanjut,Belum Dimulai,Pit-B-Blok02,
2088,2022-02-08,Tuesday,2,Q1,2022,Shift 2 (19:00-07:00),Workshop,SPV-013,Blasting,First Aid,0,1,0,0,0,0,0,19,238.9,Cerah,Komunikasi Buruk,Pelatihan Ulang,Selesai,Worksh-Blok04,
2089,2024-06-18,Tuesday,6,Q2,2024,Shift 2 (19:00-07:00),Drainase,SPV-019,Maintenance,Property Damage,0,0,0,0,0,0,1,11,132.1,Cerah,Komunikasi Buruk,Briefing Safety,Selesai,Draina-Blok02,
2090,2023-08-13,Sunday,8,Q3,2023,Shift 1 (07:00-19:00),Stockpile,SPV-020,Maintenance,Lost Time Injury,0,0,0,1,0,11,0,22,218.2,Berkabut,Kelelahan Pekerja,Pelatihan Ulang,Dalam Proses,Stockp-Blok04,
2091,2024-02-20,Tuesday,2,Q1,2024,Shift 1 (07:00-19:00),ROM (Run of Mine),SPV-014,Loading,First Aid,0,1,0,0,0,0,0,17,173.2,Berawan,Faktor Eksternal,Perbaikan Alat,Dalam Proses,ROM (R-Blok04,Perlu tindak lanjut
2092,2023-11-09,Thursday,11,Q4,2023,Shift 2 (19:00-07:00),Drainase,SPV-011,Grading,Near Miss,1,0,0,0,0,0,0,37,418.4,Berawan,Faktor Eksternal,Revisi Prosedur,Selesai,Draina-Blok05,
2093,2024-04-06,Saturday,4,Q2,2024,Shift 1 (07:00-19:00),Pit-A (Overburden),SPV-004,Grading,Near Miss,1,0,0,0,0,0,0,33,391.4,Hujan Lebat,Alat Pelindung Diri Tidak Sesuai,Revisi Prosedur,Selesai,Pit-A-Blok02,Perlu tindak lanjut
2094,2022-07-16,Saturday,7,Q3,2022,Shift 1 (07:00-19:00),Office Area,SPV-007,Grading,First Aid,0,1,0,0,0,0,0,22,243.9,Berawan,Alat Pelindung Diri Tidak Sesuai,Pelatihan Ulang,Selesai,Office-Blok05,Menunggu spare part
2095,2022-07-31,Sunday,7,Q3,2022,Shift 1 (07:00-19:00),ROM (Run of Mine),SPV-019,Pumping,Environmental Spill,0,0,0,0,0,0,0,34,409.9,Berawan,Kondisi Cuaca Buruk,Perbaikan Desain,Dalam Proses,ROM (R-Blok05,
2096,2022-06-19,Sunday,6,Q2,2022,Shift 2 (19:00-07:00),Office Area,SPV-020,Grading,Near Miss,1,0,0,0,0,0,0,43,459.2,Cerah,Desain/Engineering,Pelatihan Ulang,Overdue,Office-Blok01,
2097,2022-06-08,Wednesday,6,Q2,2022,Shift 2 (19:00-07:00),Pit-B (Coal Getting),SPV-012,Drilling,First Aid,0,1,0,0,0,0,0,15,191.6,Berkabut,Kondisi Cuaca Buruk,Penggantian APD,Selesai,Pit-B-Blok05,Investigasi selesai
2098,2024-06-22,Saturday,6,Q2,2024,Shift 1 (07:00-19:00),Drainase,SPV-006,Pumping,Near Miss,1,0,0,0,0,0,0,13,154.5,Hujan Lebat,Faktor Eksternal,Pelatihan Ulang,Selesai,Draina-Blok01,Sudah dilaporkan ke HSE Manager
2099,2023-10-29,Sunday,10,Q4,2023,Shift 2 (19:00-07:00),Pit-A (Overburden),SPV-002,Pumping,Medical Treatment,0,0,1,0,0,0,0,39,449,Cerah,Komunikasi Buruk,Penggantian APD,Dalam Proses,Pit-A-Blok04,
2100,2024-11-19,Tuesday,11,Q4,2024,Shift 2 (19:00-07:00),Pit-A (Overburden),SPV-012,Survei,Medical Treatment,0,0,1,0,0,0,0,41,508.1,Cerah,Komunikasi Buruk,Penggantian APD,Selesai,Pit-A-Blok05,Menunggu spare part
2101,2022-10-09,Sunday,10,Q4,2022,Shift 2 (19:00-07:00),Pit-C (Hauling),SPV-011,Fueling,Property Damage,0,0,0,0,0,0,1,39,494.9,Cerah,Peralatan Rusak,Penggantian APD,Dalam Proses,Pit-C-Blok02,
2102,2023-05-16,Tuesday,5,Q2,2023,Shift 2 (19:00-07:00),Drainase,SPV-013,Administrasi,Near Miss,1,0,0,0,0,0,0,36,414.3,Hujan Lebat,Peralatan Rusak,Perbaikan Desain,Selesai,Draina-Blok03,Sudah dilaporkan ke HSE Manager
2103,2022-01-29,Saturday,1,Q1,2022,Shift 2 (19:00-07:00),Stockpile,SPV-009,Blasting,First Aid,0,1,0,0,0,0,0,14,137,Cerah,Peralatan Rusak,Penggantian APD,Overdue,Stockp-Blok02,
2104,2022-12-17,Saturday,12,Q4,2022,Shift 2 (19:00-07:00),Drainase,SPV-012,Hauling,First Aid,0,1,0,0,0,0,0,41,530,Berkabut,Peralatan Rusak,Revisi Prosedur,Selesai,Draina-Blok05,Investigasi selesai
2105,2024-10-13,Sunday,10,Q4,2024,Shift 1 (07:00-19:00),Stockpile,SPV-002,Administrasi,Near Miss,1,0,0,0,0,0,0,41,506.1,Berkabut,Peralatan Rusak,Pelatihan Ulang,Selesai,Stockp-Blok05,
2106,2023-05-24,Wednesday,5,Q2,2023,Shift 2 (19:00-07:00),Pit-B (Coal Getting),SPV-018,Loading,First Aid,0,1,0,0,0,0,0,41,418.7,Berawan,Desain/Engineering,Investigasi Lanjut,Selesai,Pit-B-Blok05,
2107,2022-04-05,Tuesday,4,Q2,2022,Shift 1 (07:00-19:00),Pit-B (Coal Getting),SPV-005,Dozing,First Aid,0,1,0,0,0,0,0,10,119.5,Cerah,Peralatan Rusak,Penggantian APD,Overdue,Pit-B-Blok03,Perlu tindak lanjut
2108,2022-06-05,Sunday,6,Q2,2022,Shift 1 (07:00-19:00),Stockpile,SPV-020,Grading,First Aid,0,1,0,0,0,0,0,17,223.4,Cerah,Komunikasi Buruk,Perbaikan Desain,Selesai,Stockp-Blok04,
2109,2024-01-19,Friday,1,Q1,2024,Shift 2 (19:00-07:00),Pit-B (Coal Getting),SPV-002,Grading,Medical Treatment,0,0,1,0,0,0,0,18,204.7,Cerah,Prosedur Tidak Diikuti,Pelatihan Ulang,Belum Dimulai,Pit-B-Blok03,
2110,2024-07-29,Monday,7,Q3,2024,Shift 2 (19:00-07:00),,SPV-006,Grading,Lost Time Injury,0,0,0,1,0,6,0,35,398.4,Berkabut,Prosedur Tidak Diikuti,Perbaikan Alat,Dalam Proses,Pit-A-Blok02,Investigasi selesai
2111,2024-11-22,Friday,11,Q4,2024,Shift 2 (19:00-07:00),PIT-B,SPV-012,Drilling,First Aid,0,1,0,0,0,0,0,21,209.7,Hujan Lebat,Desain/Engineering,Investigasi Lanjut,Belum Dimulai,Office-Blok03,
2112,2024-08-24,Saturday,8,Q3,2024,Shift 1 (07:00-19:00),Pit-B (Coal Getting),SPV-009,Fueling,Property Damage,0,0,0,0,0,0,1,37,420.4,Cerah,Prosedur Tidak Diikuti,Perbaikan Desain,Belum Dimulai,Pit-B-Blok05,
2113,2024-09-20,Friday,9,Q3,2024,Shift 2 (19:00-07:00),Pit-B (Coal Getting),SPV-004,Drilling,First Aid,0,1,0,0,0,0,0,31,408.3,Cerah,Human Error,Briefing Safety,Dalam Proses,Pit-B-Blok02,
2114,2022-01-05,Wednesday,1,Q1,2022,Shift 2 (19:00-07:00),Pit-A (Overburden),SPV-010,Drilling,Near Miss,1,0,0,0,0,0,0,45,468.2,Cerah,Desain/Engineering,Revisi Prosedur,Dalam Proses,Pit-A-Blok03,Perlu tindak lanjut
2115,2024-03-11,Monday,3,Q1,2024,Shift 2 (19:00-07:00),Pit-A (Overburden),SPV-015,Pengawasan,Medical Treatment,0,0,1,0,0,0,0,30,353.9,Berkabut,Komunikasi Buruk,Briefing Safety,Selesai,Pit-A-Blok04,
2116,2024-01-25,Thursday,1,Q1,2024,Shift 1 (07:00-19:00),Drainase,SPV-020,Maintenance,First Aid,0,1,0,0,0,0,0,34,400.8,Hujan Lebat,Desain/Engineering,Revisi Prosedur,Selesai,Draina-Blok01,Sudah dilaporkan ke HSE Manager
2117,2022-10-17,Monday,10,Q4,2022,Shift 1 (07:00-19:00),Stockpile,SPV-003,Pumping,Property Damage,0,0,0,0,0,0,1,18,217.3,Berawan,Kelelahan Pekerja,Briefing Safety,Belum Dimulai,Stockp-Blok01,Menunggu spare part
2118,2022-04-17,Sunday,4,Q2,2022,Shift 1 (07:00-19:00),Pit-C (Hauling),SPV-009,Drilling,Near Miss,1,0,0,0,0,0,0,29,363.7,Berawan,Human Error,Penggantian APD,Selesai,Pit-C-Blok05,Perlu tindak lanjut
2119,2023-10-24,Tuesday,10,Q4,2023,Shift 1 (07:00-19:00),Pit-A (Overburden),SPV-001,Hauling,First Aid,0,1,0,0,0,0,0,28,327.9,Hujan Ringan,Desain/Engineering,Revisi Prosedur,Selesai,Pit-A-Blok03,
2120,2022-06-10,Friday,6,Q2,2022,Shift 2 (19:00-07:00),Pit-B (Coal Getting),SPV-006,Pengawasan,Near Miss,1,0,0,0,0,0,0,35,378.7,Cerah,Peralatan Rusak,Perbaikan Alat,Selesai,Pit-B-Blok03,Sudah dilaporkan ke HSE Manager
2121,2023-10-06,Friday,10,Q4,2023,Shift 2 (19:00-07:00),Drainase,SPV-012,Survei,Near Miss,1,0,0,0,0,0,0,39,391.2,Cerah,Prosedur Tidak Diikuti,Pelatihan Ulang,Selesai,Draina-Blok03,
2122,2023-01-15,Sunday,1,Q1,2023,Shift 1 (07:00-19:00),Pit-B (Coal Getting),SPV-013,Hauling,Medical Treatment,0,0,1,0,0,0,0,19,217.1,Hujan Ringan,Komunikasi Buruk,Perbaikan Alat,Dalam Proses,Pit-B-Blok03,Investigasi selesai
2123,2024-04-19,Friday,4,Q2,2024,Shift 1 (07:00-19:00),ROM (Run of Mine),SPV-016,Maintenance,First Aid,0,1,0,0,0,0,0,11,132.7,Berawan,Kelelahan Pekerja,Pelatihan Ulang,Selesai,ROM (R-Blok02,
2124,2024-06-11,Tuesday,6,Q2,2024,Shift 1 (07:00-19:00),Pit-A (Overburden),SPV-018,Survei,Near Miss,1,0,0,0,0,0,0,19,207.4,Cerah,Human Error,Penggantian APD,Selesai,Pit-A-Blok02,
2125,2023-05-11,Thursday,5,Q2,2023,Shift 2 (19:00-07:00),Pit-B (Coal Getting),SPV-018,Fueling,Medical Treatment,0,0,1,0,0,0,0,22,251.1,Berawan,Alat Pelindung Diri Tidak Sesuai,Penggantian APD,Selesai,Pit-B-Blok02,
2126,2024-03-13,Wednesday,3,Q1,2024,Shift 1 (07:00-19:00),ROM (Run of Mine),SPV-010,Blasting,Near Miss,1,0,0,0,0,0,0,36,361.6,Berawan,Faktor Eksternal,Investigasi Lanjut,Selesai,ROM (R-Blok01,
2127,2022-10-28,Friday,10,Q4,2022,Shift 2 (19:00-07:00),Pit-B (Coal Getting),SPV-005,Maintenance,Medical Treatment,0,0,1,0,0,0,0,28,336.4,Berkabut,Alat Pelindung Diri Tidak Sesuai,Revisi Prosedur,Dalam Proses,Pit-B-Blok05,Perlu tindak lanjut
2128,2022-01-20,Thursday,1,Q1,2022,Shift 2 (19:00-07:00),Pit-C (Hauling),SPV-016,Dozing,First Aid,0,1,0,0,0,0,0,12,148.2,Hujan Lebat,Kelelahan Pekerja,Perbaikan Alat,Dalam Proses,Pit-C-Blok02,Investigasi selesai
2129,2022-12-24,Saturday,12,Q4,2022,Shift 2 (19:00-07:00),ROM (Run of Mine),SPV-016,Survei,Near Miss,1,0,0,0,0,0,0,16,170.5,Berawan,Peralatan Rusak,Perbaikan Desain,Dalam Proses,ROM (R-Blok02,Investigasi selesai
2130,2022-08-09,Tuesday,8,Q3,2022,Shift 2 (19:00-07:00),ROM (Run of Mine),SPV-019,Dozing,Near Miss,1,0,0,0,0,0,0,9,100.7,Berawan,Kelelahan Pekerja,Perbaikan Alat,Selesai,ROM (R-Blok02,Investigasi selesai
2131,2024-07-19,Friday,7,Q3,2024,Shift 1 (07:00-19:00),Workshop,SPV-005,Hauling,Near Miss,1,0,0,0,0,0,0,40,455.7,Berawan,Peralatan Rusak,Perbaikan Desain,Selesai,Worksh-Blok04,Perlu tindak lanjut
2132,2023-07-10,Monday,7,Q3,2023,Shift 1 (07:00-19:00),Pit-A (Overburden),SPV-018,Pengawasan,Medical Treatment,0,0,1,0,0,0,0,34,405.4,Cerah,Alat Pelindung Diri Tidak Sesuai,Perbaikan Desain,Selesai,Pit-A-Blok05,
2133,2023-04-11,Tuesday,4,Q2,2023,Shift 1 (07:00-19:00),Pit-C (Hauling),SPV-010,Fueling,Lost Time Injury,0,0,0,1,0,12,0,39,389,Berawan,Housekeeping Buruk,Revisi Prosedur,Dalam Proses,Pit-C-Blok04,
2134,2023-03-01,Wednesday,3,Q1,2023,Shift 2 (19:00-07:00),Pit-A (Overburden),SPV-001,Loading,Near Miss,1,0,0,0,0,0,0,40,520.4,Hujan Ringan,Desain/Engineering,Briefing Safety,Belum Dimulai,Pit-A-Blok04,
2135,2022-06-05,Sunday,6,Q2,2022,Shift 2 (19:00-07:00),Office Area,SPV-007,Fueling,Near Miss,1,0,0,0,0,0,0,37,411.9,Hujan Ringan,Kondisi Cuaca Buruk,Pelatihan Ulang,Selesai,Office-Blok05,
2136,2022-09-29,Thursday,9,Q3,2022,Shift 2 (19:00-07:00),Office Area,SPV-016,Drilling,First Aid,0,1,0,0,0,0,0,8,89.5,Cerah,Housekeeping Buruk,Briefing Safety,Selesai,Office-Blok04,Sudah dilaporkan ke HSE Manager
2137,2022-05-29,Sunday,5,Q2,2022,Shift 2 (19:00-07:00),Pit-B (Coal Getting),SPV-008,Fueling,Medical Treatment,0,0,1,0,0,0,0,43,515.6,Berawan,Kondisi Cuaca Buruk,Revisi Prosedur,Dalam Proses,Pit-B-Blok03,Menunggu spare part
2138,2023-02-03,Friday,2,Q1,2023,Shift 2 (19:00-07:00),Office Area,SPV-017,Loading,Property Damage,0,0,0,0,0,0,1,10,117.6,Hujan Ringan,Faktor Eksternal,Pelatihan Ulang,Selesai,Office-Blok03,Sudah dilaporkan ke HSE Manager
2139,2023-07-02,Sunday,7,Q3,2023,Shift 1 (07:00-19:00),Workshop,SPV-010,Dozing,First Aid,0,1,0,0,0,0,0,31,341.5,Berkabut,Prosedur Tidak Diikuti,Penggantian APD,Overdue,Worksh-Blok04,
2140,2023-03-02,Thursday,3,Q1,2023,Shift 1 (07:00-19:00),pit b (coal),SPV-011,Fueling,Near Miss,1,0,0,0,0,0,0,14,154.1,Hujan Ringan,Alat Pelindung Diri Tidak Sesuai,Revisi Prosedur,Selesai,Worksh-Blok02,
2141,2022-07-15,Friday,7,Q3,2022,Shift 2 (19:00-07:00),Workshop,SPV-014,Pumping,First Aid,0,1,0,0,0,0,0,38,407.4,Cerah,Human Error,Penggantian APD,Selesai,Worksh-Blok05,Investigasi selesai
2142,2023-07-21,Friday,7,Q3,2023,Shift 2 (19:00-07:00),Pit-B (Coal Getting),SPV-007,Loading,Medical Treatment,0,0,1,0,0,0,0,11,113,Hujan Lebat,Peralatan Rusak,Perbaikan Alat,Selesai,Pit-B-Blok02,
2143,2024-13-01,Saturday,8,Q3,2024,Shift 2 (19:00-07:00),Workshop,SPV-002,Pengawasan,First Aid,0,1,0,0,0,0,0,39,414.6,Berawan,Desain/Engineering,Briefing Safety,Dalam Proses,Worksh-Blok04,Sudah dilaporkan ke HSE Manager
2144,2023-09-22,Friday,9,Q3,2023,Shift 1 (07:00-19:00),Pit-A (Overburden),SPV-016,Pengawasan,First Aid,0,1,0,0,0,0,0,27,266.5,Cerah,Desain/Engineering,Revisi Prosedur,Selesai,Pit-A-Blok05,
2145,2023-05-22,Monday,5,Q2,2023,Shift 2 (19:00-07:00),ROM (Run of Mine),SPV-001,Survei,Near Miss,1,0,0,0,0,0,0,11,138.5,Cerah,Peralatan Rusak,Perbaikan Desain,Belum Dimulai,ROM (R-Blok04,Menunggu spare part
2146,2024-05-14,Tuesday,5,Q2,2024,Shift 1 (07:00-19:00),Pit-B (Coal Getting),SPV-012,Maintenance,First Aid,0,1,0,0,0,0,0,14,173.2,Berawan,Kondisi Cuaca Buruk,Penggantian APD,Selesai,Pit-B-Blok03,Investigasi selesai
2147,2023-09-24,Sunday,9,Q3,2023,Shift 2 (19:00-07:00),Stockpile,SPV-019,Survei,First Aid,0,1,0,0,0,0,0,23,266.9,Berawan,Peralatan Rusak,Briefing Safety,Selesai,Stockp-Blok05,
2148,2024-08-20,Tuesday,8,Q3,2024,Shift 2 (19:00-07:00),Pit-C (Hauling),SPV-005,Pumping,Near Miss,1,0,0,0,0,0,0,23,226.4,Berkabut,Human Error,Perbaikan Alat,Selesai,Pit-C-Blok04,
2149,2023-05-20,Saturday,5,Q2,2023,Shift 1 (07:00-19:00),ROM (Run of Mine),SPV-016,Dozing,Near Miss,1,0,0,0,0,0,0,16,159.7,Cerah,Komunikasi Buruk,Perbaikan Alat,Selesai,ROM (R-Blok04,Sudah dilaporkan ke HSE Manager
2150,2023-11-22,Wednesday,11,Q4,2023,Shift 2 (19:00-07:00),Drainase,SPV-004,Maintenance,Medical Treatment,0,0,1,0,0,0,0,41,474.6,Cerah,Peralatan Rusak,Perbaikan Alat,Selesai,Draina-Blok04,
2151,2023-05-21,Sunday,5,Q2,2023,Shift 1 (07:00-19:00),Stockpile,SPV-012,Maintenance,Medical Treatment,0,0,1,0,0,0,0,36,406.5,Berawan,Kelelahan Pekerja,Investigasi Lanjut,Selesai,Stockp-Blok02,
2152,2024-10-23,Wednesday,10,Q4,2024,Shift 2 (19:00-07:00),Workshop,SPV-014,Pumping,Near Miss,1,0,0,0,0,0,0,40,514.9,Hujan Lebat,Peralatan Rusak,Penggantian APD,Selesai,Worksh-Blok03,
2153,2022-02-06,Sunday,2,Q1,2022,Shift 2 (19:00-07:00),Workshop,SPV-016,Loading,Lost Time Injury,0,0,0,1,0,4,0,22,262.2,Berawan,Human Error,Pelatihan Ulang,Overdue,Worksh-Blok02,
2154,2023-04-22,Saturday,4,Q2,2023,Shift 2 (19:00-07:00),Pit-B (Coal Getting),SPV-009,Dozing,First Aid,0,1,0,0,0,0,0,20,207,Cerah,Alat Pelindung Diri Tidak Sesuai,Revisi Prosedur,Selesai,Pit-B-Blok02,
2155,2022-11-30,Wednesday,11,Q4,2022,Shift 2 (19:00-07:00),Stockpile,SPV-013,Dozing,First Aid,0,1,0,0,0,0,0,16,157.6,Berawan,Faktor Eksternal,Revisi Prosedur,Selesai,Stockp-Blok04,
2156,2024-02-01,Thursday,2,Q1,2024,Shift 2 (19:00-07:00),Pit-C (Hauling),SPV-011,Pumping,Near Miss,1,0,0,0,0,0,0,25,260.1,Hujan Ringan,Prosedur Tidak Diikuti,Revisi Prosedur,Dalam Proses,Pit-C-Blok01,Investigasi selesai
2157,2024-09-02,Monday,9,Q3,2024,Shift 2 (19:00-07:00),Workshop,SPV-002,Loading,Near Miss,1,0,0,0,0,0,0,38,409.5,Hujan Ringan,Kondisi Cuaca Buruk,Briefing Safety,Dalam Proses,Worksh-Blok05,
2158,2024-05-20,Monday,5,Q2,2024,Shift 1 (07:00-19:00),Drainase,SPV-018,Hauling,First Aid,0,1,0,0,0,0,0,16,174.6,Hujan Lebat,Housekeeping Buruk,Investigasi Lanjut,Selesai,Draina-Blok01,
2159,2022-03-01,Tuesday,3,Q1,2022,Shift 2 (19:00-07:00),Pit-B (Coal Getting),SPV-003,Dozing,Medical Treatment,0,0,1,0,0,0,0,17,209,Berawan,Housekeeping Buruk,Pelatihan Ulang,Dalam Proses,Pit-B-Blok03,
2160,2023-04-08,Saturday,4,Q2,2023,Shift 1 (07:00-19:00),Pit-B (Coal Getting),SPV-019,Blasting,Near Miss,1,0,0,0,0,0,0,42,555,Berawan,Prosedur Tidak Diikuti,Investigasi Lanjut,Dalam Proses,Pit-B-Blok01,Investigasi selesai
2161,2023-01-19,Thursday,1,Q1,2023,Shift 2 (19:00-07:00),ROM (Run of Mine),SPV-015,Dozing,Medical Treatment,0,0,1,0,0,0,0,29,304.7,Hujan Ringan,Kondisi Cuaca Buruk,Penggantian APD,Dalam Proses,ROM (R-Blok04,
2162,2023-01-17,Tuesday,1,Q1,2023,Shift 2 (19:00-07:00),Pit-B (Coal Getting),SPV-002,Fueling,Near Miss,1,0,0,0,0,0,0,25,323.3,Hujan Ringan,Komunikasi Buruk,Revisi Prosedur,Selesai,Pit-B-Blok04,
2163,2022-12-03,Saturday,12,Q4,2022,Shift 2 (19:00-07:00),Pit-A (Overburden),SPV-012,Pumping,First Aid,0,1,0,0,0,0,0,40,406.1,Cerah,Kelelahan Pekerja,Penggantian APD,Selesai,Pit-A-Blok02,
2164,2023-09-10,Sunday,9,Q3,2023,Shift 2 (19:00-07:00),Pit-C (Hauling),SPV-004,Dozing,Environmental Spill,0,0,0,0,0,0,0,32,365.5,Cerah,Kelelahan Pekerja,Pelatihan Ulang,Dalam Proses,Pit-C-Blok04,Investigasi selesai
2165,2023-05-08,Monday,5,Q2,2023,Shift 1 (07:00-19:00),Office Area,SPV-003,Pumping,First Aid,0,1,0,0,0,0,0,32,317.4,Hujan Ringan,Kondisi Cuaca Buruk,Investigasi Lanjut,Overdue,Office-Blok05,Perlu tindak lanjut
2166,2022-07-27,Wednesday,7,Q3,2022,Shift 1 (07:00-19:00),Pit-A (Overburden),SPV-001,Pumping,First Aid,0,1,0,0,0,0,0,15,155.1,Hujan Lebat,Peralatan Rusak,Revisi Prosedur,Selesai,Pit-A-Blok02,
2167,2024-12-28,Saturday,12,Q4,2024,Shift 1 (07:00-19:00),Pit-B (Coal Getting),SPV-020,Pengawasan,First Aid,0,1,0,0,0,0,0,26,290.6,Berkabut,Kondisi Cuaca Buruk,Perbaikan Alat,Selesai,Pit-B-Blok04,Menunggu spare part
2168,2024-04-04,Thursday,4,Q2,2024,Shift 1 (07:00-19:00),Stockpile,SPV-015,Fueling,Near Miss,1,0,0,0,0,0,0,41,516,Hujan Ringan,Prosedur Tidak Diikuti,Perbaikan Desain,Selesai,Stockp-Blok01,
2169,2024-03-17,Sunday,3,Q1,2024,Shift 2 (19:00-07:00),Pit-B (Coal Getting),SPV-004,Pumping,First Aid,0,1,0,0,0,0,0,29,305.8,Hujan Lebat,Alat Pelindung Diri Tidak Sesuai,Briefing Safety,Dalam Proses,Pit-B-Blok05,Sudah dilaporkan ke HSE Manager
2170,2023-07-17,Monday,7,Q3,2023,Shift 2 (19:00-07:00),Pit-A (Overburden),SPV-013,Pengawasan,Lost Time Injury,0,0,0,1,0,10,0,12,145.4,Cerah,Housekeeping Buruk,Perbaikan Alat,Selesai,Pit-A-Blok05,
2171,2023-01-04,Wednesday,1,Q1,2023,Shift 1 (07:00-19:00),Pit-B (Coal Getting),SPV-020,Loading,First Aid,0,1,0,0,0,0,0,10,125.7,Berkabut,Desain/Engineering,Penggantian APD,Belum Dimulai,Pit-B-Blok03,Perlu tindak lanjut
2172,2022-12-05,Monday,12,Q4,2022,Shift 1 (07:00-19:00),ROM (Run of Mine),SPV-019,Administrasi,Medical Treatment,0,0,1,0,0,0,0,43,476.9,Hujan Ringan,Alat Pelindung Diri Tidak Sesuai,Perbaikan Alat,Selesai,ROM (R-Blok03,
2173,2024-12-13,Friday,12,Q4,2024,Shift 2 (19:00-07:00),Pit-B (Coal Getting),SPV-018,Pumping,Near Miss,1,0,0,0,0,0,0,9,103.2,Hujan Ringan,Human Error,Briefing Safety,Dalam Proses,Pit-B-Blok05,Menunggu spare part
2174,2023-11-15,Wednesday,11,Q4,2023,Shift 1 (07:00-19:00),Stockpile,SPV-006,Grading,Near Miss,1,0,0,0,0,0,0,20,260.6,Cerah,Komunikasi Buruk,Pelatihan Ulang,Selesai,Stockp-Blok04,
2175,2024-08-10,Saturday,8,Q3,2024,Shift 2 (19:00-07:00),Pit-A (Overburden),SPV-019,Survei,Near Miss,1,0,0,0,0,0,0,12,141.4,Hujan Lebat,Faktor Eksternal,Investigasi Lanjut,Selesai,Pit-A-Blok01,Investigasi selesai
2176,2024-08-05,Monday,8,Q3,2024,Shift 1 (07:00-19:00),Drainase,SPV-011,Pengawasan,Near Miss,1,0,0,1,0,0,0,0,159.8,Hujan Ringan,Kelelahan Pekerja,Perbaikan Desain,Dalam Proses,Draina-Blok03,
2177,2024-07-20,Saturday,7,Q3,2024,Shift 1 (07:00-19:00),Pit-A (Overburden),SPV-009,Hauling,Lost Time Injury,0,0,0,1,0,2,0,30,337.8,Berkabut,Peralatan Rusak,Briefing Safety,Belum Dimulai,Pit-A-Blok03,
2178,2022-09-24,Saturday,9,Q3,2022,Shift 2 (19:00-07:00),Pit-C (Hauling),SPV-011,Blasting,Medical Treatment,0,0,1,0,0,0,0,43,446.8,Cerah,Kondisi Cuaca Buruk,Revisi Prosedur,Selesai,Pit-C-Blok05,
2179,2022-03-14,Monday,3,Q1,2022,Shift 1 (07:00-19:00),Drainase,SPV-013,Administrasi,Medical Treatment,0,0,1,0,0,0,0,45,458.1,Cerah,Kelelahan Pekerja,Investigasi Lanjut,Dalam Proses,Draina-Blok01,
2180,2022-01-18,Tuesday,1,Q1,2022,Shift 2 (19:00-07:00),Stockpile,SPV-017,Survei,First Aid,0,1,0,0,0,0,0,40,410.2,Berawan,Human Error,Investigasi Lanjut,Dalam Proses,Stockp-Blok02,Sudah dilaporkan ke HSE Manager
2181,2024-11-19,Tuesday,11,Q4,2024,Shift 2 (19:00-07:00),Office Area,SPV-015,Fueling,Near Miss,1,0,0,0,0,0,0,28,353.9,Cerah,Faktor Eksternal,Investigasi Lanjut,Dalam Proses,Office-Blok03,
2182,2022-10-19,Wednesday,10,Q4,2022,Shift 2 (19:00-07:00),Workshop,SPV-020,Maintenance,Near Miss,1,0,0,0,0,0,0,18,232.9,Hujan Ringan,Komunikasi Buruk,Investigasi Lanjut,Selesai,Worksh-Blok05,Perlu tindak lanjut
2183,2022-02-11,Friday,2,Q1,2022,Shift 2 (19:00-07:00),ROM (Run of Mine),SPV-001,Hauling,Near Miss,1,0,0,0,0,0,0,38,392.2,Hujan Ringan,Housekeeping Buruk,Briefing Safety,Selesai,ROM (R-Blok02,Menunggu spare part
2184,2023-05-04,Thursday,5,Q2,2023,Shift 1 (07:00-19:00),Pit-C (Hauling),SPV-018,Fueling,Medical Treatment,0,0,1,0,0,0,0,12,138.5,Cerah,Peralatan Rusak,Pelatihan Ulang,Selesai,Pit-C-Blok05,
2185,2024-08-17,Saturday,8,Q3,2024,Shift 2 (19:00-07:00),Drainase,SPV-006,Survei,Near Miss,1,0,0,0,0,0,0,23,258.6,Cerah,Peralatan Rusak,Pelatihan Ulang,Belum Dimulai,Draina-Blok05,
2186,2024-01-20,Saturday,1,Q1,2024,Shift 1 (07:00-19:00),Pit-C (Hauling),SPV-019,Blasting,Near Miss,1,0,0,0,0,0,0,25,316.8,Hujan Lebat,Peralatan Rusak,Pelatihan Ulang,Selesai,Pit-C-Blok05,Investigasi selesai
2187,2023-04-15,Saturday,4,Q2,2023,Shift 1 (07:00-19:00),Workshop,SPV-001,Maintenance,First Aid,0,1,0,0,0,0,0,40,447.4,Cerah,Kondisi Cuaca Buruk,Briefing Safety,Overdue,Worksh-Blok05,
2188,2023-06-18,Sunday,6,Q2,2023,Shift 1 (07:00-19:00),Pit-C (Hauling),SPV-005,Dozing,Lost Time Injury,0,0,0,1,0,12,0,37,475.3,Cerah,Kondisi Cuaca Buruk,Perbaikan Alat,Selesai,Pit-C-Blok01,
2189,2022-04-02,Saturday,4,Q2,2022,Shift 2 (19:00-07:00),Pit-A (Overburden),SPV-005,Pumping,Property Damage,0,0,0,0,0,0,1,37,400,Berkabut,Peralatan Rusak,Penggantian APD,Overdue,Pit-A-Blok02,Sudah dilaporkan ke HSE Manager
2190,2022-07-28,Thursday,7,Q3,2022,Shift 1 (07:00-19:00),Drainase,SPV-007,Hauling,First Aid,0,1,0,0,0,0,0,9,100.3,Berawan,Alat Pelindung Diri Tidak Sesuai,Perbaikan Desain,Selesai,Draina-Blok04,
2191,2023-11-14,Tuesday,11,Q4,2023,Shift 2 (19:00-07:00),Pit-A (Overburden),SPV-017,Grading,Lost Time Injury,0,0,0,1,0,11,0,8,82.5,Hujan Ringan,Kondisi Cuaca Buruk,Investigasi Lanjut,Selesai,Pit-A-Blok03,Sudah dilaporkan ke HSE Manager
2192,2022-07-25,Monday,7,Q3,2022,Shift 1 (07:00-19:00),ROM (Run of Mine),SPV-014,Pengawasan,First Aid,0,1,0,0,0,0,0,27,268.2,Berawan,Human Error,Investigasi Lanjut,Selesai,ROM (R-Blok02,
2193,2024-07-09,Tuesday,7,Q3,2024,Shift 2 (19:00-07:00),Pit-B (Coal Getting),SPV-008,Maintenance,Near Miss,1,0,0,0,0,0,0,14,143,Hujan Ringan,Prosedur Tidak Diikuti,Perbaikan Desain,Belum Dimulai,Pit-B-Blok01,
2194,2024-02-03,Saturday,2,Q1,2024,Shift 2 (19:00-07:00),Pit-A (Overburden),SPV-003,Administrasi,Near Miss,1,0,0,0,0,0,0,11,110.9,Hujan Lebat,Faktor Eksternal,Pelatihan Ulang,Selesai,Pit-A-Blok04,
2195,2023-07-18,Tuesday,7,Q3,2023,Shift 2 (19:00-07:00),Pit-B (Coal Getting),SPV-001,Grading,First Aid,0,1,0,0,0,0,0,42,507.7,Berawan,Housekeeping Buruk,Pelatihan Ulang,Selesai,Pit-B-Blok04,
2196,2023-09-05,Tuesday,9,Q3,2023,Shift 1 (07:00-19:00),Workshop,SPV-011,Administrasi,Environmental Spill,0,0,0,0,0,0,0,29,383.1,Cerah,Kelelahan Pekerja,Briefing Safety,Belum Dimulai,Worksh-Blok05,
2197,2024-10-03,Thursday,10,Q4,2024,Shift 2 (19:00-07:00),Stockpile,SPV-015,Administrasi,First Aid,0,1,0,0,0,0,0,36,442.9,Berawan,Human Error,Pelatihan Ulang,Selesai,Stockp-Blok03,Investigasi selesai
2198,2024-05-06,Monday,5,Q2,2024,Shift 1 (07:00-19:00),ROM (Run of Mine),SPV-010,Pumping,First Aid,0,1,0,0,0,0,0,44,545.6,Cerah,Alat Pelindung Diri Tidak Sesuai,Pelatihan Ulang,Dalam Proses,ROM (R-Blok01,Menunggu spare part
2199,2023-09-14,Thursday,9,Q3,2023,Shift 1 (07:00-19:00),Pit-A (Overburden),SPV-018,Pengawasan,First Aid,0,1,0,0,0,0,0,41,415.3,Hujan Ringan,Komunikasi Buruk,Perbaikan Desain,Selesai,Pit-A-Blok02,
2200,2023-05-09,Tuesday,5,Q2,2023,Shift 1 (07:00-19:00),Pit-A (Overburden),SPV-005,Dozing,Environmental Spill,0,0,0,0,0,0,0,37,418,Hujan Ringan,Peralatan Rusak,Perbaikan Alat,Dalam Proses,Pit-A-Blok01,Menunggu spare part
2201,2023-07-28,Friday,7,Q3,2023,Shift 2 (19:00-07:00),Pit-B (Coal Getting),SPV-011,Pengawasan,First Aid,0,1,0,0,0,0,0,11,140,Cerah,Kelelahan Pekerja,Revisi Prosedur,Belum Dimulai,Pit-B-Blok03,Investigasi selesai
2202,2024-07-23,Tuesday,7,Q3,2024,Shift 1 (07:00-19:00),Workshop,SPV-002,Grading,Lost Time Injury,0,0,0,1,0,7,0,37,422.5,Cerah,Housekeeping Buruk,Pelatihan Ulang,Selesai,Worksh-Blok05,
2203,2023-11-12,Sunday,11,Q4,2023,Shift 2 (19:00-07:00),Workshop,SPV-004,Drilling,Near Miss,1,0,0,0,0,0,0,43,452.5,Berawan,Prosedur Tidak Diikuti,Revisi Prosedur,Dalam Proses,Worksh-Blok02,Menunggu spare part
2204,2023-04-29,Saturday,4,Q2,2023,Shift 2 (19:00-07:00),Pit-B (Coal Getting),SPV-001,Hauling,Near Miss,1,0,0,0,0,0,0,12,132.1,Berawan,Peralatan Rusak,Pelatihan Ulang,Belum Dimulai,Pit-B-Blok02,Sudah dilaporkan ke HSE Manager
2205,2023-09-16,Saturday,9,Q3,2023,Shift 1 (07:00-19:00),Workshop,SPV-006,Blasting,Medical Treatment,0,0,1,0,0,0,0,26,342.4,Cerah,Housekeeping Buruk,Perbaikan Alat,Selesai,Worksh-Blok05,Perlu tindak lanjut
2206,2023-01-28,Saturday,1,Q1,2023,Shift 1 (07:00-19:00),Pit-A (Overburden),SPV-005,Survei,Near Miss,1,0,0,0,0,0,0,36,459.5,Cerah,Desain/Engineering,Briefing Safety,Overdue,Pit-A-Blok04,
2207,2022-11-01,Tuesday,11,Q4,2022,Shift 1 (07:00-19:00),Pit-C (Hauling),SPV-005,Maintenance,Medical Treatment,0,0,1,0,0,0,0,12,134.7,Berawan,Human Error,Revisi Prosedur,Selesai,Pit-C-Blok02,Perlu tindak lanjut
2208,2022-04-08,Friday,4,Q2,2022,Shift 2 (19:00-07:00),Pit-C (Hauling),SPV-020,Dozing,First Aid,0,1,0,0,0,0,0,44,480.3,Hujan Lebat,Housekeeping Buruk,Investigasi Lanjut,Selesai,Pit-C-Blok03,
2209,2022-10-26,Wednesday,10,Q4,2022,Shift 2 (19:00-07:00),Pit-B (Coal Getting),SPV-011,Blasting,Near Miss,1,0,0,0,0,0,0,23,231.8,Cerah,Faktor Eksternal,Investigasi Lanjut,Overdue,Pit-B-Blok01,
2210,2023-11-27,Monday,11,Q4,2023,Shift 2 (19:00-07:00),Pit-C (Hauling),SPV-017,Dozing,Near Miss,1,0,0,0,0,0,0,42,441.1,,Alat Pelindung Diri Tidak Sesuai,Pelatihan Ulang,Selesai,Pit-C-Blok05,Menunggu spare part
2211,2023-04-15,Saturday,4,Q2,2023,Shift 1 (07:00-19:00),Pit-B (Coal Getting),SPV-010,Fueling,First Aid,0,1,0,0,0,0,0,30,295.1,Berkabut,Komunikasi Buruk,Revisi Prosedur,Selesai,Pit-B-Blok03,Investigasi selesai
2212,2024-12-13,Friday,12,Q4,2024,Shift 1 (07:00-19:00),ROM (Run of Mine),SPV-009,Pengawasan,Near Miss,1,0,0,0,0,0,0,16,200.2,Hujan Lebat,Kondisi Cuaca Buruk,Perbaikan Desain,Dalam Proses,ROM (R-Blok03,
2213,2023-05-06,Saturday,5,Q2,2023,Shift 1 (07:00-19:00),Pit-A (Overburden),SPV-001,Loading,Near Miss,1,0,0,0,0,0,0,35,449.9,Cerah,Prosedur Tidak Diikuti,Revisi Prosedur,Selesai,Pit-A-Blok01,
2214,2023-03-12,Sunday,3,Q1,2023,Shift 2 (19:00-07:00),Drainase,SPV-001,Administrasi,Near Miss,1,0,0,0,0,0,0,24,256.9,Berawan,Kondisi Cuaca Buruk,Investigasi Lanjut,Selesai,Draina-Blok03,
2215,2024-06-09,Sunday,6,Q2,2024,Shift 2 (19:00-07:00),Pit-A (Overburden),SPV-011,Fueling,Near Miss,1,0,0,0,0,0,0,30,325.8,Cerah,Housekeeping Buruk,Revisi Prosedur,Dalam Proses,Pit-A-Blok04,Perlu tindak lanjut
2216,2023-03-12,Sunday,3,Q1,2023,Shift 1 (07:00-19:00),PIT-B,SPV-014,Dozing,First Aid,0,1,0,0,0,0,0,11,125.6,Berawan,Kondisi Cuaca Buruk,Penggantian APD,Selesai,Worksh-Blok05,
2217,2023-04-20,Thursday,4,Q2,2023,Shift 1 (07:00-19:00),Workshop,SPV-017,Fueling,First Aid,0,1,0,0,0,0,0,18,218.4,Cerah,Desain/Engineering,Investigasi Lanjut,Dalam Proses,Worksh-Blok02,Menunggu spare part
2218,2023-08-24,Thursday,8,Q3,2023,Shift 2 (19:00-07:00),Pit-B (Coal Getting),SPV-008,Pengawasan,Near Miss,1,0,0,0,0,0,0,13,136.6,Cerah,Prosedur Tidak Diikuti,Pelatihan Ulang,Dalam Proses,Pit-B-Blok04,
2219,2024-07-06,Saturday,7,Q3,2024,Shift 2 (19:00-07:00),Pit-A (Overburden),SPV-006,Pengawasan,Near Miss,1,0,0,0,0,0,0,8,105.5,Cerah,Desain/Engineering,Perbaikan Alat,Dalam Proses,Pit-A-Blok03,
2220,2022-12-31,Saturday,12,Q4,2022,Shift 1 (07:00-19:00),ROM (Run of Mine),SPV-007,Pengawasan,Near Miss,1,0,0,0,0,0,0,37,445,Berawan,Kondisi Cuaca Buruk,Investigasi Lanjut,Belum Dimulai,ROM (R-Blok05,
2221,2022-03-03,Thursday,3,Q1,2022,Shift 1 (07:00-19:00),ROM (Run of Mine),SPV-019,Administrasi,Lost Time Injury,0,0,0,1,0,13,0,25,281.1,Berkabut,Kelelahan Pekerja,Investigasi Lanjut,Selesai,ROM (R-Blok02,Perlu tindak lanjut
2222,2024-12-21,Saturday,12,Q4,2024,Shift 2 (19:00-07:00),Pit-B (Coal Getting),SPV-014,Administrasi,Near Miss,1,0,0,0,0,0,0,37,450.3,Berkabut,Prosedur Tidak Diikuti,Pelatihan Ulang,Dalam Proses,Pit-B-Blok01,
2223,2022-12-16,Friday,12,Q4,2022,Shift 2 (19:00-07:00),Pit-C (Hauling),SPV-017,Grading,Near Miss,1,0,0,0,0,0,0,15,151.4,Hujan Ringan,Human Error,Perbaikan Desain,Dalam Proses,Pit-C-Blok01,
2224,2022-10-20,Thursday,10,Q4,2022,Shift 2 (19:00-07:00),Pit-C (Hauling),SPV-012,Survei,Near Miss,1,0,0,0,0,0,0,34,349.1,Cerah,Alat Pelindung Diri Tidak Sesuai,Pelatihan Ulang,Dalam Proses,Pit-C-Blok01,Sudah dilaporkan ke HSE Manager
2225,2024-11-13,Wednesday,11,Q4,2024,Shift 2 (19:00-07:00),Pit-C (Hauling),SPV-020,Hauling,First Aid,0,1,0,0,0,0,0,15,176,Berawan,Human Error,Penggantian APD,Belum Dimulai,Pit-C-Blok03,Perlu tindak lanjut
2226,2022-04-20,Wednesday,4,Q2,2022,Shift 1 (07:00-19:00),Pit-B (Coal Getting),SPV-016,Fueling,Near Miss,1,0,0,0,0,0,0,31,402.8,Berawan,Komunikasi Buruk,Investigasi Lanjut,Selesai,Pit-B-Blok04,
2227,2022-02-03,Thursday,2,Q1,2022,Shift 1 (07:00-19:00),ROM (Run of Mine),SPV-010,Pengawasan,Near Miss,1,0,0,0,0,0,0,25,279.7,Cerah,Human Error,Revisi Prosedur,Dalam Proses,ROM (R-Blok03,
2228,2022-06-14,Tuesday,6,Q2,2022,Shift 1 (07:00-19:00),Pit-C (Hauling),SPV-009,Drilling,Near Miss,1,0,0,0,0,0,0,44,549.4,Cerah,Alat Pelindung Diri Tidak Sesuai,Briefing Safety,Selesai,Pit-C-Blok05,
2229,2024-07-31,Wednesday,7,Q3,2024,Shift 2 (19:00-07:00),Pit-B (Coal Getting),SPV-012,Maintenance,Near Miss,1,0,0,0,0,0,0,11,144.9,Berawan,Desain/Engineering,Perbaikan Alat,Dalam Proses,Pit-B-Blok02,Menunggu spare part
2230,2024-07-05,Friday,7,Q3,2024,Shift 1 (07:00-19:00),Pit-B (Coal Getting),SPV-006,Loading,Near Miss,1,0,0,0,0,0,0,35,381.6,Cerah,Faktor Eksternal,Briefing Safety,Dalam Proses,Pit-B-Blok02,
2231,2024-10-29,Tuesday,10,Q4,2024,Shift 1 (07:00-19:00),Workshop,SPV-018,Pumping,Property Damage,0,0,0,0,0,0,1,18,179.2,Hujan Ringan,Alat Pelindung Diri Tidak Sesuai,Perbaikan Alat,Selesai,Worksh-Blok05,
2232,2022-06-14,Tuesday,6,Q2,2022,Shift 1 (07:00-19:00),Pit-B (Coal Getting),SPV-013,Drilling,Medical Treatment,0,0,1,0,0,0,0,18,234.3,Cerah,Kondisi Cuaca Buruk,Briefing Safety,Dalam Proses,Pit-B-Blok02,Perlu tindak lanjut
2233,2023-07-09,Sunday,7,Q3,2023,Shift 2 (19:00-07:00),Drainase,SPV-006,Survei,Near Miss,1,0,0,0,0,0,0,23,300.3,Berkabut,Prosedur Tidak Diikuti,Briefing Safety,Selesai,Draina-Blok02,Sudah dilaporkan ke HSE Manager
2234,2024-07-16,Tuesday,7,Q3,2024,Shift 1 (07:00-19:00),Workshop,SPV-013,Pumping,First Aid,0,1,0,0,0,0,0,20,234.9,Cerah,Human Error,Revisi Prosedur,Dalam Proses,Worksh-Blok04,
2235,2024-02-24,Saturday,2,Q1,2024,Shift 1 (07:00-19:00),Workshop,SPV-002,Pumping,First Aid,0,1,0,0,0,0,0,9,104.1,Cerah,Prosedur Tidak Diikuti,Penggantian APD,Selesai,Worksh-Blok05,Menunggu spare part
2236,2022-08-31,Wednesday,8,Q3,2022,Shift 1 (07:00-19:00),Pit-A (Overburden),SPV-003,Maintenance,Near Miss,1,0,0,0,0,0,0,12,149.2,Hujan Lebat,Human Error,Penggantian APD,Selesai,Pit-A-Blok01,
2237,2024-05-21,Tuesday,5,Q2,2024,Shift 2 (19:00-07:00),Pit-A (Overburden),SPV-018,Administrasi,Near Miss,1,0,0,0,0,0,0,24,263,Berawan,Desain/Engineering,Pelatihan Ulang,Selesai,Pit-A-Blok03,Investigasi selesai
2238,2023-06-05,Monday,6,Q2,2023,Shift 2 (19:00-07:00),Pit-A (Overburden),SPV-015,Loading,Near Miss,1,0,0,0,0,0,0,16,171.6,Cerah,Human Error,Investigasi Lanjut,Selesai,Pit-A-Blok01,
2239,2024-01-18,Thursday,1,Q1,2024,Shift 1 (07:00-19:00),Pit-B (Coal Getting),SPV-018,Blasting,Near Miss,1,0,0,0,0,0,0,17,185.5,Cerah,Komunikasi Buruk,Briefing Safety,Selesai,Pit-B-Blok04,Investigasi selesai
2240,2022-12-25,Sunday,12,Q4,2022,Shift 1 (07:00-19:00),Pit-C (Hauling),SPV-018,Survei,Near Miss,1,0,0,0,0,0,0,44,528.8,Hujan Ringan,Human Error,Perbaikan Alat,Selesai,Pit-C-Blok05,
2241,2023-09-21,Thursday,9,Q3,2023,Shift 2 (19:00-07:00),Workshop,SPV-004,Survei,Medical Treatment,0,0,1,0,0,0,0,32,344.4,Berkabut,Desain/Engineering,Revisi Prosedur,Selesai,Worksh-Blok01,Menunggu spare part
2242,2022-01-17,Monday,1,Q1,2022,Shift 1 (07:00-19:00),ROM (Run of Mine),SPV-003,Loading,Medical Treatment,0,0,1,0,0,0,0,13,138.9,Cerah,Human Error,Pelatihan Ulang,Selesai,ROM (R-Blok03,Investigasi selesai
2243,2024-07-26,Friday,7,Q3,2024,Shift 1 (07:00-19:00),Pit-B (Coal Getting),SPV-019,Grading,First Aid,0,1,0,0,0,0,0,45,507.4,Cerah,Prosedur Tidak Diikuti,Revisi Prosedur,Dalam Proses,Pit-B-Blok05,Investigasi selesai
2244,2024-06-04,Tuesday,6,Q2,2024,Shift 2 (19:00-07:00),Pit-B (Coal Getting),SPV-014,Hauling,First Aid,0,1,0,0,0,0,0,11,119.5,Hujan Ringan,Housekeeping Buruk,Investigasi Lanjut,Selesai,Pit-B-Blok02,
2245,2024-09-10,Tuesday,9,Q3,2024,Shift 1 (07:00-19:00),Drainase,SPV-002,Drilling,Medical Treatment,0,0,1,0,0,0,0,9,104.8,Hujan Lebat,Kondisi Cuaca Buruk,Perbaikan Alat,Selesai,Draina-Blok02,
2246,2023-02-07,Tuesday,2,Q1,2023,Shift 2 (19:00-07:00),ROM (Run of Mine),SPV-011,Hauling,First Aid,0,1,0,0,0,0,0,43,449.6,,Faktor Eksternal,Perbaikan Desain,Belum Dimulai,ROM (R-Blok02,Sudah dilaporkan ke HSE Manager
2247,2023-10-01,Sunday,10,Q4,2023,Shift 2 (19:00-07:00),Workshop,SPV-002,Fueling,First Aid,0,1,0,0,0,0,0,41,519,Berawan,Kelelahan Pekerja,Pelatihan Ulang,Selesai,Worksh-Blok04,
2248,2023-04-02,Sunday,4,Q2,2023,Shift 2 (19:00-07:00),Pit-A (Overburden),SPV-017,Maintenance,Near Miss,1,0,0,0,0,0,0,22,239.2,Cerah,Human Error,Revisi Prosedur,Dalam Proses,Pit-A-Blok03,
2249,2024-07-11,Thursday,7,Q3,2024,Shift 2 (19:00-07:00),Pit-B (Coal Getting),SPV-014,Blasting,Near Miss,1,0,0,0,0,0,0,36,399.3,Cerah,Komunikasi Buruk,Investigasi Lanjut,Dalam Proses,Pit-B-Blok04,
2250,2024-02-19,Monday,2,Q1,2024,Shift 1 (07:00-19:00),Pit-C (Hauling),SPV-010,Loading,Near Miss,1,0,0,0,0,0,0,32,406.9,Berawan,Alat Pelindung Diri Tidak Sesuai,Pelatihan Ulang,Dalam Proses,Pit-C-Blok02,
2251,2022-10-02,Sunday,10,Q4,2022,Shift 1 (07:00-19:00),Workshop,SPV-018,Dozing,Near Miss,1,0,0,0,0,0,0,30,323.1,Berkabut,Kondisi Cuaca Buruk,Briefing Safety,Selesai,Worksh-Blok03,Perlu tindak lanjut
2252,2022-10-25,Tuesday,10,Q4,2022,Shift 2 (19:00-07:00),Office Area,SPV-019,Hauling,Lost Time Injury,0,0,0,1,0,4,0,31,309.4,Cerah,Komunikasi Buruk,Investigasi Lanjut,Selesai,Office-Blok05,Sudah dilaporkan ke HSE Manager
2253,2022-06-21,Tuesday,6,Q2,2022,Shift 1 (07:00-19:00),Pit-C (Hauling),SPV-008,Pengawasan,Near Miss,1,0,0,0,0,0,0,11,135.8,Berawan,Desain/Engineering,Perbaikan Alat,Overdue,Pit-C-Blok02,Sudah dilaporkan ke HSE Manager
2254,2023-09-03,Sunday,9,Q3,2023,Shift 1 (07:00-19:00),Pit-C (Hauling),SPV-002,Pengawasan,Near Miss,1,0,0,0,0,0,0,45,504.7,Cerah,Desain/Engineering,Perbaikan Desain,Selesai,Pit-C-Blok04,Investigasi selesai
2255,2023-11-03,Friday,11,Q4,2023,Shift 1 (07:00-19:00),Stockpile,SPV-014,Administrasi,Environmental Spill,0,0,0,0,0,0,0,40,476.1,Cerah,Peralatan Rusak,Pelatihan Ulang,Belum Dimulai,Stockp-Blok01,
2256,2022-12-04,Sunday,12,Q4,2022,Shift 1 (07:00-19:00),Office Area,SPV-006,Maintenance,Medical Treatment,0,0,1,0,0,0,0,31,401.9,Cerah,Housekeeping Buruk,Penggantian APD,Dalam Proses,Office-Blok05,Investigasi selesai
2257,2022-09-07,Wednesday,9,Q3,2022,Shift 1 (07:00-19:00),Workshop,SPV-007,Grading,Medical Treatment,0,0,1,0,0,0,0,8,82.3,Cerah,Komunikasi Buruk,Pelatihan Ulang,Selesai,Worksh-Blok05,
2258,2022-02-20,Sunday,2,Q1,2022,Shift 2 (19:00-07:00),Pit-C (Hauling),SPV-014,Fueling,First Aid,0,1,0,0,0,0,0,31,358.8,Berkabut,Kondisi Cuaca Buruk,Perbaikan Desain,Selesai,Pit-C-Blok05,Sudah dilaporkan ke HSE Manager
2259,2022-06-23,Thursday,6,Q2,2022,Shift 1 (07:00-19:00),Workshop,SPV-007,Pengawasan,Near Miss,1,0,0,0,0,0,0,26,337.3,Berawan,Human Error,Revisi Prosedur,Selesai,Worksh-Blok04,Sudah dilaporkan ke HSE Manager
2260,2023-10-26,Thursday,10,Q4,2023,Shift 1 (07:00-19:00),Pit-A (Overburden),SPV-016,Fueling,Near Miss,1,0,0,0,0,0,0,15,183.2,Cerah,Alat Pelindung Diri Tidak Sesuai,Revisi Prosedur,Selesai,Pit-A-Blok04,
2261,2024-12-20,Friday,12,Q4,2024,Shift 1 (07:00-19:00),Pit-B (Coal Getting),SPV-007,Survei,Near Miss,1,0,0,0,0,0,0,29,337.6,Cerah,Kelelahan Pekerja,Revisi Prosedur,Selesai,Pit-B-Blok05,Investigasi selesai
2262,2022-02-11,Friday,2,Q1,2022,Shift 1 (07:00-19:00),Pit-B (Coal Getting),SPV-001,Administrasi,First Aid,0,1,0,0,0,0,0,10,98.5,Cerah,Peralatan Rusak,Penggantian APD,Selesai,Pit-B-Blok02,
2263,2024-05-09,Thursday,5,Q2,2024,Shift 2 (19:00-07:00),Pit-B (Coal Getting),SPV-005,Pumping,Near Miss,1,0,0,0,0,0,0,21,252,Berawan,Human Error,Perbaikan Alat,Selesai,Pit-B-Blok02,Sudah dilaporkan ke HSE Manager
2264,2022-11-02,Wednesday,11,Q4,2022,Shift 1 (07:00-19:00),Office Area,SPV-012,Grading,Lost Time Injury,0,0,0,1,0,14,0,33,352.5,Hujan Ringan,Prosedur Tidak Diikuti,Perbaikan Desain,Selesai,Office-Blok04,Perlu tindak lanjut
2265,2023-10-28,Saturday,10,Q4,2023,Shift 1 (07:00-19:00),Workshop,SPV-003,Loading,Medical Treatment,0,0,1,0,0,0,0,45,474.9,Cerah,Desain/Engineering,Pelatihan Ulang,Selesai,Worksh-Blok01,
2266,2022-01-06,Thursday,1,Q1,2022,Shift 2 (19:00-07:00),Pit-B (Coal Getting),SPV-002,Blasting,First Aid,0,1,0,0,0,0,0,15,164.2,Cerah,Prosedur Tidak Diikuti,Penggantian APD,Selesai,Pit-B-Blok03,
2267,2022-04-28,Thursday,4,Q2,2022,Shift 1 (07:00-19:00),Workshop,SPV-019,Loading,Near Miss,1,0,0,0,0,0,0,37,467.9,Berawan,Desain/Engineering,Revisi Prosedur,Dalam Proses,Worksh-Blok05,Sudah dilaporkan ke HSE Manager
2268,2023-03-13,Monday,3,Q1,2023,Shift 2 (19:00-07:00),Stockpile,SPV-013,Hauling,Near Miss,1,0,0,0,0,0,0,31,399.1,Berawan,Kelelahan Pekerja,Investigasi Lanjut,Selesai,Stockp-Blok04,Sudah dilaporkan ke HSE Manager
2269,2023-04-28,Friday,4,Q2,2023,Shift 1 (07:00-19:00),ROM (Run of Mine),SPV-007,Loading,Medical Treatment,0,0,1,0,0,0,0,21,210.1,Cerah,Komunikasi Buruk,Investigasi Lanjut,Selesai,ROM (R-Blok03,
2270,2023-08-06,Sunday,8,Q3,2023,Shift 1 (07:00-19:00),Pit-A (Overburden),SPV-018,Dozing,First Aid,0,1,0,0,0,0,0,35,361.4,Berawan,Faktor Eksternal,Perbaikan Desain,Selesai,Pit-A-Blok01,
2271,2024-10-30,Wednesday,10,Q4,2024,Shift 1 (07:00-19:00),ROM (Run of Mine),SPV-003,Grading,Medical Treatment,0,0,1,0,0,0,0,42,419.1,Berkabut,Human Error,Perbaikan Desain,Selesai,ROM (R-Blok05,
2272,2024-10-30,Wednesday,10,Q4,2024,Shift 1 (07:00-19:00),ROM (Run of Mine),SPV-009,Maintenance,Near Miss,1,0,0,0,0,0,0,24,235.9,Berawan,Faktor Eksternal,Briefing Safety,Selesai,ROM (R-Blok01,
2273,2024-09-28,Saturday,9,Q3,2024,Shift 2 (19:00-07:00),Pit-A (Overburden),SPV-004,Blasting,Near Miss,1,0,0,0,0,0,0,30,296,Hujan Lebat,Komunikasi Buruk,Pelatihan Ulang,Selesai,Pit-A-Blok01,
2274,2023-09-29,Friday,9,Q3,2023,Shift 2 (19:00-07:00),Pit-B (Coal Getting),SPV-011,Maintenance,Medical Treatment,0,0,1,0,0,0,0,41,436.1,Hujan Lebat,Human Error,Revisi Prosedur,Dalam Proses,Pit-B-Blok01,
2275,2024-08-12,Monday,8,Q3,2024,Shift 2 (19:00-07:00),Pit-C (Hauling),SPV-020,Administrasi,Property Damage,0,0,0,0,0,0,1,36,416.9,Hujan Ringan,Alat Pelindung Diri Tidak Sesuai,Pelatihan Ulang,Selesai,Pit-C-Blok03,
2276,2023-11-17,Friday,11,Q4,2023,Shift 2 (19:00-07:00),Pit-A (Overburden),SPV-015,Grading,Near Miss,1,0,0,0,0,0,0,16,-12,Berkabut,Kondisi Cuaca Buruk,Penggantian APD,Belum Dimulai,Pit-A-Blok02,
2277,2022-12-17,Saturday,12,Q4,2022,Shift 2 (19:00-07:00),Pit-B (Coal Getting),SPV-003,Dozing,Medical Treatment,0,0,1,0,0,0,0,35,399.5,Hujan Lebat,Housekeeping Buruk,Briefing Safety,Belum Dimulai,Pit-B-Blok01,
2278,2024-06-28,Friday,6,Q2,2024,Shift 1 (07:00-19:00),Pit-C (Hauling),SPV-020,Blasting,First Aid,0,1,0,0,0,0,0,26,262,Cerah,Faktor Eksternal,Revisi Prosedur,Selesai,Pit-C-Blok01,Perlu tindak lanjut
2279,2023-01-04,Wednesday,1,Q1,2023,Shift 1 (07:00-19:00),ROM (Run of Mine),SPV-002,Blasting,Near Miss,1,0,0,0,0,0,0,17,198.1,Berkabut,Komunikasi Buruk,Revisi Prosedur,Belum Dimulai,ROM (R-Blok01,Perlu tindak lanjut
2280,2022-07-23,Saturday,7,Q3,2022,S2,Pit-B (Coal Getting),SPV-017,Drilling,Near Miss,1,0,0,0,0,0,0,11,132,Cerah,Faktor Eksternal,Investigasi Lanjut,Overdue,Pit-B-Blok02,Investigasi selesai
2281,2024-01-03,Wednesday,1,Q1,2024,Shift 2 (19:00-07:00),ROM (Run of Mine),SPV-013,Hauling,Medical Treatment,0,0,1,0,0,0,0,19,247.9,Berkabut,Faktor Eksternal,Pelatihan Ulang,Selesai,ROM (R-Blok02,
2282,2022-05-20,Friday,5,Q2,2022,Shift 2 (19:00-07:00),Stockpile,SPV-007,Blasting,Medical Treatment,0,0,1,0,0,0,0,25,298.3,Berkabut,Prosedur Tidak Diikuti,Investigasi Lanjut,Dalam Proses,Stockp-Blok05,Menunggu spare part
2283,2022-07-30,Saturday,7,Q3,2022,Shift 2 (19:00-07:00),Stockpile,SPV-001,Maintenance,Near Miss,1,0,0,0,0,0,0,21,236.2,Berkabut,Kondisi Cuaca Buruk,Perbaikan Desain,Belum Dimulai,Stockp-Blok01,Sudah dilaporkan ke HSE Manager
2284,2023-06-30,Friday,6,Q2,2023,Shift 2 (19:00-07:00),Pit-B (Coal Getting),SPV-013,Dozing,Near Miss,1,0,0,0,0,0,0,29,379.1,Hujan Lebat,Faktor Eksternal,Revisi Prosedur,Selesai,Pit-B-Blok05,
2285,2023-02-22,Wednesday,2,Q1,2023,Shift 1 (07:00-19:00),Pit-B (Coal Getting),SPV-014,Loading,Near Miss,1,0,0,0,0,0,0,24,295.8,Hujan Ringan,Komunikasi Buruk,Perbaikan Alat,Selesai,Pit-B-Blok01,Menunggu spare part
2286,2024-11-02,Saturday,11,Q4,2024,Shift 2 (19:00-07:00),Pit-B (Coal Getting),SPV-007,Administrasi,First Aid,0,1,0,0,0,0,0,20,205.9,Berawan,Kelelahan Pekerja,Briefing Safety,Selesai,Pit-B-Blok03,
2287,2024-01-03,Wednesday,1,Q1,2024,Shift 1 (07:00-19:00),Office Area,SPV-006,Maintenance,Near Miss,1,0,0,0,0,0,0,34,438.9,Hujan Lebat,Desain/Engineering,Perbaikan Alat,Selesai,Office-Blok01,
2288,2024-01-04,Thursday,1,Q1,2024,Shift 2 (19:00-07:00),Pit-A (Overburden),SPV-018,Grading,Near Miss,1,0,0,0,0,0,0,32,414,Hujan Ringan,Komunikasi Buruk,Briefing Safety,Selesai,Pit-A-Blok03,Perlu tindak lanjut
2289,2024-05-04,Saturday,5,Q2,2024,Shift 1 (07:00-19:00),Pit-C (Hauling),SPV-006,Pumping,Property Damage,0,0,0,0,0,0,1,36,420.7,Cerah,Alat Pelindung Diri Tidak Sesuai,Penggantian APD,Selesai,Pit-C-Blok02,
2290,2022-05-29,Sunday,5,Q2,2022,Shift 2 (19:00-07:00),ROM (Run of Mine),SPV-014,Grading,First Aid,0,1,0,0,0,0,0,30,329,Cerah,Housekeeping Buruk,Perbaikan Desain,Selesai,ROM (R-Blok02,
2291,2024-11-18,Monday,11,Q4,2024,Shift 2 (19:00-07:00),Pit-A (Overburden),SPV-016,Blasting,Near Miss,1,0,0,0,0,0,0,28,304.9,Hujan Lebat,Kondisi Cuaca Buruk,Revisi Prosedur,Selesai,Pit-A-Blok04,
2292,2023-06-12,Monday,6,Q2,2023,Shift 2 (19:00-07:00),Office Area,SPV-001,Administrasi,Medical Treatment,0,0,1,0,0,0,0,43,438.6,Cerah,Prosedur Tidak Diikuti,Perbaikan Alat,Dalam Proses,Office-Blok03,
2293,2023-10-29,Sunday,10,Q4,2023,Shift 1 (07:00-19:00),ROM (Run of Mine),SPV-015,Drilling,First Aid,0,1,0,0,0,0,0,45,567.4,Cerah,Desain/Engineering,Briefing Safety,Dalam Proses,ROM (R-Blok02,Sudah dilaporkan ke HSE Manager
2294,2022-08-14,Sunday,8,Q3,2022,Shift 2 (19:00-07:00),Stockpile,SPV-019,Drilling,Medical Treatment,0,0,1,0,0,0,0,16,161.9,Berawan,Kondisi Cuaca Buruk,Penggantian APD,Overdue,Stockp-Blok01,Investigasi selesai
2295,2024-07-21,Sunday,7,Q3,2024,Shift 2 (19:00-07:00),Pit-C (Hauling),SPV-003,Blasting,Medical Treatment,0,0,1,0,0,0,0,36,453.7,Berawan,Human Error,Perbaikan Desain,Selesai,Pit-C-Blok04,Perlu tindak lanjut
2296,2023-05-12,Friday,5,Q2,2023,Shift 1 (07:00-19:00),Pit-C (Hauling),SPV-016,Maintenance,Environmental Spill,0,0,0,0,0,0,0,12,152.2,Cerah,Kelelahan Pekerja,Briefing Safety,Overdue,Pit-C-Blok03,
2297,2024-09-18,Wednesday,9,Q3,2024,Shift 1 (07:00-19:00),Stockpile,SPV-011,Pengawasan,Near Miss,1,0,0,0,0,0,0,34,360.3,Cerah,Human Error,Penggantian APD,Selesai,Stockp-Blok01,Menunggu spare part
2298,2023-01-30,Monday,1,Q1,2023,Shift 2 (19:00-07:00),ROM (Run of Mine),SPV-007,Pumping,Near Miss,1,0,0,0,0,0,0,19,195.1,Cerah,Peralatan Rusak,Penggantian APD,Selesai,ROM (R-Blok01,
2299,2023-12-30,Saturday,12,Q4,2023,Shift 2 (19:00-07:00),ROM (Run of Mine),SPV-015,Pumping,Medical Treatment,0,0,1,0,0,0,0,35,386.8,Cerah,Peralatan Rusak,Perbaikan Desain,Selesai,ROM (R-Blok03,
2300,2024-06-03,Monday,6,Q2,2024,Shift 2 (19:00-07:00),Pit-C (Hauling),SPV-016,Loading,Near Miss,1,0,0,0,0,0,0,13,135.2,Berawan,Komunikasi Buruk,Revisi Prosedur,Dalam Proses,Pit-C-Blok04,
2301,2023-02-20,Monday,2,Q1,2023,Shift 2 (19:00-07:00),Pit-A (Overburden),SPV-016,Maintenance,Lost Time Injury,0,0,0,1,0,1,0,35,452.9,Hujan Ringan,Kondisi Cuaca Buruk,Revisi Prosedur,Selesai,Pit-A-Blok05,
2302,2023-03-20,Monday,3,Q1,2023,Shift 1 (07:00-19:00),Pit-C (Hauling),SPV-010,Dozing,Medical Treatment,0,0,1,0,0,0,0,38,389.7,Hujan Lebat,Prosedur Tidak Diikuti,Perbaikan Alat,Overdue,Pit-C-Blok02,
2303,2024-09-16,Monday,9,Q3,2024,Shift 2 (19:00-07:00),Pit-C (Hauling),SPV-007,Loading,Near Miss,1,0,0,0,0,0,0,19,218.1,Berawan,Faktor Eksternal,Perbaikan Desain,Overdue,Pit-C-Blok05,Menunggu spare part
2304,2023-02-16,Thursday,2,Q1,2023,Shift 2 (19:00-07:00),Pit-A (Overburden),SPV-009,Maintenance,Medical Treatment,0,0,1,0,0,0,0,21,273.5,Berawan,Peralatan Rusak,Perbaikan Desain,Selesai,Pit-A-Blok04,
2305,2023-11-14,Tuesday,11,Q4,2023,Shift 2 (19:00-07:00),Pit-B (Coal Getting),SPV-010,Maintenance,Near Miss,1,0,0,0,0,0,0,33,331.8,Berawan,Peralatan Rusak,Perbaikan Desain,Selesai,Pit-B-Blok05,
2306,2022-03-07,Monday,3,Q1,2022,Shift 2 (19:00-07:00),Pit-A (Overburden),SPV-005,Maintenance,First Aid,0,1,0,0,0,0,0,40,438,Cerah,Desain/Engineering,Revisi Prosedur,Selesai,Pit-A-Blok04,
2307,2024-10-24,Thursday,10,Q4,2024,Shift 1 (07:00-19:00),Office Area,SPV-011,Loading,Near Miss,1,0,0,0,0,0,0,15,157.2,Cerah,Komunikasi Buruk,Briefing Safety,Dalam Proses,Office-Blok01,
2308,2022-08-23,Tuesday,8,Q3,2022,Shift 1 (07:00-19:00),Office Area,SPV-011,Dozing,Near Miss,1,0,0,0,0,0,0,34,395.1,Berawan,Peralatan Rusak,Penggantian APD,Selesai,Office-Blok05,
2309,2023-08-17,Thursday,8,Q3,2023,Shift 1 (07:00-19:00),Drainase,SPV-020,Dozing,Medical Treatment,0,0,1,0,0,0,0,35,363.6,Berawan,Kelelahan Pekerja,Perbaikan Alat,Selesai,Draina-Blok03,
2310,2022-10-15,Saturday,10,Q4,2022,Shift 2 (19:00-07:00),Pit-B (Coal Getting),SPV-011,Fueling,First Aid,0,1,0,0,0,0,0,15,188.2,Cerah,Faktor Eksternal,Pelatihan Ulang,Selesai,Pit-B-Blok03,
2311,2023-05-07,Sunday,5,Q2,2023,Shift 1 (07:00-19:00),Workshop,SPV-005,Loading,Lost Time Injury,0,0,0,1,0,8,0,34,380.2,Cerah,Housekeeping Buruk,Perbaikan Alat,Selesai,Worksh-Blok04,Perlu tindak lanjut
2312,2023-01-05,Thursday,1,Q1,2023,Shift 1 (07:00-19:00),Pit-C (Hauling),SPV-008,Drilling,Near Miss,1,0,0,0,0,0,0,36,449.7,Cerah,Desain/Engineering,Pelatihan Ulang,Selesai,Pit-C-Blok03,Investigasi selesai
2313,2022-07-21,Thursday,7,Q3,2022,Shift 1 (07:00-19:00),Pit-C (Hauling),SPV-006,Loading,Near Miss,1,0,0,0,0,0,0,19,241.1,Cerah,Faktor Eksternal,Penggantian APD,Selesai,Pit-C-Blok03,Sudah dilaporkan ke HSE Manager
2314,2022-08-18,Thursday,8,Q3,2022,Shift 2 (19:00-07:00),Pit-B (Coal Getting),SPV-012,Survei,Medical Treatment,0,0,1,0,0,0,0,33,396.9,Cerah,Peralatan Rusak,Perbaikan Desain,Selesai,Pit-B-Blok05,
2315,2023-04-08,Saturday,4,Q2,2023,shift1,Drainase,SPV-018,Drilling,First Aid,0,1,0,0,0,0,0,33,386.6,Hujan Ringan,Komunikasi Buruk,Penggantian APD,Dalam Proses,Draina-Blok03,Sudah dilaporkan ke HSE Manager
2316,2023-04-01,Saturday,4,Q2,2023,Shift 1 (07:00-19:00),Pit-A (Overburden),SPV-013,Loading,Near Miss,1,0,0,0,0,0,0,41,474.8,Berkabut,Faktor Eksternal,Briefing Safety,Selesai,Pit-A-Blok01,
2317,2022-07-29,Friday,7,Q3,2022,Shift 1 (07:00-19:00),ROM (Run of Mine),SPV-014,Dozing,Near Miss,1,0,0,0,0,0,0,12,140.8,Berawan,Alat Pelindung Diri Tidak Sesuai,Briefing Safety,Selesai,ROM (R-Blok02,
2318,2022-09-15,Thursday,9,Q3,2022,Shift 1 (07:00-19:00),Stockpile,SPV-012,Hauling,Near Miss,1,0,0,0,0,0,0,16,202.6,Cerah,Faktor Eksternal,Perbaikan Desain,Dalam Proses,Stockp-Blok01,Menunggu spare part
2319,2024-08-16,Friday,8,Q3,2024,Shift 1 (07:00-19:00),Pit-B (Coal Getting),SPV-002,Grading,Environmental Spill,0,0,0,0,0,0,0,14,181.8,Cerah,Alat Pelindung Diri Tidak Sesuai,Revisi Prosedur,Belum Dimulai,Pit-B-Blok02,Perlu tindak lanjut
2320,2023-11-08,Wednesday,11,Q4,2023,Shift 1 (07:00-19:00),Workshop,SPV-020,Blasting,First Aid,0,1,0,0,0,0,0,45,442.7,Berkabut,Prosedur Tidak Diikuti,Pelatihan Ulang,Selesai,Worksh-Blok05,
2321,2023-02-21,Tuesday,2,Q1,2023,Shift 1 (07:00-19:00),Drainase,SPV-007,Blasting,Property Damage,0,0,0,0,0,0,1,21,268.9,Berawan,Desain/Engineering,Revisi Prosedur,Dalam Proses,Draina-Blok05,
2322,2024-03-07,Thursday,3,Q1,2024,Shift 1 (07:00-19:00),Pit-C (Hauling),SPV-019,Maintenance,First Aid,0,1,0,0,0,0,0,19,243.8,Cerah,Desain/Engineering,Briefing Safety,Dalam Proses,Pit-C-Blok04,Investigasi selesai
2323,2023-04-13,Thursday,4,Q2,2023,Shift 1 (07:00-19:00),Stockpile,SPV-004,Hauling,First Aid,0,1,0,0,0,0,0,27,353.7,Cerah,Housekeeping Buruk,Investigasi Lanjut,Overdue,Stockp-Blok01,
2324,2024-11-01,Friday,11,Q4,2024,Shift 2 (19:00-07:00),Pit-A (Overburden),SPV-019,Drilling,First Aid,0,1,0,0,0,0,0,42,437,Cerah,Kelelahan Pekerja,Perbaikan Alat,Overdue,Pit-A-Blok04,Investigasi selesai
2325,2022-02-21,Monday,2,Q1,2022,Shift 1 (07:00-19:00),,SPV-013,Maintenance,Near Miss,1,0,0,0,0,0,0,41,538.2,Cerah,Prosedur Tidak Diikuti,Investigasi Lanjut,Selesai,Pit-A-Blok02,
2326,2022-10-29,Saturday,10,Q4,2022,Shift 1 (07:00-19:00),Pit-B (Coal Getting),SPV-015,Drilling,First Aid,0,1,0,0,0,0,0,13,144.9,Cerah,Human Error,Perbaikan Alat,Dalam Proses,Pit-B-Blok05,Perlu tindak lanjut
2327,2024-10-17,Thursday,10,Q4,2024,Shift 2 (19:00-07:00),ROM (Run of Mine),SPV-020,Loading,Medical Treatment,0,0,1,0,0,0,0,18,194.5,Berawan,Peralatan Rusak,Revisi Prosedur,Selesai,ROM (R-Blok04,
2328,2024-03-26,Tuesday,3,Q1,2024,Shift 2 (19:00-07:00),ROM (Run of Mine),SPV-009,Blasting,Environmental Spill,0,0,0,0,0,0,0,30,343.5,Hujan Ringan,Kelelahan Pekerja,Penggantian APD,Selesai,ROM (R-Blok05,
2329,2023-03-17,Friday,3,Q1,2023,Shift 2 (19:00-07:00),Drainase,SPV-006,Drilling,Near Miss,1,0,0,0,0,0,0,18,205.5,Cerah,Human Error,Revisi Prosedur,Overdue,Draina-Blok05,Sudah dilaporkan ke HSE Manager
2330,2024-01-14,Sunday,1,Q1,2024,Shift 1 (07:00-19:00),Pit-B (Coal Getting),SPV-018,Pumping,Near Miss,1,0,0,0,0,0,0,43,509.9,Cerah,Alat Pelindung Diri Tidak Sesuai,Revisi Prosedur,Selesai,Pit-B-Blok04,Menunggu spare part
2331,2022-12-06,Tuesday,12,Q4,2022,Shift 2 (19:00-07:00),Office Area,SPV-012,Hauling,Near Miss,1,0,0,0,0,0,0,29,336.5,Berawan,Desain/Engineering,Briefing Safety,Dalam Proses,Office-Blok05,
2332,2022-02-22,Tuesday,2,Q1,2022,Shift 1 (07:00-19:00),Pit-C (Hauling),SPV-010,Pumping,First Aid,0,1,0,0,0,0,0,31,319.4,Cerah,Faktor Eksternal,Revisi Prosedur,Dalam Proses,Pit-C-Blok02,
2333,2022-09-25,Sunday,9,Q3,2022,Shift 2 (19:00-07:00),Stockpile,SPV-005,Survei,Near Miss,1,0,0,0,0,0,0,40,417.3,Berkabut,Kondisi Cuaca Buruk,Perbaikan Desain,Selesai,Stockp-Blok03,
2334,2024-10-06,Sunday,10,Q4,2024,Shift 1 (07:00-19:00),Drainase,SPV-016,Administrasi,Near Miss,1,0,0,0,0,0,0,10,102.4,Hujan Ringan,Peralatan Rusak,Pelatihan Ulang,Overdue,Draina-Blok04,Menunggu spare part
2335,2024-09-22,Sunday,9,Q3,2024,Shift 1 (07:00-19:00),ROM (Run of Mine),SPV-002,Maintenance,Medical Treatment,0,0,1,0,0,0,0,29,336.5,Cerah,Housekeeping Buruk,Pelatihan Ulang,Belum Dimulai,ROM (R-Blok05,Menunggu spare part
2336,2024-12-16,Monday,12,Q4,2024,Shift 2 (19:00-07:00),Pit-B (Coal Getting),SPV-004,Hauling,Medical Treatment,0,0,1,0,0,0,0,45,511.6,Berkabut,Kelelahan Pekerja,Penggantian APD,Dalam Proses,Pit-B-Blok02,
2337,2022-09-16,Friday,9,Q3,2022,Shift 2 (19:00-07:00),Pit-B (Coal Getting),SPV-014,Maintenance,First Aid,0,1,0,0,0,0,0,39,455.8,Cerah,Komunikasi Buruk,Revisi Prosedur,Selesai,Pit-B-Blok01,
2338,2022-06-03,Friday,6,Q2,2022,Shift 1 (07:00-19:00),ROM (Run of Mine),SPV-015,Pengawasan,Near Miss,1,0,0,0,0,0,0,43,439.5,Berawan,Kelelahan Pekerja,Perbaikan Desain,Selesai,ROM (R-Blok03,
2339,2022-04-22,Friday,4,Q2,2022,Shift 1 (07:00-19:00),,SPV-009,Fueling,Near Miss,1,0,0,1,0,0,0,22,265.1,Berkabut,Alat Pelindung Diri Tidak Sesuai,Perbaikan Alat,Belum Dimulai,Pit-B-Blok02,
2340,2022-01-22,Saturday,1,Q1,2022,Shift 2 (19:00-07:00),Pit-B (Coal Getting),SPV-004,Hauling,Near Miss,1,0,0,0,0,0,0,29,367.4,Hujan Ringan,Kelelahan Pekerja,Revisi Prosedur,Selesai,Pit-B-Blok04,
2341,2023-02-14,Tuesday,2,Q1,2023,Shift 2 (19:00-07:00),Pit-B (Coal Getting),SPV-006,Administrasi,Lost Time Injury,0,0,0,1,0,14,0,33,348.4,Hujan Ringan,Prosedur Tidak Diikuti,Revisi Prosedur,Overdue,Pit-B-Blok04,Menunggu spare part
2342,2022-12-27,Tuesday,12,Q4,2022,Shift 2 (19:00-07:00),Workshop,SPV-012,Hauling,First Aid,0,1,0,0,0,0,0,41,473.2,Berkabut,Prosedur Tidak Diikuti,Revisi Prosedur,Belum Dimulai,Worksh-Blok03,Investigasi selesai
2343,2022-11-09,Wednesday,11,Q4,2022,Shift 2 (19:00-07:00),Office Area,SPV-003,Maintenance,Near Miss,1,0,0,0,0,0,0,42,535.2,Hujan Lebat,Peralatan Rusak,Investigasi Lanjut,Dalam Proses,Office-Blok04,
2344,2023-05-09,Tuesday,5,Q2,2023,Shift 2 (19:00-07:00),Drainase,SPV-017,Maintenance,Medical Treatment,0,0,1,0,0,0,0,10,110.6,Cerah,Komunikasi Buruk,Perbaikan Alat,Selesai,Draina-Blok02,
2345,2023-04-04,Tuesday,4,Q2,2023,Shift 1 (07:00-19:00),Drainase,SPV-017,Dozing,Near Miss,1,0,0,0,0,0,0,17,218.1,Cerah,Peralatan Rusak,Perbaikan Alat,Selesai,Draina-Blok05,
2346,2022-01-03,Monday,1,Q1,2022,Shift 1 (07:00-19:00),Pit-A (Overburden),SPV-010,Administrasi,First Aid,0,1,0,0,0,0,0,29,356.5,Berkabut,Peralatan Rusak,Penggantian APD,Selesai,Pit-A-Blok03,Perlu tindak lanjut
2347,2023-10-13,Friday,10,Q4,2023,Shift 1 (07:00-19:00),Pit-A (Overburden),SPV-012,Survei,Medical Treatment,0,0,1,0,0,0,0,10,103.2,Berkabut,Faktor Eksternal,Penggantian APD,Belum Dimulai,Pit-A-Blok04,Sudah dilaporkan ke HSE Manager
2348,2024-08-08,Thursday,8,Q3,2024,Shift 1 (07:00-19:00),Pit-A (Overburden),SPV-003,Survei,First Aid,0,1,0,0,0,0,0,13,145.9,Cerah,Komunikasi Buruk,Pelatihan Ulang,Selesai,Pit-A-Blok05,Menunggu spare part
2349,2023-03-16,Thursday,3,Q1,2023,Shift 1 (07:00-19:00),ROM (Run of Mine),SPV-016,Dozing,Near Miss,1,0,0,0,0,0,0,16,205.9,Cerah,Kondisi Cuaca Buruk,Pelatihan Ulang,Belum Dimulai,ROM (R-Blok01,
2350,2022-12-09,Friday,12,Q4,2022,Shift 1 (07:00-19:00),Pit-A (Overburden),SPV-014,Grading,Near Miss,1,0,0,0,0,0,0,26,340.6,Cerah,Kondisi Cuaca Buruk,Perbaikan Alat,Selesai,Pit-A-Blok03,
2351,2022-10-06,Thursday,10,Q4,2022,Shift 1 (07:00-19:00),Workshop,SPV-003,Hauling,Property Damage,0,0,0,0,0,0,1,12,124.4,Berawan,Desain/Engineering,Perbaikan Alat,Selesai,Worksh-Blok03,Sudah dilaporkan ke HSE Manager
2352,2023-11-30,Thursday,11,Q4,2023,Shift 2 (19:00-07:00),Pit-B (Coal Getting),SPV-020,Dozing,Medical Treatment,0,0,1,0,0,0,0,42,493.1,Berkabut,Peralatan Rusak,Pelatihan Ulang,Selesai,Pit-B-Blok05,
2353,2024-06-24,Monday,6,Q2,2024,Shift 1 (07:00-19:00),Drainase,SPV-005,Pumping,Near Miss,1,0,0,0,0,0,0,29,311,Hujan Lebat,Kelelahan Pekerja,Revisi Prosedur,Dalam Proses,Draina-Blok01,Investigasi selesai
2354,2023-04-13,Thursday,4,Q2,2023,Shift 1 (07:00-19:00),Stockpile,SPV-008,Survei,Lost Time Injury,0,0,0,1,0,10,0,34,380.9,Cerah,Komunikasi Buruk,Penggantian APD,Selesai,Stockp-Blok04,Investigasi selesai
2355,2022-08-22,Monday,8,Q3,2022,Shift 1 (07:00-19:00),Pit-B (Coal Getting),SPV-018,Survei,First Aid,0,1,0,0,0,0,0,13,147,Berkabut,Faktor Eksternal,Revisi Prosedur,Selesai,Pit-B-Blok05,
2356,2022-01-24,Monday,1,Q1,2022,Shift 2 (19:00-07:00),Pit-B (Coal Getting),SPV-003,Hauling,Near Miss,1,0,0,0,0,0,0,18,215.9,Berawan,Housekeeping Buruk,Penggantian APD,Selesai,Pit-B-Blok03,
2357,2022-12-18,Sunday,12,Q4,2022,Shift 2 (19:00-07:00),Pit-C (Hauling),SPV-009,Loading,Near Miss,1,0,0,0,0,0,0,35,383.3,Cerah,Faktor Eksternal,Investigasi Lanjut,Selesai,Pit-C-Blok02,Sudah dilaporkan ke HSE Manager
2358,2024-03-29,Friday,3,Q1,2024,Shift 2 (19:00-07:00),Workshop,SPV-004,Maintenance,Medical Treatment,0,0,1,0,0,0,0,11,122.5,Berawan,Kondisi Cuaca Buruk,Briefing Safety,Dalam Proses,Worksh-Blok02,
2359,2024-01-18,Thursday,1,Q1,2024,Shift 1 (07:00-19:00),ROM (Run of Mine),SPV-013,Loading,Medical Treatment,0,0,1,0,0,0,0,24,315.5,Cerah,Desain/Engineering,Pelatihan Ulang,Selesai,ROM (R-Blok03,Investigasi selesai
2360,2022-12-07,Wednesday,12,Q4,2022,Shift 1 (07:00-19:00),Pit-C (Hauling),SPV-010,Fueling,Medical Treatment,0,0,1,0,0,0,0,30,335,Hujan Ringan,Faktor Eksternal,Perbaikan Alat,Selesai,Pit-C-Blok05,Investigasi selesai
2361,2023-03-30,Thursday,3,Q1,2023,Shift 1 (07:00-19:00),ROM (Run of Mine),SPV-002,Hauling,Near Miss,1,0,0,0,0,0,0,34,442.2,Hujan Ringan,Housekeeping Buruk,Briefing Safety,Dalam Proses,ROM (R-Blok05,Menunggu spare part
2362,2023-04-19,Wednesday,4,Q2,2023,Shift 2 (19:00-07:00),Stockpile,SPV-002,Loading,Near Miss,1,0,0,0,0,0,0,40,470.2,Hujan Ringan,Faktor Eksternal,Revisi Prosedur,Selesai,Stockp-Blok02,
2363,2024-02-25,Sunday,2,Q1,2024,Shift 1 (07:00-19:00),ROM (Run of Mine),SPV-002,Fueling,Near Miss,1,0,0,0,0,0,0,17,192.9,Hujan Lebat,Alat Pelindung Diri Tidak Sesuai,Investigasi Lanjut,Selesai,ROM (R-Blok05,
2364,2023-02-05,Sunday,2,Q1,2023,Shift 1 (07:00-19:00),Pit-A (Overburden),SPV-015,Administrasi,Near Miss,1,0,0,0,0,0,0,29,317.2,Berawan,Komunikasi Buruk,Perbaikan Alat,Selesai,Pit-A-Blok01,Sudah dilaporkan ke HSE Manager
2365,2022-06-16,Thursday,6,Q2,2022,Shift 1 (07:00-19:00),Pit-A (Overburden),SPV-014,Grading,First Aid,0,1,0,0,0,0,0,20,220.4,Cerah,Kelelahan Pekerja,Pelatihan Ulang,Selesai,Pit-A-Blok01,Perlu tindak lanjut
2366,2022-01-09,Sunday,1,Q1,2022,Shift 2 (19:00-07:00),ROM (Run of Mine),SPV-018,Loading,First Aid,0,1,0,0,0,0,0,30,309.4,Cerah,Peralatan Rusak,Penggantian APD,Dalam Proses,ROM (R-Blok02,
2367,2022-10-07,Friday,10,Q4,2022,Shift 1 (07:00-19:00),Workshop,SPV-003,Survei,First Aid,0,1,0,0,0,0,0,38,444.6,Cerah,Faktor Eksternal,Perbaikan Desain,Selesai,Worksh-Blok02,Perlu tindak lanjut
2368,2022-01-16,Sunday,1,Q1,2022,Shift 1 (07:00-19:00),Pit-C (Hauling),SPV-002,Dozing,Property Damage,0,0,0,0,0,0,1,43,468.3,Cerah,Prosedur Tidak Diikuti,Briefing Safety,Selesai,Pit-C-Blok01,
2369,2024-11-10,Sunday,11,Q4,2024,Shift 2 (19:00-07:00),Workshop,SPV-016,Drilling,Near Miss,1,0,0,0,0,0,0,42,485.5,Berawan,Human Error,Perbaikan Desain,Selesai,Worksh-Blok01,
2370,2022-08-02,Tuesday,8,Q3,2022,Shift 2 (19:00-07:00),Pit-B (Coal Getting),SPV-013,Blasting,First Aid,0,1,0,0,0,0,0,38,446.6,Berkabut,Human Error,Penggantian APD,Belum Dimulai,Pit-B-Blok01,
2371,2023-01-14,Saturday,1,Q1,2023,Shift 2 (19:00-07:00),Pit-A (Overburden),SPV-004,Pumping,First Aid,0,1,0,0,0,0,0,36,383.1,Cerah,Faktor Eksternal,Pelatihan Ulang,Selesai,Pit-A-Blok04,
2372,2024-01-27,Saturday,1,Q1,2024,Shift 2 (19:00-07:00),Stockpile,SPV-015,Fueling,Near Miss,1,0,0,0,0,0,0,44,451.6,Cerah,Human Error,Briefing Safety,Selesai,Stockp-Blok05,
2373,2024-02-19,Monday,2,Q1,2024,Shift 2 (19:00-07:00),Office Area,SPV-013,Administrasi,Medical Treatment,0,0,1,0,0,0,0,21,232.7,Berawan,Kondisi Cuaca Buruk,Pelatihan Ulang,Belum Dimulai,Office-Blok05,Menunggu spare part
2374,2022-08-08,Monday,8,Q3,2022,Shift 2 (19:00-07:00),ROM (Run of Mine),SPV-010,Survei,First Aid,0,1,0,0,0,0,0,25,314.4,Hujan Lebat,Kondisi Cuaca Buruk,Pelatihan Ulang,Selesai,ROM (R-Blok02,
2375,2023-11-26,Sunday,11,Q4,2023,Shift 1 (07:00-19:00),Pit-C (Hauling),SPV-007,Pumping,Near Miss,1,0,0,0,0,0,0,22,220.4,Hujan Ringan,Housekeeping Buruk,Penggantian APD,Selesai,Pit-C-Blok05,
2376,2024-12-16,Monday,12,Q4,2024,Shift 1 (07:00-19:00),Stockpile,SPV-004,Administrasi,Near Miss,1,0,0,0,0,0,0,26,271.2,Hujan Ringan,Faktor Eksternal,Investigasi Lanjut,Dalam Proses,Stockp-Blok05,Menunggu spare part
2377,2022-04-13,Wednesday,4,Q2,2022,Shift 2 (19:00-07:00),Pit-B (Coal Getting),SPV-004,Survei,First Aid,0,1,0,0,0,0,0,42,483.1,Cerah,Housekeeping Buruk,Briefing Safety,Selesai,Pit-B-Blok02,Investigasi selesai
2378,2022-11-15,Tuesday,11,Q4,2022,Shift 2 (19:00-07:00),Drainase,SPV-002,Pengawasan,First Aid,0,1,0,0,0,0,0,10,129.6,Berawan,Prosedur Tidak Diikuti,Perbaikan Desain,Overdue,Draina-Blok02,
2379,2023-07-27,Thursday,7,Q3,2023,Shift 2 (19:00-07:00),Pit-B (Coal Getting),SPV-003,Survei,Near Miss,1,0,0,0,0,0,0,23,291.7,Hujan Ringan,Desain/Engineering,Investigasi Lanjut,Selesai,Pit-B-Blok03,Investigasi selesai
2380,2022-03-07,Monday,3,Q1,2022,Shift 1 (07:00-19:00),Drainase,SPV-017,Hauling,First Aid,0,1,0,0,0,0,0,16,203,Hujan Ringan,Kondisi Cuaca Buruk,Penggantian APD,Selesai,Draina-Blok01,
2381,2023-11-16,Thursday,11,Q4,2023,Shift 1 (07:00-19:00),Pit-B (Coal Getting),SPV-002,Drilling,Near Miss,1,0,0,0,0,0,0,10,125.6,Berawan,Desain/Engineering,Investigasi Lanjut,Dalam Proses,Pit-B-Blok02,Perlu tindak lanjut
2382,2022-09-10,Saturday,9,Q3,2022,Shift 2 (19:00-07:00),Pit-A (Overburden),SPV-004,Hauling,First Aid,0,1,0,0,0,0,0,18,189.8,Cerah,Komunikasi Buruk,Briefing Safety,Dalam Proses,Pit-A-Blok04,
2383,2024-11-25,Monday,11,Q4,2024,Shift 2 (19:00-07:00),Drainase,SPV-019,Loading,Medical Treatment,0,0,1,0,0,0,0,31,337,Cerah,Alat Pelindung Diri Tidak Sesuai,Pelatihan Ulang,Selesai,Draina-Blok02,
2384,2023-06-29,Thursday,6,Q2,2023,Shift 2 (19:00-07:00),Workshop,SPV-008,Fueling,Near Miss,1,0,0,0,0,0,0,11,109,Berkabut,Faktor Eksternal,Briefing Safety,Dalam Proses,Worksh-Blok04,
2385,2022-08-21,Sunday,8,Q3,2022,Shift 2 (19:00-07:00),Stockpile,SPV-018,Survei,First Aid,0,1,0,0,0,0,0,42,436.7,Cerah,Kondisi Cuaca Buruk,Briefing Safety,Dalam Proses,Stockp-Blok04,
2386,2023-12-24,Sunday,12,Q4,2023,Shift 2 (19:00-07:00),Pit-C (Hauling),SPV-008,Pengawasan,First Aid,0,1,0,0,0,0,0,37,376.2,Berkabut,Kelelahan Pekerja,Revisi Prosedur,Dalam Proses,Pit-C-Blok05,Sudah dilaporkan ke HSE Manager
2387,2024-01-16,Tuesday,1,Q1,2024,Shift 2 (19:00-07:00),Pit-B (Coal Getting),SPV-009,Loading,Near Miss,1,0,0,0,0,0,0,27,280.4,Cerah,Kelelahan Pekerja,Perbaikan Alat,Dalam Proses,Pit-B-Blok02,Investigasi selesai
2388,2024-05-03,Friday,5,Q2,2024,Shift 1 (07:00-19:00),Office Area,SPV-015,Hauling,Near Miss,1,0,0,0,0,0,0,40,447.8,Berawan,Housekeeping Buruk,Briefing Safety,Selesai,Office-Blok01,Perlu tindak lanjut
2389,2022-02-25,Friday,2,Q1,2022,Shift 1 (07:00-19:00),Stockpile,SPV-003,Drilling,Near Miss,1,0,0,0,0,0,0,27,275.8,Cerah,Desain/Engineering,Pelatihan Ulang,Selesai,Stockp-Blok01,
2390,2023-09-29,Friday,9,Q3,2023,Shift 2 (19:00-07:00),Stockpile,SPV-004,Maintenance,Medical Treatment,0,0,1,0,0,0,0,11,117.2,Cerah,Human Error,Perbaikan Desain,Belum Dimulai,Stockp-Blok02,Sudah dilaporkan ke HSE Manager
2391,2024-04-09,Tuesday,4,Q2,2024,Shift 1 (07:00-19:00),Pit-C (Hauling),SPV-012,Pengawasan,Near Miss,1,0,0,0,0,0,0,24,307.7,Cerah,Alat Pelindung Diri Tidak Sesuai,Penggantian APD,Selesai,Pit-C-Blok05,Perlu tindak lanjut
2392,2023-02-10,Friday,2,Q1,2023,Shift 1 (07:00-19:00),Pit-B (Coal Getting),SPV-010,Maintenance,Lost Time Injury,0,0,0,1,0,7,0,10,112.6,Cerah,Faktor Eksternal,Perbaikan Alat,Selesai,Pit-B-Blok05,
2393,2023-05-03,Wednesday,5,Q2,2023,Shift 1 (07:00-19:00),Pit-B (Coal Getting),SPV-016,Loading,First Aid,0,1,0,0,0,0,0,35,370.1,Hujan Ringan,Alat Pelindung Diri Tidak Sesuai,Penggantian APD,Belum Dimulai,Pit-B-Blok03,Investigasi selesai
2394,2022-03-22,Tuesday,3,Q1,2022,Shift 2 (19:00-07:00),Workshop,SPV-013,Drilling,Near Miss,1,0,0,0,0,0,0,25,307.8,Hujan Ringan,Faktor Eksternal,Perbaikan Alat,Selesai,Worksh-Blok04,Sudah dilaporkan ke HSE Manager
2395,2023-04-08,Saturday,4,Q2,2023,Shift 1 (07:00-19:00),Pit-B (Coal Getting),SPV-008,Fueling,Near Miss,1,0,0,0,0,0,0,38,372.5,Hujan Ringan,Human Error,Briefing Safety,Overdue,Pit-B-Blok03,
2396,2023-02-14,Tuesday,2,Q1,2023,Shift 1 (07:00-19:00),Workshop,SPV-009,Loading,Lost Time Injury,0,0,0,1,0,10,0,8,90.8,Cerah,Desain/Engineering,Pelatihan Ulang,Selesai,Worksh-Blok02,Perlu tindak lanjut
2397,2022-10-13,Thursday,10,Q4,2022,Shift 2 (19:00-07:00),Stockpile,SPV-016,Hauling,Near Miss,1,0,0,0,0,0,0,39,412.4,Cerah,Faktor Eksternal,Perbaikan Alat,Selesai,Stockp-Blok05,Investigasi selesai
2398,2022-09-03,Saturday,9,Q3,2022,Shift 2 (19:00-07:00),Pit-C (Hauling),SPV-018,Pengawasan,Near Miss,1,0,0,0,0,0,0,28,291.5,Cerah,Faktor Eksternal,Penggantian APD,Belum Dimulai,Pit-C-Blok05,Sudah dilaporkan ke HSE Manager
2399,2022-03-17,Thursday,3,Q1,2022,Shift 1 (07:00-19:00),Workshop,SPV-010,Pumping,Near Miss,1,0,0,0,0,0,0,43,420.9,Hujan Lebat,Faktor Eksternal,Briefing Safety,Dalam Proses,Worksh-Blok02,Perlu tindak lanjut
2400,2022-05-05,Thursday,5,Q2,2022,Shift 1 (07:00-19:00),Pit-A (Overburden),SPV-013,Fueling,Medical Treatment,0,0,1,0,0,0,0,15,186.7,Hujan Lebat,Alat Pelindung Diri Tidak Sesuai,Pelatihan Ulang,Selesai,Pit-A-Blok03,
2401,2024-10-21,Monday,10,Q4,2024,Shift 2 (19:00-07:00),Pit-A (Overburden),SPV-003,Fueling,First Aid,0,1,0,0,0,0,0,31,336.1,Berawan,Alat Pelindung Diri Tidak Sesuai,Perbaikan Desain,Selesai,Pit-A-Blok01,
2402,2023-03-11,Saturday,3,Q1,2023,Shift 2 (19:00-07:00),Pit-B (Coal Getting),SPV-012,Survei,Near Miss,1,0,0,0,0,0,0,30,383.8,Berkabut,Housekeeping Buruk,Revisi Prosedur,Belum Dimulai,Pit-B-Blok02,Perlu tindak lanjut
2403,2024-11-07,Thursday,11,Q4,2024,Shift 1 (07:00-19:00),Pit-A (Overburden),SPV-009,Grading,Medical Treatment,0,0,1,0,0,0,0,10,128.3,Hujan Lebat,Komunikasi Buruk,Perbaikan Alat,Dalam Proses,Pit-A-Blok05,
2404,2024-11-26,Tuesday,11,Q4,2024,Shift 2 (19:00-07:00),Pit-C (Hauling),SPV-019,Pengawasan,Near Miss,1,0,0,0,0,0,0,23,245.3,Hujan Ringan,Komunikasi Buruk,Revisi Prosedur,Overdue,Pit-C-Blok01,Investigasi selesai
2405,2023-03-14,Tuesday,3,Q1,2023,Shift 1 (07:00-19:00),Workshop,SPV-020,Grading,Lost Time Injury,0,0,0,1,0,4,0,19,241.9,Cerah,Human Error,Perbaikan Desain,Selesai,Worksh-Blok04,Investigasi selesai
2406,2024-06-27,Thursday,6,Q2,2024,Shift 1 (07:00-19:00),ROM (Run of Mine),SPV-010,Maintenance,Medical Treatment,0,0,1,0,0,0,0,12,127.2,Cerah,Kelelahan Pekerja,Perbaikan Desain,Selesai,ROM (R-Blok02,
2407,2023-05-18,Thursday,5,Q2,2023,Shift 1 (07:00-19:00),Workshop,SPV-008,Survei,Medical Treatment,0,0,1,0,0,0,0,29,285,Berawan,Housekeeping Buruk,Pelatihan Ulang,Selesai,Worksh-Blok04,Investigasi selesai
2408,2022-01-08,Saturday,1,Q1,2022,Shift 1 (07:00-19:00),Stockpile,SPV-012,Grading,Near Miss,1,0,0,0,0,0,0,30,339.5,Cerah,Peralatan Rusak,Perbaikan Alat,Selesai,Stockp-Blok03,Investigasi selesai
2409,2024-04-17,Wednesday,4,Q2,2024,Shift 2 (19:00-07:00),Stockpile,SPV-011,Maintenance,Lost Time Injury,0,0,0,1,0,11,0,39,466.1,Berawan,Prosedur Tidak Diikuti,Briefing Safety,Selesai,Stockp-Blok04,
2410,2022-08-12,Friday,8,Q3,2022,Shift 1 (07:00-19:00),ROM (Run of Mine),SPV-008,Survei,First Aid,0,1,0,0,0,0,0,34,340.2,Berawan,Desain/Engineering,Pelatihan Ulang,Selesai,ROM (R-Blok03,
2411,2022-09-27,Tuesday,9,Q3,2022,Shift 1 (07:00-19:00),ROM (Run of Mine),SPV-012,Loading,Near Miss,1,0,0,0,0,0,0,15,171.6,Berawan,Komunikasi Buruk,Perbaikan Alat,Belum Dimulai,ROM (R-Blok02,Investigasi selesai
2412,2024-12-23,Monday,12,Q4,2024,Shift 2 (19:00-07:00),Pit-B (Coal Getting),SPV-010,Loading,Medical Treatment,0,0,1,0,0,0,0,19,186,Hujan Lebat,Peralatan Rusak,Pelatihan Ulang,Selesai,Pit-B-Blok05,
2413,2024-10-08,Tuesday,10,Q4,2024,Shift 2 (19:00-07:00),Pit-A (Overburden),SPV-019,Pengawasan,Near Miss,1,0,0,0,0,0,0,35,408.5,Cerah,Alat Pelindung Diri Tidak Sesuai,Briefing Safety,Selesai,Pit-A-Blok01,
2414,2023-08-31,Thursday,8,Q3,2023,Shift 2 (19:00-07:00),Pit-C (Hauling),SPV-003,Drilling,Property Damage,0,0,0,0,0,0,1,19,210.7,Cerah,Alat Pelindung Diri Tidak Sesuai,Perbaikan Desain,Selesai,Pit-C-Blok02,
2415,2023-01-30,Monday,1,Q1,2023,Shift 2 (19:00-07:00),Pit-B (Coal Getting),SPV-015,Hauling,Near Miss,1,0,0,0,0,0,0,22,279.4,Cerah,Prosedur Tidak Diikuti,Investigasi Lanjut,Selesai,Pit-B-Blok05,
2416,2024-08-18,Sunday,8,Q3,2024,Shift 1 (07:00-19:00),Pit-C (Hauling),SPV-018,Pumping,Lost Time Injury,0,0,0,1,0,9,0,20,221.6,Hujan Lebat,Alat Pelindung Diri Tidak Sesuai,Investigasi Lanjut,Selesai,Pit-C-Blok05,
2417,2022-11-19,Saturday,11,Q4,2022,Shift 2 (19:00-07:00),,SPV-005,Blasting,Medical Treatment,0,0,1,0,0,0,0,43,546.4,Berawan,Alat Pelindung Diri Tidak Sesuai,Revisi Prosedur,Dalam Proses,Pit-C-Blok01,Investigasi selesai
2418,2022-04-06,Wednesday,4,Q2,2022,Shift 2 (19:00-07:00),Pit-B (Coal Getting),SPV-008,Grading,Medical Treatment,0,0,1,0,0,0,0,40,508.7,Hujan Lebat,Alat Pelindung Diri Tidak Sesuai,Revisi Prosedur,Selesai,Pit-B-Blok03,
2419,2024-05-05,Sunday,5,Q2,2024,Shift 1 (07:00-19:00),Pit-A (Overburden),SPV-020,Maintenance,Medical Treatment,0,0,1,0,0,0,0,38,465.7,Hujan Lebat,Prosedur Tidak Diikuti,Perbaikan Alat,Selesai,Pit-A-Blok01,Investigasi selesai
2420,2024-01-10,Wednesday,1,Q1,2024,Shift 1 (07:00-19:00),ROM (Run of Mine),SPV-007,Fueling,Environmental Spill,0,0,0,0,0,0,0,29,360.7,Hujan Lebat,Prosedur Tidak Diikuti,Briefing Safety,Belum Dimulai,ROM (R-Blok03,Menunggu spare part
2421,2024-12-28,Saturday,12,Q4,2024,Shift 2 (19:00-07:00),Stockpile,,Drilling,Near Miss,1,0,0,0,0,0,0,12,131.5,Hujan Ringan,Faktor Eksternal,Penggantian APD,Dalam Proses,Stockp-Blok05,Perlu tindak lanjut
2422,2024-07-27,Saturday,7,Q3,2024,Shift 2 (19:00-07:00),Pit-A (Overburden),SPV-004,Pengawasan,Lost Time Injury,0,0,0,1,0,9,0,29,335.7,Cerah,Housekeeping Buruk,Perbaikan Alat,Selesai,Pit-A-Blok01,
2423,2024-05-12,Sunday,5,Q2,2024,Shift 1 (07:00-19:00),Drainase,SPV-016,Fueling,Lost Time Injury,0,0,0,1,0,1,0,45,580.3,Berawan,Housekeeping Buruk,Briefing Safety,Selesai,Draina-Blok04,Investigasi selesai
2424,2023-11-19,Sunday,11,Q4,2023,Shift 1 (07:00-19:00),Workshop,SPV-013,Fueling,Near Miss,1,0,0,0,0,0,0,39,494.3,Cerah,Desain/Engineering,Investigasi Lanjut,Dalam Proses,Worksh-Blok05,
2425,2023-03-06,Monday,3,Q1,2023,Shift 2 (19:00-07:00),Office Area,SPV-004,Dozing,Medical Treatment,0,0,1,0,0,0,0,45,509.2,Berkabut,Kelelahan Pekerja,Pelatihan Ulang,Selesai,Office-Blok05,
2426,2022-07-15,Friday,7,Q3,2022,Shift 1 (07:00-19:00),Pit-B (Coal Getting),SPV-018,Pumping,Medical Treatment,0,0,1,0,0,0,0,34,408.8,Cerah,Alat Pelindung Diri Tidak Sesuai,Briefing Safety,Dalam Proses,Pit-B-Blok05,
2427,2023-01-29,Sunday,1,Q1,2023,Shift 2 (19:00-07:00),Drainase,SPV-012,Hauling,Medical Treatment,0,0,1,0,0,0,0,21,217.1,Cerah,Desain/Engineering,Perbaikan Alat,Selesai,Draina-Blok02,Investigasi selesai
2428,2022-02-17,Thursday,2,Q1,2022,Shift 1 (07:00-19:00),ROM (Run of Mine),SPV-004,Grading,Near Miss,1,0,0,0,0,0,0,35,404.7,Berawan,Human Error,Penggantian APD,Dalam Proses,ROM (R-Blok01,Menunggu spare part
2429,2022-09-17,Saturday,9,Q3,2022,Shift 2 (19:00-07:00),Pit-A (Overburden),SPV-004,Administrasi,Property Damage,0,0,0,0,0,0,1,36,460.7,Berawan,Prosedur Tidak Diikuti,Investigasi Lanjut,Selesai,Pit-A-Blok02,
2430,2024-10-23,Wednesday,10,Q4,2024,Shift 2 (19:00-07:00),Pit-C (Hauling),SPV-010,Grading,First Aid,0,1,0,0,0,0,0,43,498.7,Hujan Lebat,Alat Pelindung Diri Tidak Sesuai,Revisi Prosedur,Selesai,Pit-C-Blok05,
2431,2023-05-09,Tuesday,5,Q2,2023,Shift 1 (07:00-19:00),Pit-B (Coal Getting),SPV-001,Grading,Medical Treatment,0,0,1,0,0,0,0,32,356.4,Hujan Ringan,Prosedur Tidak Diikuti,Perbaikan Alat,Selesai,Pit-B-Blok02,
2432,2023-04-16,Sunday,4,Q2,2023,Shift 2 (19:00-07:00),Pit-C (Hauling),SPV-016,Dozing,First Aid,0,1,0,0,0,0,0,17,202.2,Cerah,Kelelahan Pekerja,Investigasi Lanjut,Selesai,Pit-C-Blok04,
2433,2023-07-28,Friday,7,Q3,2023,Shift 1 (07:00-19:00),Drainase,SPV-006,Survei,Medical Treatment,0,0,1,0,0,0,0,9,102.1,Cerah,Faktor Eksternal,Pelatihan Ulang,Selesai,Draina-Blok04,Sudah dilaporkan ke HSE Manager
2434,2024-09-29,Sunday,9,Q3,2024,Shift 1 (07:00-19:00),Pit-B (Coal Getting),SPV-008,Maintenance,Environmental Spill,0,0,0,0,0,0,0,45,581.5,Hujan Ringan,Peralatan Rusak,Revisi Prosedur,Selesai,Pit-B-Blok01,Sudah dilaporkan ke HSE Manager
2435,2023-09-08,Friday,9,Q3,2023,Shift 2 (19:00-07:00),Workshop,SPV-001,Maintenance,First Aid,0,1,0,0,0,0,0,24,304,Hujan Lebat,Peralatan Rusak,Pelatihan Ulang,Selesai,Worksh-Blok01,
2436,2024-12-13,Friday,12,Q4,2024,Shift 2 (19:00-07:00),Pit-A (Overburden),SPV-011,Pumping,Medical Treatment,0,0,1,0,0,0,0,20,258.8,Cerah,Kondisi Cuaca Buruk,Pelatihan Ulang,Selesai,Pit-A-Blok02,Perlu tindak lanjut
2437,2023-06-07,Wednesday,6,Q2,2023,Shift 2 (19:00-07:00),Drainase,SPV-006,Drilling,Near Miss,1,0,0,0,0,0,0,17,224.5,Berawan,Kelelahan Pekerja,Pelatihan Ulang,Selesai,Draina-Blok04,Sudah dilaporkan ke HSE Manager
2438,2024-11-21,Thursday,11,Q4,2024,Shift 1 (07:00-19:00),ROM (Run of Mine),SPV-013,Pengawasan,Near Miss,1,0,0,0,0,0,0,42,454.7,Cerah,Faktor Eksternal,Pelatihan Ulang,Dalam Proses,ROM (R-Blok05,
2439,2023-10-17,Tuesday,10,Q4,2023,Shift 2 (19:00-07:00),Stockpile,SPV-004,Grading,Near Miss,1,0,0,0,0,0,0,14,174.6,Berawan,Desain/Engineering,Penggantian APD,Selesai,Stockp-Blok01,Investigasi selesai
2440,2022-03-09,Wednesday,3,Q1,2022,Shift 2 (19:00-07:00),Pit-C (Hauling),SPV-002,Dozing,Near Miss,1,0,0,0,0,0,0,14,171.5,Cerah,Housekeeping Buruk,Penggantian APD,Selesai,Pit-C-Blok03,Sudah dilaporkan ke HSE Manager
2441,2023-11-26,Sunday,11,Q4,2023,Shift 2 (19:00-07:00),ROM (Run of Mine),SPV-020,Fueling,Near Miss,1,0,0,0,0,0,0,32,380.8,Cerah,Faktor Eksternal,Penggantian APD,Selesai,ROM (R-Blok04,
2442,2023-01-30,Monday,1,Q1,2023,Shift 1 (07:00-19:00),Pit-B (Coal Getting),SPV-002,Dozing,First Aid,0,1,0,0,0,0,0,21,254.1,Berawan,Faktor Eksternal,Perbaikan Desain,Selesai,Pit-B-Blok04,
2443,2024-12-11,Wednesday,12,Q4,2024,Shift 1 (07:00-19:00),Pit-B (Coal Getting),SPV-001,Grading,Near Miss,1,0,0,0,0,0,0,12,126.2,Cerah,Human Error,Pelatihan Ulang,Selesai,Pit-B-Blok04,Investigasi selesai
2444,2022-12-27,Tuesday,12,Q4,2022,Shift 1 (07:00-19:00),Pit-A (Overburden),SPV-017,Hauling,First Aid,0,1,0,0,0,0,0,12,155.9,Cerah,Peralatan Rusak,Investigasi Lanjut,Selesai,Pit-A-Blok04,
2445,2024-03-01,Friday,3,Q1,2024,Shift 2 (19:00-07:00),Pit-C (Hauling),SPV-015,Drilling,Near Miss,1,0,0,0,0,0,0,20,253.1,Hujan Ringan,Human Error,Pelatihan Ulang,Dalam Proses,Pit-C-Blok04,Menunggu spare part
2446,2024-02-15,Thursday,2,Q1,2024,Shift 2 (19:00-07:00),ROM (Run of Mine),SPV-001,Loading,Environmental Spill,0,0,0,0,0,0,0,45,484.3,Berkabut,Komunikasi Buruk,Perbaikan Alat,Dalam Proses,ROM (R-Blok05,
2447,2024-06-25,Tuesday,6,Q2,2024,Shift 2 (19:00-07:00),Pit-B (Coal Getting),SPV-005,Maintenance,Medical Treatment,0,0,1,0,0,0,0,11,137.5,Berawan,Human Error,Perbaikan Desain,Selesai,Pit-B-Blok02,Sudah dilaporkan ke HSE Manager
2448,2022-02-15,Tuesday,2,Q1,2022,Shift 1 (07:00-19:00),Pit-A (Overburden),SPV-005,Fueling,First Aid,0,1,0,0,0,0,0,18,197.4,Cerah,Human Error,Perbaikan Alat,Dalam Proses,Pit-A-Blok01,Sudah dilaporkan ke HSE Manager
2449,2024-11-08,Friday,11,Q4,2024,Shift 2 (19:00-07:00),Workshop,SPV-015,Administrasi,Near Miss,1,0,0,0,0,0,0,9,96.1,Berawan,Peralatan Rusak,Perbaikan Desain,Dalam Proses,Worksh-Blok01,Sudah dilaporkan ke HSE Manager
2450,2022-04-16,Saturday,4,Q2,2022,Shift 2 (19:00-07:00),Pit-B (Coal Getting),SPV-009,Pumping,First Aid,0,1,0,0,0,0,0,34,350.4,Cerah,Komunikasi Buruk,Perbaikan Desain,Belum Dimulai,Pit-B-Blok05,Menunggu spare part
2451,2022-02-17,Thursday,2,Q1,2022,Shift 1 (07:00-19:00),Pit-A (Overburden),SPV-016,Blasting,Near Miss,1,0,0,0,0,0,0,11,107.7,Berawan,Prosedur Tidak Diikuti,Pelatihan Ulang,Dalam Proses,Pit-A-Blok05,Menunggu spare part
2452,2023-08-08,Tuesday,8,Q3,2023,Shift 1 (07:00-19:00),Pit-A (Overburden),SPV-018,Maintenance,First Aid,0,1,0,0,0,0,0,29,375.2,Cerah,Kelelahan Pekerja,Investigasi Lanjut,Belum Dimulai,Pit-A-Blok04,
2453,2023-08-07,Monday,8,Q3,2023,Shift 1 (07:00-19:00),Pit-B (Coal Getting),SPV-007,Pengawasan,First Aid,0,1,0,0,0,0,0,28,303.5,Berawan,Kelelahan Pekerja,Perbaikan Desain,Selesai,Pit-B-Blok04,Perlu tindak lanjut
2454,2023-11-02,Thursday,11,Q4,2023,Shift 1 (07:00-19:00),ROM (Run of Mine),SPV-001,Fueling,Near Miss,1,0,0,0,0,0,0,43,510.8,Hujan Lebat,Kondisi Cuaca Buruk,Investigasi Lanjut,Dalam Proses,ROM (R-Blok03,
2455,2022-08-27,Saturday,8,Q3,2022,Shift 1 (07:00-19:00),Pit-A (Overburden),SPV-007,Blasting,Near Miss,1,0,0,0,0,0,0,14,184.2,Berawan,Kondisi Cuaca Buruk,Briefing Safety,Selesai,Pit-A-Blok01,
2456,2022-09-12,Monday,9,Q3,2022,Shift 1 (07:00-19:00),Pit-B (Coal Getting),SPV-011,Grading,First Aid,0,1,0,0,0,0,0,43,564,Cerah,Housekeeping Buruk,Perbaikan Alat,Dalam Proses,Pit-B-Blok01,Investigasi selesai
2457,2023-11-20,Monday,11,Q4,2023,Shift 2 (19:00-07:00),Pit-C (Hauling),SPV-014,Survei,First Aid,0,1,0,0,0,0,0,36,359.1,Cerah,Alat Pelindung Diri Tidak Sesuai,Investigasi Lanjut,Selesai,Pit-C-Blok04,
2458,2024-05-17,Friday,5,Q2,2024,Shift 2 (19:00-07:00),Pit-A (Overburden),SPV-012,Blasting,Medical Treatment,0,0,1,0,0,0,0,17,168.8,Berkabut,Kelelahan Pekerja,Penggantian APD,Dalam Proses,Pit-A-Blok03,
2459,2024-06-25,Tuesday,6,Q2,2024,Shift 2 (19:00-07:00),Pit-A (Overburden),SPV-020,Drilling,Medical Treatment,0,0,1,0,0,0,0,38,499.1,Berkabut,Housekeeping Buruk,Pelatihan Ulang,Dalam Proses,Pit-A-Blok01,
2460,2022-06-19,Sunday,6,Q2,2022,Shift 2 (19:00-07:00),Office Area,SPV-007,Dozing,First Aid,0,1,0,0,0,0,0,28,360.2,Berkabut,Kondisi Cuaca Buruk,Investigasi Lanjut,Dalam Proses,Office-Blok05,
2461,2023-04-14,Friday,4,Q2,2023,Shift 2 (19:00-07:00),Pit-B (Coal Getting),SPV-004,Grading,Medical Treatment,0,0,1,0,0,0,0,41,466.7,Berawan,Faktor Eksternal,Penggantian APD,Belum Dimulai,Pit-B-Blok04,
2462,2024-07-17,Wednesday,7,Q3,2024,Shift 1 (07:00-19:00),Pit-A (Overburden),SPV-013,Grading,Near Miss,1,0,0,0,0,0,0,15,160,Hujan Lebat,Alat Pelindung Diri Tidak Sesuai,Penggantian APD,Selesai,Pit-A-Blok05,Investigasi selesai
2463,2023-11-15,Wednesday,11,Q4,2023,Shift 2 (19:00-07:00),Drainase,SPV-017,Maintenance,Lost Time Injury,0,0,0,1,0,13,0,43,542.2,Hujan Ringan,Human Error,Pelatihan Ulang,Selesai,Draina-Blok03,Menunggu spare part
2464,2024-04-29,Monday,4,Q2,2024,Shift 1 (07:00-19:00),Office Area,SPV-015,Administrasi,Near Miss,1,0,0,0,0,0,0,33,347.1,Hujan Ringan,Kondisi Cuaca Buruk,Pelatihan Ulang,Selesai,Office-Blok02,
2465,2024-11-15,Friday,11,Q4,2024,Shift 2 (19:00-07:00),Workshop,SPV-015,Pengawasan,Lost Time Injury,0,0,0,1,0,8,0,36,357.3,Cerah,Peralatan Rusak,Perbaikan Alat,Selesai,Worksh-Blok03,
2466,2022-07-07,Thursday,7,Q3,2022,Shift 1 (07:00-19:00),Pit-A (Overburden),SPV-020,Loading,Medical Treatment,0,0,1,0,0,0,0,40,409.8,Hujan Ringan,Komunikasi Buruk,Revisi Prosedur,Dalam Proses,Pit-A-Blok02,
2467,2024-08-05,Monday,8,Q3,2024,Shift 2 (19:00-07:00),Pit-C (Hauling),SPV-011,Pumping,Near Miss,1,0,0,0,0,0,0,44,575,Cerah,Faktor Eksternal,Revisi Prosedur,Belum Dimulai,Pit-C-Blok04,Menunggu spare part
2468,2023-06-20,Tuesday,6,Q2,2023,Shift 1 (07:00-19:00),Pit-C (Hauling),SPV-016,Fueling,First Aid,0,1,0,0,0,0,0,24,260,Cerah,Faktor Eksternal,Revisi Prosedur,Selesai,Pit-C-Blok03,Sudah dilaporkan ke HSE Manager
2469,2024-04-26,Friday,4,Q2,2024,Shift 2 (19:00-07:00),Workshop,SPV-008,Survei,Near Miss,1,0,0,0,0,0,0,23,269.7,Berawan,Human Error,Penggantian APD,Selesai,Worksh-Blok02,Perlu tindak lanjut
2470,2022-12-29,Thursday,12,Q4,2022,Shift 1 (07:00-19:00),Pit-B (Coal Getting),SPV-006,Survei,First Aid,0,1,0,0,0,0,0,30,324.1,Berawan,Kelelahan Pekerja,Penggantian APD,Selesai,Pit-B-Blok04,
2471,2024-12-12,Thursday,12,Q4,2024,Shift 1 (07:00-19:00),Drainase,SPV-011,Grading,First Aid,0,1,0,0,0,0,0,37,362.7,Hujan Ringan,Human Error,Perbaikan Alat,Selesai,Draina-Blok03,
2472,2022-09-09,Friday,9,Q3,2022,Shift 2 (19:00-07:00),Pit-B (Coal Getting),SPV-003,Hauling,Property Damage,0,0,0,0,0,0,1,28,368.8,Cerah,Housekeeping Buruk,Perbaikan Alat,Selesai,Pit-B-Blok01,Perlu tindak lanjut
2473,2024-09-10,Tuesday,9,Q3,2024,Shift 2 (19:00-07:00),Pit-B (Coal Getting),SPV-018,Dozing,Near Miss,1,0,0,0,0,0,0,34,347.4,Berawan,Komunikasi Buruk,Investigasi Lanjut,Dalam Proses,Pit-B-Blok02,
2474,2024-10-20,Sunday,10,Q4,2024,Shift 1 (07:00-19:00),Pit-B (Coal Getting),SPV-007,Dozing,First Aid,0,1,0,1,0,0,0,0,183.4,Cerah,Human Error,Investigasi Lanjut,Selesai,Pit-B-Blok03,
2475,2024-01-06,Saturday,1,Q1,2024,Shift 2 (19:00-07:00),Pit-B (Coal Getting),SPV-001,Drilling,Near Miss,1,0,0,0,0,0,0,12,142.6,Hujan Ringan,Human Error,Briefing Safety,Dalam Proses,Pit-B-Blok02,Investigasi selesai
2476,2022-04-20,Wednesday,4,Q2,2022,Shift 1 (07:00-19:00),Pit-A (Overburden),SPV-007,Survei,Near Miss,1,0,0,0,0,0,0,17,185,Berkabut,Prosedur Tidak Diikuti,Penggantian APD,Selesai,Pit-A-Blok03,Sudah dilaporkan ke HSE Manager
2477,2023-10-29,Sunday,10,Q4,2023,Shift 1 (07:00-19:00),Office Area,SPV-002,Dozing,Near Miss,1,0,0,0,0,0,0,30,299.4,Cerah,Human Error,Perbaikan Desain,Dalam Proses,Office-Blok01,Menunggu spare part
2478,2023-08-06,Sunday,8,Q3,2023,Shift 1 (07:00-19:00),Pit-B (Coal Getting),SPV-015,Maintenance,First Aid,0,1,0,0,0,0,0,23,246.3,Berawan,Alat Pelindung Diri Tidak Sesuai,Perbaikan Alat,Selesai,Pit-B-Blok01,Perlu tindak lanjut
2479,2024-06-25,Tuesday,6,Q2,2024,Shift 2 (19:00-07:00),Workshop,SPV-018,Loading,First Aid,0,1,0,0,0,0,0,17,217.1,Hujan Ringan,Housekeeping Buruk,Perbaikan Desain,Selesai,Worksh-Blok03,
2480,2024-03-24,Sunday,3,Q1,2024,Shift 1 (07:00-19:00),ROM (Run of Mine),SPV-006,Survei,Near Miss,1,0,0,0,0,0,0,36,388.6,Berkabut,Prosedur Tidak Diikuti,Revisi Prosedur,Belum Dimulai,ROM (R-Blok01,Investigasi selesai
2481,2024-01-11,Thursday,1,Q1,2024,Shift 1 (07:00-19:00),Pit-B (Coal Getting),SPV-011,Administrasi,Medical Treatment,0,0,1,0,0,0,0,27,-100,Berkabut,Kondisi Cuaca Buruk,Pelatihan Ulang,Overdue,Pit-B-Blok02,
2482,2022-09-18,Sunday,9,Q3,2022,Shift 2 (19:00-07:00),Drainase,SPV-003,Administrasi,Near Miss,1,0,0,0,0,0,0,17,211.2,Berawan,Komunikasi Buruk,Pelatihan Ulang,Overdue,Draina-Blok03,Perlu tindak lanjut
2483,2024-09-08,Sunday,9,Q3,2024,Shift 2 (19:00-07:00),Pit-A (Overburden),SPV-019,Blasting,Medical Treatment,0,0,1,0,0,0,0,18,207.9,Hujan Lebat,Alat Pelindung Diri Tidak Sesuai,Penggantian APD,Belum Dimulai,Pit-A-Blok03,
2484,2024-11-10,Sunday,11,Q4,2024,Shift 1 (07:00-19:00),Pit-A (Overburden),SPV-002,Blasting,Medical Treatment,0,0,1,0,0,0,0,31,318.1,Berawan,Faktor Eksternal,Penggantian APD,Overdue,Pit-A-Blok02,
2485,2024-03-17,Sunday,3,Q1,2024,Shift 2 (19:00-07:00),Drainase,SPV-004,Drilling,Near Miss,1,0,0,0,0,0,0,30,375.8,Cerah,Komunikasi Buruk,Pelatihan Ulang,Dalam Proses,Draina-Blok04,
2486,2022-07-21,Thursday,7,Q3,2022,Shift 1 (07:00-19:00),Pit-C (Hauling),SPV-010,Dozing,First Aid,0,1,0,0,0,0,0,29,380.6,Cerah,Kondisi Cuaca Buruk,Pelatihan Ulang,Belum Dimulai,Pit-C-Blok04,Investigasi selesai
2487,2024-01-28,Sunday,1,Q1,2024,Shift 2 (19:00-07:00),Workshop,SPV-002,Grading,Medical Treatment,0,0,1,0,0,0,0,14,138.1,Berawan,Peralatan Rusak,Pelatihan Ulang,Selesai,Worksh-Blok03,Investigasi selesai
2488,2023-12-09,Saturday,12,Q4,2023,Shift 2 (19:00-07:00),Pit-C (Hauling),SPV-003,Fueling,Near Miss,1,0,0,0,0,0,0,45,467.2,Cerah,Peralatan Rusak,Penggantian APD,Belum Dimulai,Pit-C-Blok01,
2489,2022-03-05,Saturday,3,Q1,2022,Shift 2 (19:00-07:00),Pit-A (Overburden),SPV-017,Fueling,Near Miss,1,0,0,0,0,0,0,11,117.3,Hujan Ringan,Housekeeping Buruk,Briefing Safety,Selesai,Pit-A-Blok03,
2490,2023-09-12,Tuesday,9,Q3,2023,Shift 2 (19:00-07:00),ROM (Run of Mine),SPV-018,Fueling,Property Damage,0,0,0,0,0,0,1,37,425.9,Cerah,Kondisi Cuaca Buruk,Perbaikan Alat,Dalam Proses,ROM (R-Blok04,Investigasi selesai
2491,2024-03-30,Saturday,3,Q1,2024,Shift 1 (07:00-19:00),Pit-C (Hauling),SPV-015,Hauling,Near Miss,1,0,0,0,0,0,0,18,196.7,Cerah,Prosedur Tidak Diikuti,Penggantian APD,Overdue,Pit-C-Blok02,
2492,2023-07-10,Monday,7,Q3,2023,Shift 2 (19:00-07:00),Drainase,SPV-009,Drilling,Near Miss,1,0,0,0,0,0,0,42,461.3,Cerah,Peralatan Rusak,Investigasi Lanjut,Selesai,Draina-Blok02,
2493,2024-10-03,Thursday,10,Q4,2024,Shift 1 (07:00-19:00),Pit-B (Coal Getting),SPV-007,Loading,Lost Time Injury,0,0,0,1,1,5,0,34,355.4,Cerah,Faktor Eksternal,Penggantian APD,Belum Dimulai,Pit-B-Blok05,Investigasi selesai
2494,2024-12-18,Wednesday,12,Q4,2024,Shift 1 (07:00-19:00),ROM (Run of Mine),SPV-020,Survei,Near Miss,1,0,0,0,0,0,0,21,235.7,Berawan,Faktor Eksternal,Briefing Safety,Overdue,ROM (R-Blok03,
2495,2022-09-27,Tuesday,9,Q3,2022,Shift 1 (07:00-19:00),Stockpile,SPV-003,Blasting,Medical Treatment,0,0,1,0,0,0,0,45,557.2,Hujan Ringan,Alat Pelindung Diri Tidak Sesuai,Investigasi Lanjut,Dalam Proses,Stockp-Blok05,
2496,2024-01-09,Tuesday,1,Q1,2024,Shift 2 (19:00-07:00),Stockpile,SPV-009,Survei,Near Miss,1,0,0,0,0,0,0,32,344.1,Berkabut,Faktor Eksternal,Perbaikan Alat,Selesai,Stockp-Blok04,Perlu tindak lanjut
2497,2022-03-20,Sunday,3,Q1,2022,Shift 1 (07:00-19:00),Pit-A (Overburden),SPV-012,Blasting,Near Miss,1,0,0,0,0,0,0,26,289.7,Cerah,Alat Pelindung Diri Tidak Sesuai,Revisi Prosedur,Selesai,Pit-A-Blok01,Sudah dilaporkan ke HSE Manager
2498,2023-04-12,Wednesday,4,Q2,2023,Shift 1 (07:00-19:00),Pit-B (Coal Getting),SPV-019,Survei,First Aid,0,1,0,0,0,0,0,20,203.8,Berawan,Kelelahan Pekerja,Perbaikan Desain,Selesai,Pit-B-Blok04,Investigasi selesai
2499,2022-09-04,Sunday,9,Q3,2022,Shift 1 (07:00-19:00),Office Area,SPV-013,Pumping,First Aid,0,1,0,0,0,0,0,34,359.8,Cerah,Desain/Engineering,Perbaikan Alat,Selesai,Office-Blok03,Perlu tindak lanjut
2500,2024-06-22,Saturday,6,Q2,2024,Shift 1 (07:00-19:00),Office Area,SPV-006,Dozing,Medical Treatment,0,0,1,0,0,0,0,37,418.3,Berawan,Alat Pelindung Diri Tidak Sesuai,Briefing Safety,Overdue,Office-Blok02,Menunggu spare part
2501,2024-03-06,Wednesday,3,Q1,2024,Shift 2 (19:00-07:00),Pit-B (Coal Getting),SPV-003,Pengawasan,First Aid,0,1,0,0,0,0,0,34,-12,Berawan,Alat Pelindung Diri Tidak Sesuai,Pelatihan Ulang,Overdue,Pit-B-Blok01,Menunggu spare part
2502,2022-03-25,Friday,3,Q1,2022,Shift 1 (07:00-19:00),ROM (Run of Mine),SPV-014,Maintenance,First Aid,0,1,0,0,0,0,0,30,391.2,Berkabut,Desain/Engineering,Perbaikan Desain,Dalam Proses,ROM (R-Blok04,
2503,2024-08-15,Thursday,8,Q3,2024,Shift 2 (19:00-07:00),Pit-C (Hauling),SPV-014,Maintenance,Near Miss,1,0,0,0,0,0,0,12,142.2,Berawan,Housekeeping Buruk,Investigasi Lanjut,Selesai,Pit-C-Blok02,Investigasi selesai
2504,2022-05-01,Sunday,5,Q2,2022,Shift 1 (07:00-19:00),Pit-C (Hauling),SPV-015,Drilling,Medical Treatment,0,0,1,0,0,0,0,17,208.9,Berkabut,Housekeeping Buruk,Perbaikan Alat,Selesai,Pit-C-Blok03,Perlu tindak lanjut
2505,2022-11-06,Sunday,11,Q4,2022,Shift 2 (19:00-07:00),Pit-B (Coal Getting),SPV-002,Pumping,Near Miss,1,0,0,0,0,0,0,42,432.3,Berawan,Peralatan Rusak,Perbaikan Alat,Belum Dimulai,Pit-B-Blok03,
2506,2022-06-17,Friday,6,Q2,2022,Shift 2 (19:00-07:00),Drainase,SPV-020,Pengawasan,First Aid,0,1,0,0,0,0,0,11,124.4,Berkabut,Housekeeping Buruk,Penggantian APD,Dalam Proses,Draina-Blok05,
2507,2022-02-23,Wednesday,2,Q1,2022,Shift 1 (07:00-19:00),Workshop,SPV-005,Maintenance,Lost Time Injury,0,0,0,1,0,14,0,43,437.9,Berawan,Human Error,Pelatihan Ulang,Selesai,Worksh-Blok02,
2508,2022-03-26,Saturday,3,Q1,2022,Shift 1 (07:00-19:00),Pit-A (Overburden),SPV-004,Loading,Near Miss,1,0,0,0,0,0,0,27,305.7,Cerah,Housekeeping Buruk,Penggantian APD,Selesai,Pit-A-Blok02,Sudah dilaporkan ke HSE Manager
2509,2022-12-08,Thursday,12,Q4,2022,Shift 2 (19:00-07:00),Workshop,SPV-011,Pumping,Medical Treatment,0,0,1,0,0,0,0,21,257.1,Cerah,Kondisi Cuaca Buruk,Penggantian APD,Selesai,Worksh-Blok02,Investigasi selesai
2510,2024-08-01,Thursday,8,Q3,2024,Shift 2 (19:00-07:00),Pit-A (Overburden),SPV-020,Fueling,Near Miss,1,0,0,0,0,0,0,17,176.1,Berawan,Kondisi Cuaca Buruk,Investigasi Lanjut,Selesai,Pit-A-Blok03,
2511,2023-08-06,Sunday,8,Q3,2023,Shift 2 (19:00-07:00),Pit-C (Hauling),SPV-002,Grading,Near Miss,1,0,0,0,0,0,0,11,133,Berawan,Komunikasi Buruk,Briefing Safety,Selesai,Pit-C-Blok05,Sudah dilaporkan ke HSE Manager
2512,2023-12-08,Friday,12,Q4,2023,Shift 1 (07:00-19:00),Office Area,SPV-014,Loading,First Aid,0,1,0,0,0,0,0,27,292.2,Cerah,,Penggantian APD,Selesai,Office-Blok04,Perlu tindak lanjut
2513,2023-11-19,Sunday,11,Q4,2023,Shift 2 (19:00-07:00),Pit-B (Coal Getting),SPV-019,Loading,First Aid,0,1,0,0,0,0,0,43,529,Berawan,Housekeeping Buruk,Investigasi Lanjut,Dalam Proses,Pit-B-Blok04,Perlu tindak lanjut
2514,2023-11-26,Sunday,11,Q4,2023,Shift 2 (19:00-07:00),Pit-A (Overburden),SPV-016,Administrasi,Near Miss,1,0,0,0,0,0,0,42,533.8,Berawan,Kelelahan Pekerja,Penggantian APD,Selesai,Pit-A-Blok04,Menunggu spare part
2515,2024-12-11,Wednesday,12,Q4,2024,Shift 2 (19:00-07:00),Pit-A (Overburden),SPV-005,Dozing,Medical Treatment,0,0,1,0,0,0,0,8,101.2,Berawan,Housekeeping Buruk,Penggantian APD,Selesai,Pit-A-Blok02,
2516,2023-04-14,Friday,4,Q2,2023,Shift 2 (19:00-07:00),Pit-A (Overburden),SPV-012,Dozing,Medical Treatment,0,0,1,0,0,0,0,11,142.2,Cerah,Housekeeping Buruk,Pelatihan Ulang,Dalam Proses,Pit-A-Blok05,Menunggu spare part
2517,2023-11-06,Monday,11,Q4,2023,Shift 2 (19:00-07:00),Pit-C (Hauling),SPV-015,Survei,First Aid,0,1,0,0,0,0,0,23,297,Berawan,Human Error,Perbaikan Desain,Selesai,Pit-C-Blok01,Menunggu spare part
2518,2024-09-25,Wednesday,9,Q3,2024,Shift 1 (07:00-19:00),Drainase,SPV-009,Administrasi,Medical Treatment,0,0,1,0,0,0,0,16,190.8,Hujan Lebat,Peralatan Rusak,Revisi Prosedur,Selesai,Draina-Blok04,
2519,2023-12-25,Monday,12,Q4,2023,Shift 1 (07:00-19:00),Pit-B (Coal Getting),SPV-010,Grading,First Aid,0,1,0,0,0,0,0,43,450.5,Cerah,Prosedur Tidak Diikuti,Penggantian APD,Selesai,Pit-B-Blok01,Perlu tindak lanjut
2520,2022-12-18,Sunday,12,Q4,2022,Shift 1 (07:00-19:00),ROM (Run of Mine),SPV-015,Dozing,Near Miss,1,0,0,0,0,0,0,15,177.6,Berkabut,Kelelahan Pekerja,Penggantian APD,Overdue,ROM (R-Blok04,
2521,2023-10-10,Tuesday,10,Q4,2023,Shift 2 (19:00-07:00),Pit-B (Coal Getting),SPV-007,Blasting,First Aid,0,1,0,0,0,0,0,43,470.1,Cerah,Prosedur Tidak Diikuti,Revisi Prosedur,Dalam Proses,Pit-B-Blok05,
2522,2024-07-22,Monday,7,Q3,2024,Shift 1 (07:00-19:00),Drainase,SPV-013,Administrasi,Lost Time Injury,0,0,0,1,0,7,0,24,257.6,Berkabut,Kondisi Cuaca Buruk,Briefing Safety,Belum Dimulai,Draina-Blok01,
2523,2022-09-18,Sunday,9,Q3,2022,Shift 2 (19:00-07:00),Stockpile,SPV-011,Dozing,Medical Treatment,0,0,1,0,0,0,0,17,195.1,Hujan Ringan,Kondisi Cuaca Buruk,Pelatihan Ulang,Dalam Proses,Stockp-Blok04,Menunggu spare part
2524,2022-01-01,Saturday,1,Q1,2022,Shift 2 (19:00-07:00),Pit-B (Coal Getting),SPV-008,Pengawasan,Near Miss,1,0,0,0,0,0,0,44,448.9,Berawan,Human Error,Penggantian APD,Dalam Proses,Pit-B-Blok01,Investigasi selesai
2525,2024-06-10,Monday,6,Q2,2024,Shift 1 (07:00-19:00),Pit-C (Hauling),SPV-018,Fueling,First Aid,0,1,0,0,0,0,0,15,179.4,Hujan Lebat,Housekeeping Buruk,Briefing Safety,Selesai,Pit-C-Blok03,Investigasi selesai
2526,2022-10-12,Wednesday,10,Q4,2022,Shift 1 (07:00-19:00),ROM (Run of Mine),SPV-013,Blasting,Near Miss,1,0,0,0,0,0,0,27,274.2,Berawan,Peralatan Rusak,Revisi Prosedur,Selesai,ROM (R-Blok01,Sudah dilaporkan ke HSE Manager
2527,2023-10-30,Monday,10,Q4,2023,Shift 2 (19:00-07:00),Pit-A (Overburden),SPV-017,Loading,First Aid,0,1,0,0,0,0,0,11,130.3,Cerah,Desain/Engineering,Perbaikan Desain,Selesai,Pit-A-Blok02,
2528,2023-06-03,Saturday,6,Q2,2023,Shift 1 (07:00-19:00),Pit-A (Overburden),SPV-016,Survei,Near Miss,1,0,0,0,0,0,0,43,510.9,Berawan,Faktor Eksternal,Revisi Prosedur,Selesai,Pit-A-Blok05,
2529,2024-11-19,Tuesday,11,Q4,2024,Shift 1 (07:00-19:00),Pit-C (Hauling),SPV-015,Loading,Near Miss,1,0,0,0,0,0,0,34,380.6,Berawan,Kelelahan Pekerja,Perbaikan Alat,Belum Dimulai,Pit-C-Blok02,
2530,2024-10-16,Wednesday,10,Q4,2024,Shift 1 (07:00-19:00),Pit-C (Hauling),SPV-015,Pumping,Near Miss,1,0,0,0,0,0,0,16,164.6,Berawan,Kelelahan Pekerja,Revisi Prosedur,Dalam Proses,Pit-C-Blok04,Menunggu spare part
2531,2023-09-06,Wednesday,9,Q3,2023,Shift 1 (07:00-19:00),Pit-B (Coal Getting),SPV-006,Fueling,Near Miss,1,0,0,0,0,0,0,44,472.8,Berkabut,Faktor Eksternal,Revisi Prosedur,Dalam Proses,Pit-B-Blok01,
2532,2024-02-02,Friday,2,Q1,2024,Shift 1 (07:00-19:00),ROM (Run of Mine),SPV-011,Administrasi,Near Miss,1,0,0,0,0,0,0,13,170.3,Cerah,Desain/Engineering,Penggantian APD,Selesai,ROM (R-Blok01,
2533,2023-04-07,Friday,4,Q2,2023,Shift 1 (07:00-19:00),Pit-A (Overburden),SPV-011,Fueling,First Aid,0,1,0,0,0,0,0,41,525.5,Cerah,Desain/Engineering,Perbaikan Desain,Selesai,Pit-A-Blok03,Perlu tindak lanjut
2534,2024-12-04,Wednesday,12,Q4,2024,Shift 1 (07:00-19:00),Pit-B (Coal Getting),SPV-017,Pengawasan,Near Miss,1,0,0,0,0,0,0,8,82.9,Berawan,Human Error,Pelatihan Ulang,Dalam Proses,Pit-B-Blok05,Perlu tindak lanjut
2535,2023-10-28,Saturday,10,Q4,2023,Shift 1 (07:00-19:00),Pit-A (Overburden),SPV-009,Blasting,First Aid,0,1,0,0,0,0,0,27,319.7,Cerah,Alat Pelindung Diri Tidak Sesuai,Perbaikan Desain,Selesai,Pit-A-Blok05,
2536,2024-04-05,Friday,4,Q2,2024,Shift 1 (07:00-19:00),Pit-C (Hauling),SPV-005,Blasting,Near Miss,1,0,0,0,0,0,0,39,382.7,Hujan Ringan,Human Error,Revisi Prosedur,Dalam Proses,Pit-C-Blok04,
2537,2022-09-28,Wednesday,9,Q3,2022,Shift 2 (19:00-07:00),Stockpile,SPV-005,Survei,Near Miss,1,0,0,0,0,0,0,12,126,Hujan Ringan,Human Error,Briefing Safety,Selesai,Stockp-Blok05,Investigasi selesai
2538,2022-10-07,Friday,10,Q4,2022,Shift 2 (19:00-07:00),Pit-B (Coal Getting),SPV-008,Dozing,Near Miss,1,0,0,0,0,0,0,45,480.5,Hujan Lebat,Human Error,Perbaikan Alat,Dalam Proses,Pit-B-Blok05,Menunggu spare part
2539,2023-05-23,Tuesday,5,Q2,2023,Shift 1 (07:00-19:00),Pit-C (Hauling),SPV-010,Survei,Near Miss,1,0,0,0,0,0,0,30,298.1,Cerah,Human Error,Perbaikan Desain,Selesai,Pit-C-Blok03,Investigasi selesai
2540,2022-05-11,Wednesday,5,Q2,2022,Shift 2 (19:00-07:00),Pit-C (Hauling),SPV-012,Pumping,Near Miss,1,0,0,0,0,0,0,23,241,Hujan Lebat,Peralatan Rusak,Penggantian APD,Belum Dimulai,Pit-C-Blok02,
2541,2022-09-22,Thursday,9,Q3,2022,Shift 2 (19:00-07:00),Pit-B (Coal Getting),SPV-018,Survei,Near Miss,1,0,0,0,0,0,0,30,323.3,Cerah,Housekeeping Buruk,Investigasi Lanjut,Selesai,Pit-B-Blok03,
2542,2023-08-05,Saturday,8,Q3,2023,Shift 2 (19:00-07:00),Pit-A (Overburden),SPV-003,Blasting,Property Damage,0,0,0,0,0,0,1,34,434,Cerah,Peralatan Rusak,Perbaikan Alat,Dalam Proses,Pit-A-Blok01,Sudah dilaporkan ke HSE Manager
2543,2023-08-21,Monday,8,Q3,2023,Shift 2 (19:00-07:00),Pit-B (Coal Getting),SPV-012,Dozing,Lost Time Injury,0,0,0,1,0,5,0,45,589.4,Cerah,Kelelahan Pekerja,Penggantian APD,Selesai,Pit-B-Blok04,Menunggu spare part
2544,2022-10-17,Monday,10,Q4,2022,Shift 1 (07:00-19:00),Stockpile,SPV-005,Survei,Near Miss,1,0,0,0,0,0,0,14,163.4,Hujan Ringan,Kondisi Cuaca Buruk,Pelatihan Ulang,Selesai,Stockp-Blok02,Sudah dilaporkan ke HSE Manager
2545,2023-05-31,Wednesday,5,Q2,2023,Shift 1 (07:00-19:00),Stockpile,SPV-018,Blasting,First Aid,0,1,0,0,0,0,0,31,339,Cerah,Prosedur Tidak Diikuti,Penggantian APD,Dalam Proses,Stockp-Blok01,Menunggu spare part
2546,2023-12-29,Friday,12,Q4,2023,Shift 1 (07:00-19:00),Pit-B (Coal Getting),SPV-001,Maintenance,Near Miss,1,0,0,0,0,0,0,38,447.3,Cerah,Kelelahan Pekerja,Briefing Safety,Dalam Proses,Pit-B-Blok05,
2547,2023-02-05,Sunday,2,Q1,2023,Shift 2 (19:00-07:00),Pit-C (Hauling),,Hauling,Property Damage,0,0,0,0,0,0,1,43,434.8,Hujan Lebat,Prosedur Tidak Diikuti,Perbaikan Alat,Selesai,Pit-C-Blok02,Sudah dilaporkan ke HSE Manager
2548,2023-06-10,Saturday,6,Q2,2023,Shift 2 (19:00-07:00),Office Area,SPV-002,Hauling,First Aid,0,1,0,0,0,0,0,44,537.3,Cerah,Peralatan Rusak,Perbaikan Desain,Selesai,Office-Blok05,
2549,2023-07-23,Sunday,7,Q3,2023,Shift 1 (07:00-19:00),Pit-B (Coal Getting),SPV-017,Hauling,Near Miss,1,0,0,0,0,0,0,43,440.2,Berawan,Kondisi Cuaca Buruk,Penggantian APD,Belum Dimulai,Pit-B-Blok02,Menunggu spare part
2550,2023-07-26,Wednesday,7,Q3,2023,Shift 2 (19:00-07:00),Workshop,SPV-016,Drilling,Near Miss,1,0,0,0,0,0,0,10,106.2,Cerah,Faktor Eksternal,Penggantian APD,Selesai,Worksh-Blok05,Menunggu spare part
2551,2024-07-11,Thursday,7,Q3,2024,Shift 1 (07:00-19:00),ROM (Run of Mine),SPV-011,Drilling,First Aid,0,1,0,0,0,0,0,10,116.8,Berawan,Prosedur Tidak Diikuti,Investigasi Lanjut,Belum Dimulai,ROM (R-Blok01,
2552,2023-08-26,Saturday,8,Q3,2023,Shift 1 (07:00-19:00),Workshop,SPV-017,Survei,Near Miss,1,0,0,0,0,0,0,30,393.4,Cerah,Human Error,Perbaikan Desain,Selesai,Worksh-Blok01,Sudah dilaporkan ke HSE Manager
2553,2024-04-21,Sunday,4,Q2,2024,Shift 1 (07:00-19:00),Pit-B (Coal Getting),SPV-004,Fueling,First Aid,0,1,0,0,0,0,0,42,507.7,Hujan Lebat,Kondisi Cuaca Buruk,Pelatihan Ulang,Dalam Proses,Pit-B-Blok02,
2554,2023-09-10,Sunday,9,Q3,2023,Shift 1 (07:00-19:00),Pit-B (Coal Getting),SPV-015,Maintenance,Property Damage,0,0,0,0,0,0,1,38,396.7,,Komunikasi Buruk,Penggantian APD,Selesai,Pit-B-Blok04,
2555,2023-11-07,Tuesday,11,Q4,2023,Shift 1 (07:00-19:00),Pit-A (Overburden),SPV-002,Pengawasan,Near Miss,1,0,0,0,0,0,0,20,226.2,Hujan Ringan,Prosedur Tidak Diikuti,Investigasi Lanjut,Selesai,Pit-A-Blok02,Sudah dilaporkan ke HSE Manager
2556,2023-07-03,Monday,7,Q3,2023,Shift 1 (07:00-19:00),Pit-A (Overburden),SPV-015,Survei,Medical Treatment,0,0,1,0,0,0,0,30,337.8,Berawan,Human Error,Briefing Safety,Selesai,Pit-A-Blok04,Perlu tindak lanjut
2557,2024-12-14,Saturday,12,Q4,2024,Shift 1 (07:00-19:00),Pit-C (Hauling),SPV-020,Drilling,Near Miss,1,0,0,0,0,0,0,29,335.5,Berawan,Alat Pelindung Diri Tidak Sesuai,Revisi Prosedur,Selesai,Pit-C-Blok03,
2558,2024-12-21,Saturday,12,Q4,2024,Shift 2 (19:00-07:00),Pit-C (Hauling),SPV-002,Dozing,First Aid,0,1,0,0,0,0,0,20,235.4,Hujan Ringan,Kelelahan Pekerja,Penggantian APD,Selesai,Pit-C-Blok03,
2559,2023-11-01,Wednesday,11,Q4,2023,Shift 1 (07:00-19:00),ROM (Run of Mine),SPV-009,Dozing,Near Miss,1,0,0,0,0,0,0,40,439.6,Cerah,Kondisi Cuaca Buruk,Briefing Safety,Dalam Proses,ROM (R-Blok02,Menunggu spare part
2560,2023-03-08,Wednesday,3,Q1,2023,Shift 2 (19:00-07:00),Pit-A (Overburden),SPV-018,Dozing,Near Miss,1,0,0,0,0,0,0,20,244.8,Berkabut,Prosedur Tidak Diikuti,Perbaikan Desain,Selesai,Pit-A-Blok05,Sudah dilaporkan ke HSE Manager
2561,2022-11-19,Saturday,11,Q4,2022,Shift 2 (19:00-07:00),Workshop,SPV-012,Dozing,Lost Time Injury,0,0,0,1,0,13,0,13,170.7,Berawan,Faktor Eksternal,Revisi Prosedur,Belum Dimulai,Worksh-Blok04,Perlu tindak lanjut
2562,2023-10-15,Sunday,10,Q4,2023,Shift 1 (07:00-19:00),Pit-A (Overburden),SPV-015,Blasting,Medical Treatment,0,0,1,0,0,0,0,44,553.1,Cerah,Desain/Engineering,Penggantian APD,Dalam Proses,Pit-A-Blok01,Investigasi selesai
2563,2024-01-17,Wednesday,1,Q1,2024,Shift 1 (07:00-19:00),Pit-B (Coal Getting),SPV-007,Dozing,Medical Treatment,0,0,1,0,0,0,0,31,337.3,Berawan,Alat Pelindung Diri Tidak Sesuai,Pelatihan Ulang,Selesai,Pit-B-Blok02,Investigasi selesai
2564,2023-12-03,Sunday,12,Q4,2023,Shift 1 (07:00-19:00),ROM (Run of Mine),SPV-014,Dozing,Medical Treatment,0,0,1,0,0,0,0,42,425.1,Berawan,Kelelahan Pekerja,Perbaikan Desain,Overdue,ROM (R-Blok03,
2565,2023-04-25,Tuesday,4,Q2,2023,Shift 1 (07:00-19:00),Workshop,SPV-009,Grading,Environmental Spill,0,0,0,0,0,0,0,43,528.5,Cerah,Faktor Eksternal,Perbaikan Desain,Selesai,Worksh-Blok02,
2566,2023-03-11,Saturday,3,Q1,2023,Shift 1 (07:00-19:00),Pit-A (Overburden),SPV-015,Administrasi,Property Damage,0,0,0,0,0,0,1,44,495.8,Hujan Lebat,Kondisi Cuaca Buruk,Pelatihan Ulang,Selesai,Pit-A-Blok03,Perlu tindak lanjut
2567,2022-08-09,Tuesday,8,Q3,2022,Shift 1 (07:00-19:00),Pit-B (Coal Getting),SPV-016,Pumping,First Aid,0,1,0,0,0,0,0,45,481.7,Cerah,Human Error,Pelatihan Ulang,Selesai,Pit-B-Blok01,Sudah dilaporkan ke HSE Manager
2568,2023-11-13,Monday,11,Q4,2023,Shift 2 (19:00-07:00),Pit-A (Overburden),SPV-008,Maintenance,First Aid,0,1,0,0,0,0,0,10,101,Cerah,Alat Pelindung Diri Tidak Sesuai,Perbaikan Alat,Selesai,Pit-A-Blok05,Sudah dilaporkan ke HSE Manager
2569,2024-11-29,Friday,11,Q4,2024,Shift 2 (19:00-07:00),Pit-C (Hauling),SPV-012,Grading,First Aid,0,1,0,0,0,0,0,34,421.2,Berawan,Desain/Engineering,Briefing Safety,Dalam Proses,Pit-C-Blok04,
2570,2024-11-02,Saturday,11,Q4,2024,Shift 1 (07:00-19:00),Pit-B (Coal Getting),SPV-020,Dozing,Lost Time Injury,0,0,0,1,0,2,0,23,291.6,Hujan Ringan,Faktor Eksternal,Briefing Safety,Selesai,Pit-B-Blok05,
2571,2023-12-24,Sunday,12,Q4,2023,Shift 2 (19:00-07:00),Pit-B (Coal Getting),SPV-008,Maintenance,Near Miss,1,0,0,0,0,0,0,10,108.8,Cerah,Desain/Engineering,Pelatihan Ulang,Selesai,Pit-B-Blok05,
2572,2024-03-04,Monday,3,Q1,2024,Shift 1 (07:00-19:00),Pit-B (Coal Getting),SPV-002,Fueling,First Aid,0,1,0,0,0,0,0,22,231.4,Cerah,Alat Pelindung Diri Tidak Sesuai,Investigasi Lanjut,Dalam Proses,Pit-B-Blok04,
2573,2022-02-14,Monday,2,Q1,2022,Shift 1 (07:00-19:00),Pit-C (Hauling),SPV-010,Pengawasan,Medical Treatment,0,0,1,0,0,0,0,41,538.2,Berkabut,Kondisi Cuaca Buruk,Briefing Safety,Belum Dimulai,Pit-C-Blok01,Perlu tindak lanjut
2574,2023-02-24,Friday,2,Q1,2023,Shift 2 (19:00-07:00),Pit-C (Hauling),SPV-014,Maintenance,Lost Time Injury,0,0,0,1,0,12,0,36,473.3,Berawan,Faktor Eksternal,Revisi Prosedur,Selesai,Pit-C-Blok03,
2575,2022-08-19,Friday,8,Q3,2022,Shift 2 (19:00-07:00),Stockpile,SPV-014,Pengawasan,Property Damage,0,0,0,0,0,0,1,40,485.7,Cerah,Kelelahan Pekerja,Revisi Prosedur,Selesai,Stockp-Blok04,Perlu tindak lanjut
2576,2022-12-21,Wednesday,12,Q4,2022,Shift 1 (07:00-19:00),Drainase,SPV-009,Pengawasan,First Aid,0,1,0,0,0,0,0,36,366.7,Berkabut,Human Error,Investigasi Lanjut,Selesai,Draina-Blok04,
2577,2023-08-22,Tuesday,8,Q3,2023,Shift 1 (07:00-19:00),Pit-C (Hauling),SPV-012,Grading,Medical Treatment,0,0,1,0,0,0,0,10,125.2,Cerah,Housekeeping Buruk,Briefing Safety,Selesai,Pit-C-Blok01,Investigasi selesai
2578,2024-02-14,Wednesday,2,Q1,2024,Shift 1 (07:00-19:00),Pit-B (Coal Getting),SPV-005,Administrasi,First Aid,0,1,0,0,0,0,0,23,233.2,Hujan Ringan,Komunikasi Buruk,Penggantian APD,Dalam Proses,Pit-B-Blok04,Sudah dilaporkan ke HSE Manager
2579,2023-03-02,Thursday,3,Q1,2023,Shift 1 (07:00-19:00),Pit-A (Overburden),SPV-012,Administrasi,Medical Treatment,0,0,1,0,0,0,0,21,228.7,Cerah,Desain/Engineering,Revisi Prosedur,Belum Dimulai,Pit-A-Blok05,
2580,2022-03-28,Monday,3,Q1,2022,Shift 1 (07:00-19:00),Pit-B (Coal Getting),SPV-013,Drilling,Lost Time Injury,0,0,0,1,0,10,0,24,254.4,Berkabut,Housekeeping Buruk,Pelatihan Ulang,Selesai,Pit-B-Blok02,Menunggu spare part
2581,2022-06-12,Sunday,6,Q2,2022,Shift 2 (19:00-07:00),Stockpile,SPV-013,Pumping,Near Miss,1,0,0,0,0,0,0,38,417.9,Berawan,Prosedur Tidak Diikuti,Penggantian APD,Dalam Proses,Stockp-Blok01,Perlu tindak lanjut
2582,2022-12-25,Sunday,12,Q4,2022,Shift 1 (07:00-19:00),Pit-C (Hauling),SPV-011,Dozing,Near Miss,1,0,0,0,0,0,0,33,360.7,Cerah,Alat Pelindung Diri Tidak Sesuai,Investigasi Lanjut,Selesai,Pit-C-Blok02,Menunggu spare part
2583,2022-06-14,Tuesday,6,Q2,2022,Shift 1 (07:00-19:00),Pit-B (Coal Getting),SPV-004,Loading,First Aid,0,1,0,0,0,0,0,15,184.6,Berawan,Peralatan Rusak,Investigasi Lanjut,Overdue,Pit-B-Blok04,Investigasi selesai
2584,2024-11-28,Thursday,11,Q4,2024,Shift 2 (19:00-07:00),Pit-A (Overburden),SPV-004,Hauling,Near Miss,1,0,0,0,0,0,0,31,391.5,Hujan Lebat,Prosedur Tidak Diikuti,Perbaikan Desain,Belum Dimulai,Pit-A-Blok04,Menunggu spare part
2585,2023-02-27,Monday,2,Q1,2023,Shift 1 (07:00-19:00),Office Area,SPV-017,Hauling,First Aid,0,1,0,0,0,0,0,10,120.4,Berkabut,Prosedur Tidak Diikuti,Perbaikan Alat,Selesai,Office-Blok01,
2586,2023-08-22,Tuesday,8,Q3,2023,Shift 1 (07:00-19:00),ROM (Run of Mine),SPV-013,Dozing,Near Miss,1,0,0,0,0,0,0,36,365.1,Hujan Ringan,Faktor Eksternal,Penggantian APD,Belum Dimulai,ROM (R-Blok05,Perlu tindak lanjut
2587,N/A,Tuesday,1,Q1,2023,Shift 1 (07:00-19:00),Pit-A (Overburden),SPV-002,Pumping,Property Damage,0,0,0,0,0,0,1,25,263.7,Cerah,Desain/Engineering,Penggantian APD,Dalam Proses,Pit-A-Blok02,Investigasi selesai
2588,2023-09-30,Saturday,9,Q3,2023,Shift 2 (19:00-07:00),Pit-A (Overburden),SPV-017,Pumping,Near Miss,1,0,0,0,0,0,0,14,148.6,Cerah,Housekeeping Buruk,Briefing Safety,Dalam Proses,Pit-A-Blok02,Sudah dilaporkan ke HSE Manager
2589,2024-02-20,Tuesday,2,Q1,2024,Shift 2 (19:00-07:00),Workshop,SPV-004,Loading,Medical Treatment,0,0,1,0,0,0,0,40,480.4,Berawan,Kondisi Cuaca Buruk,Revisi Prosedur,Dalam Proses,Worksh-Blok04,
2590,2024-06-05,Wednesday,6,Q2,2024,Shift 1 (07:00-19:00),Pit-B (Coal Getting),SPV-007,Pengawasan,Near Miss,1,0,0,0,0,0,0,16,211.4,Berawan,Housekeeping Buruk,Perbaikan Desain,Belum Dimulai,Pit-B-Blok01,Perlu tindak lanjut
2591,2022-11-23,Wednesday,11,Q4,2022,Shift 2 (19:00-07:00),Pit-B (Coal Getting),SPV-011,Maintenance,Lost Time Injury,0,0,0,1,0,14,0,37,426.4,Hujan Ringan,Kelelahan Pekerja,Pelatihan Ulang,Selesai,Pit-B-Blok03,
2592,2023-12-20,Wednesday,12,Q4,2023,Shift 1 (07:00-19:00),Pit-C (Hauling),SPV-017,Pengawasan,Near Miss,1,0,0,0,0,0,0,17,177.8,Cerah,Faktor Eksternal,Perbaikan Alat,Dalam Proses,Pit-C-Blok03,Sudah dilaporkan ke HSE Manager
2593,2024-10-03,Thursday,10,Q4,2024,Shift 2 (19:00-07:00),ROM (Run of Mine),SPV-019,Fueling,Near Miss,1,0,0,0,0,0,0,20,198.6,Berawan,Human Error,Penggantian APD,Selesai,ROM (R-Blok03,
2594,2022-07-26,Tuesday,7,Q3,2022,Shift 1 (07:00-19:00),Drainase,SPV-006,Dozing,Medical Treatment,0,0,1,0,0,0,0,9,116.2,Cerah,Alat Pelindung Diri Tidak Sesuai,Investigasi Lanjut,Selesai,Draina-Blok05,
2595,2022-11-13,Sunday,11,Q4,2022,Shift 1 (07:00-19:00),Office Area,SPV-010,Blasting,Property Damage,0,0,0,0,0,0,1,25,295.8,Hujan Ringan,Prosedur Tidak Diikuti,Penggantian APD,Selesai,Office-Blok03,
2596,2024-02-07,Wednesday,2,Q1,2024,Shift 1 (07:00-19:00),Pit-B (Coal Getting),SPV-017,Blasting,Near Miss,1,0,0,0,0,0,0,16,178.3,Berawan,Human Error,Briefing Safety,Belum Dimulai,Pit-B-Blok01,
2597,2022-03-25,Friday,3,Q1,2022,Shift 1 (07:00-19:00),Pit-B (Coal Getting),SPV-012,Fueling,First Aid,0,1,0,0,0,0,0,36,368.4,Cerah,Prosedur Tidak Diikuti,Penggantian APD,Dalam Proses,Pit-B-Blok03,Sudah dilaporkan ke HSE Manager
2598,2024-06-18,Tuesday,6,Q2,2024,Shift 1 (07:00-19:00),Pit-C (Hauling),SPV-013,Pengawasan,Near Miss,1,0,0,0,0,0,0,30,357.7,Cerah,Faktor Eksternal,Briefing Safety,Selesai,Pit-C-Blok03,
2599,2024-05-13,Monday,5,Q2,2024,Shift 2 (19:00-07:00),Office Area,SPV-015,Pumping,Medical Treatment,0,0,1,0,0,0,0,36,352.3,Cerah,Desain/Engineering,Briefing Safety,Selesai,Office-Blok05,
2600,2024-07-27,Saturday,7,Q3,2024,Shift 1 (07:00-19:00),Stockpile,SPV-009,Survei,Near Miss,1,0,0,0,0,0,0,16,184.8,Cerah,Desain/Engineering,Perbaikan Desain,Dalam Proses,Stockp-Blok04,Menunggu spare part
2601,2024-01-09,Tuesday,1,Q1,2024,Shift 2 (19:00-07:00),ROM (Run of Mine),SPV-015,Drilling,Near Miss,1,0,0,0,0,0,0,40,473.3,Hujan Ringan,Faktor Eksternal,Revisi Prosedur,Dalam Proses,ROM (R-Blok04,
2602,2022-06-07,Tuesday,6,Q2,2022,Shift 1 (07:00-19:00),Pit-B (Coal Getting),SPV-001,Hauling,Near Miss,1,0,0,0,0,0,0,9,116,Cerah,Faktor Eksternal,Briefing Safety,Selesai,Pit-B-Blok01,Investigasi selesai
2603,2024-08-22,Thursday,8,Q3,2024,Shift 2 (19:00-07:00),Stockpile,SPV-017,Loading,Near Miss,1,0,0,0,0,0,0,43,501.8,Cerah,Human Error,Revisi Prosedur,Selesai,Stockp-Blok03,Perlu tindak lanjut
2604,2022-06-24,Friday,6,Q2,2022,Shift 2 (19:00-07:00),Pit-B (Coal Getting),SPV-019,Survei,Near Miss,1,0,0,0,0,0,0,34,373.4,Hujan Lebat,Human Error,Penggantian APD,Selesai,Pit-B-Blok02,Investigasi selesai
2605,2023-11-21,Tuesday,11,Q4,2023,Shift 2 (19:00-07:00),Pit-B (Coal Getting),SPV-007,Drilling,Near Miss,1,0,0,0,0,0,0,33,348.1,Berawan,Housekeeping Buruk,Perbaikan Alat,Belum Dimulai,Pit-B-Blok02,
2606,2022-06-11,Saturday,6,Q2,2022,Shift 1 (07:00-19:00),Pit-B (Coal Getting),SPV-012,Fueling,Near Miss,1,0,0,0,0,0,0,12,134,Berawan,Komunikasi Buruk,Perbaikan Desain,Dalam Proses,Pit-B-Blok04,Perlu tindak lanjut
2607,2023-09-07,Thursday,9,Q3,2023,Shift 1 (07:00-19:00),Pit-C (Hauling),SPV-001,Pumping,Medical Treatment,0,0,1,0,0,0,0,42,472.4,Berawan,Prosedur Tidak Diikuti,Penggantian APD,Selesai,Pit-C-Blok01,
2608,2023-04-18,Tuesday,4,Q2,2023,Shift 2 (19:00-07:00),Pit-B (Coal Getting),SPV-014,Loading,Property Damage,0,0,0,0,0,0,1,15,183.6,Hujan Ringan,Faktor Eksternal,Pelatihan Ulang,Belum Dimulai,Pit-B-Blok04,
2609,2023-08-25,Friday,8,Q3,2023,Shift 1 (07:00-19:00),Pit-A (Overburden),SPV-004,Pengawasan,Medical Treatment,0,0,1,0,0,0,0,16,189.6,Berkabut,Kondisi Cuaca Buruk,Revisi Prosedur,Overdue,Pit-A-Blok03,Perlu tindak lanjut
2610,2024-04-16,Tuesday,4,Q2,2024,Shift 1 (07:00-19:00),Pit-A (Overburden),SPV-003,Administrasi,First Aid,0,1,0,0,0,0,0,37,372.2,Hujan Ringan,Housekeeping Buruk,Penggantian APD,Belum Dimulai,Pit-A-Blok03,
2611,2023-04-13,Thursday,4,Q2,2023,Shift 2 (19:00-07:00),Pit-A (Overburden),SPV-015,Hauling,Near Miss,1,0,0,0,0,0,0,30,373.6,Berawan,Kelelahan Pekerja,Investigasi Lanjut,Overdue,Pit-A-Blok03,Investigasi selesai
2612,2023-07-09,Sunday,7,Q3,2023,Shift 2 (19:00-07:00),Workshop,SPV-020,Fueling,Near Miss,1,0,0,0,0,0,0,37,426.1,Cerah,Desain/Engineering,Penggantian APD,Dalam Proses,Worksh-Blok04,
2613,2024-11-17,Sunday,11,Q4,2024,Shift 2 (19:00-07:00),Pit-A (Overburden),SPV-002,Grading,Near Miss,1,0,0,0,0,0,0,26,305.9,Cerah,Kondisi Cuaca Buruk,Perbaikan Desain,Dalam Proses,Pit-A-Blok02,Investigasi selesai
2614,2022-01-30,Sunday,1,Q1,2022,Shift 1 (07:00-19:00),ROM (Run of Mine),SPV-002,Maintenance,First Aid,0,1,0,0,0,0,0,33,327.2,Cerah,Human Error,Revisi Prosedur,Selesai,ROM (R-Blok01,
2615,2024-05-02,Thursday,5,Q2,2024,Shift 2 (19:00-07:00),Pit-C (Hauling),SPV-019,Hauling,Near Miss,1,0,0,0,0,0,0,14,165.7,Hujan Lebat,Housekeeping Buruk,Perbaikan Alat,Selesai,Pit-C-Blok04,
2616,2023-04-24,Monday,4,Q2,2023,Shift 1 (07:00-19:00),Pit-B (Coal Getting),SPV-020,Loading,Property Damage,0,0,0,0,0,0,1,25,293.4,Berawan,Prosedur Tidak Diikuti,Perbaikan Alat,Dalam Proses,Pit-B-Blok01,Perlu tindak lanjut
2617,2022-07-22,Friday,7,Q3,2022,Shift 2 (19:00-07:00),Drainase,SPV-017,Grading,First Aid,0,1,0,0,0,0,0,28,278.3,Berawan,Human Error,Revisi Prosedur,Selesai,Draina-Blok03,Menunggu spare part
2618,2022-06-07,Tuesday,6,Q2,2022,Shift 2 (19:00-07:00),Stockpile,SPV-010,Pengawasan,Near Miss,1,0,0,0,0,0,0,38,496.5,Berawan,Faktor Eksternal,Pelatihan Ulang,Selesai,Stockp-Blok03,Menunggu spare part
2619,2024-07-10,Wednesday,7,Q3,2024,Shift 1 (07:00-19:00),ROM (Run of Mine),SPV-008,Fueling,First Aid,0,1,0,0,0,0,0,36,418.5,Cerah,Prosedur Tidak Diikuti,Perbaikan Alat,Overdue,ROM (R-Blok01,Perlu tindak lanjut
2620,2022-11-05,Saturday,11,Q4,2022,Shift 1 (07:00-19:00),Office Area,SPV-003,Survei,First Aid,0,1,0,0,0,0,0,20,197.7,Hujan Ringan,Alat Pelindung Diri Tidak Sesuai,Perbaikan Desain,Dalam Proses,Office-Blok04,
2621,2024-07-20,Saturday,7,Q3,2024,Shift 1 (07:00-19:00),Office Area,SPV-009,Drilling,Near Miss,1,0,0,0,0,0,0,40,420.1,Hujan Ringan,Housekeeping Buruk,Revisi Prosedur,Belum Dimulai,Office-Blok03,
2622,2022-11-18,Friday,11,Q4,2022,Shift 2 (19:00-07:00),Office Area,SPV-016,Loading,Near Miss,1,0,0,0,0,0,0,16,195.1,Cerah,Human Error,Penggantian APD,Selesai,Office-Blok03,
2623,2023-03-16,Thursday,3,Q1,2023,Shift 1 (07:00-19:00),Pit-B (Coal Getting),SPV-013,Dozing,Near Miss,1,0,0,0,0,0,0,23,243.3,Cerah,Alat Pelindung Diri Tidak Sesuai,Investigasi Lanjut,Belum Dimulai,Pit-B-Blok03,
2624,2022-12-28,Wednesday,12,Q4,2022,Shift 2 (19:00-07:00),Pit-C (Hauling),SPV-017,Grading,First Aid,0,1,0,0,0,0,0,25,293.6,Cerah,Human Error,Perbaikan Desain,Selesai,Pit-C-Blok03,
2625,2022-05-21,Saturday,5,Q2,2022,Shift 1 (07:00-19:00),Office Area,SPV-009,Grading,First Aid,0,1,0,0,0,0,0,19,194.8,Cerah,Desain/Engineering,Perbaikan Desain,Selesai,Office-Blok02,Perlu tindak lanjut
2626,2024-08-25,Sunday,8,Q3,2024,Shift 2 (19:00-07:00),Workshop,SPV-001,Grading,First Aid,0,1,0,0,0,0,0,42,464.4,Cerah,Alat Pelindung Diri Tidak Sesuai,Investigasi Lanjut,Selesai,Worksh-Blok01,Investigasi selesai
2627,2023-02-23,Thursday,2,Q1,2023,Shift 2 (19:00-07:00),Drainase,SPV-015,Drilling,Environmental Spill,0,0,0,0,0,0,0,36,445.1,Hujan Ringan,Kondisi Cuaca Buruk,Penggantian APD,Belum Dimulai,Draina-Blok02,Investigasi selesai
2628,2023-05-29,Monday,5,Q2,2023,Shift 1 (07:00-19:00),Pit-A (Overburden),SPV-013,Administrasi,Near Miss,1,0,0,0,0,0,0,27,318.9,Berawan,Komunikasi Buruk,Pelatihan Ulang,Dalam Proses,Pit-A-Blok02,
2629,2022-07-08,Friday,7,Q3,2022,Shift 2 (19:00-07:00),Pit-B (Coal Getting),SPV-020,Hauling,Near Miss,1,0,0,0,0,0,0,41,404.1,Berawan,Housekeeping Buruk,Penggantian APD,Selesai,Pit-B-Blok02,Investigasi selesai
2630,2022-11-30,Wednesday,11,Q4,2022,Shift 1 (07:00-19:00),Pit-A (Overburden),SPV-015,Dozing,First Aid,0,1,0,0,0,0,0,38,432.9,Cerah,Peralatan Rusak,Perbaikan Desain,Selesai,Pit-A-Blok01,
2631,2024-08-09,Friday,8,Q3,2024,Shift 2 (19:00-07:00),Pit-C (Hauling),SPV-011,Drilling,Lost Time Injury,0,0,0,1,0,14,0,44,557.1,Hujan Lebat,Kelelahan Pekerja,Perbaikan Alat,Selesai,Pit-C-Blok02,
2632,2023-02-16,Thursday,2,Q1,2023,Shift 1 (07:00-19:00),Pit-C (Hauling),SPV-013,Pumping,First Aid,0,1,0,0,0,0,0,41,449.5,Berawan,Kondisi Cuaca Buruk,Penggantian APD,Dalam Proses,Pit-C-Blok04,Menunggu spare part
2633,2024-03-29,Friday,3,Q1,2024,Shift 1 (07:00-19:00),Workshop,SPV-012,Loading,Near Miss,1,0,0,0,0,0,0,44,485.6,Cerah,Housekeeping Buruk,Perbaikan Alat,Selesai,Worksh-Blok05,Menunggu spare part
2634,2022-03-25,Friday,3,Q1,2022,Shift 2 (19:00-07:00),Pit-C (Hauling),SPV-015,Pumping,Near Miss,1,0,0,0,0,0,0,17,201.3,Hujan Lebat,Peralatan Rusak,Perbaikan Desain,Selesai,Pit-C-Blok03,
2635,2022-03-10,Thursday,3,Q1,2022,Shift 1 (07:00-19:00),Pit-C (Hauling),SPV-019,Maintenance,First Aid,0,1,0,0,0,0,0,22,226.2,Hujan Ringan,Prosedur Tidak Diikuti,Investigasi Lanjut,Selesai,Pit-C-Blok04,
2636,2023-10-05,Thursday,10,Q4,2023,Shift 2 (19:00-07:00),Pit-A (Overburden),SPV-010,Maintenance,First Aid,0,1,0,0,0,0,0,21,227.7,Berawan,Peralatan Rusak,Pelatihan Ulang,Selesai,Pit-A-Blok01,Menunggu spare part
2637,2024-10-02,Wednesday,10,Q4,2024,Shift 2 (19:00-07:00),Pit-C (Hauling),SPV-008,Grading,First Aid,0,1,0,0,0,0,0,31,307.9,Hujan Ringan,Desain/Engineering,Penggantian APD,Selesai,Pit-C-Blok02,
2638,2022-10-14,Friday,10,Q4,2022,Shift 1 (07:00-19:00),Pit-B (Coal Getting),SPV-008,Fueling,First Aid,0,1,0,0,0,0,0,26,295.8,Cerah,Desain/Engineering,Perbaikan Desain,Selesai,Pit-B-Blok03,Perlu tindak lanjut
2639,2023-08-28,Monday,8,Q3,2023,Shift 1 (07:00-19:00),Workshop,SPV-017,Survei,Near Miss,1,0,0,0,0,0,0,14,163.4,Berawan,Faktor Eksternal,Briefing Safety,Selesai,Worksh-Blok05,
2640,2023-04-04,Tuesday,4,Q2,2023,Shift 2 (19:00-07:00),Pit-B (Coal Getting),SPV-001,Drilling,Property Damage,0,0,0,0,0,0,1,45,565.1,Cerah,Human Error,Investigasi Lanjut,Belum Dimulai,Pit-B-Blok04,
2641,2024-12-08,Sunday,12,Q4,2024,Shift 2 (19:00-07:00),Pit-A (Overburden),SPV-006,Dozing,Medical Treatment,0,0,1,0,0,0,0,35,452.1,Cerah,Kondisi Cuaca Buruk,Perbaikan Desain,Selesai,Pit-A-Blok02,Sudah dilaporkan ke HSE Manager
2642,2023-02-25,Saturday,2,Q1,2023,Shift 2 (19:00-07:00),Pit-C (Hauling),SPV-007,Hauling,Near Miss,1,0,0,0,0,0,0,45,535.3,Cerah,Prosedur Tidak Diikuti,Perbaikan Alat,Selesai,Pit-C-Blok01,Investigasi selesai
2643,2023-10-09,Monday,10,Q4,2023,Shift 1 (07:00-19:00),ROM (Run of Mine),SPV-004,Hauling,Near Miss,1,0,0,0,0,0,0,34,396.3,Cerah,Prosedur Tidak Diikuti,Perbaikan Desain,Selesai,ROM (R-Blok04,Investigasi selesai
2644,2024-03-16,Saturday,3,Q1,2024,Shift 2 (19:00-07:00),ROM (Run of Mine),SPV-016,Drilling,Near Miss,1,0,0,0,0,0,0,12,140.4,Hujan Ringan,Kondisi Cuaca Buruk,Investigasi Lanjut,Dalam Proses,ROM (R-Blok03,Perlu tindak lanjut
2645,2024-07-17,Wednesday,7,Q3,2024,Shift 1 (07:00-19:00),Pit-C (Hauling),SPV-012,Dozing,First Aid,0,1,0,0,0,0,0,38,426.2,Cerah,Prosedur Tidak Diikuti,Revisi Prosedur,Selesai,Pit-C-Blok04,Sudah dilaporkan ke HSE Manager
2646,2022-01-16,Sunday,1,Q1,2022,Shift 1 (07:00-19:00),Pit-A (Overburden),SPV-010,Administrasi,Medical Treatment,0,0,1,0,0,0,0,40,483.5,Cerah,Kelelahan Pekerja,Briefing Safety,Selesai,Pit-A-Blok02,Menunggu spare part
2647,2022-11-10,Thursday,11,Q4,2022,Shift 2 (19:00-07:00),Drainase,SPV-006,Survei,Near Miss,1,0,0,0,0,0,0,9,91.1,Cerah,Komunikasi Buruk,Pelatihan Ulang,Selesai,Draina-Blok05,Menunggu spare part
2648,2024-11-11,Monday,11,Q4,2024,Shift 2 (19:00-07:00),Pit-B (Coal Getting),SPV-005,Dozing,First Aid,0,1,0,0,0,0,0,39,509.3,Cerah,Housekeeping Buruk,Perbaikan Alat,Selesai,Pit-B-Blok02,Sudah dilaporkan ke HSE Manager
2649,2023-08-20,Sunday,8,Q3,2023,Shift 2 (19:00-07:00),Stockpile,SPV-003,Loading,Medical Treatment,0,0,1,0,0,0,0,27,309.7,Berawan,Komunikasi Buruk,Pelatihan Ulang,Selesai,Stockp-Blok01,Menunggu spare part
2650,2023-07-19,Wednesday,7,Q3,2023,Shift 1 (07:00-19:00),Pit-B (Coal Getting),SPV-003,Administrasi,Near Miss,1,0,0,0,0,0,0,32,418,Cerah,Alat Pelindung Diri Tidak Sesuai,Perbaikan Desain,Dalam Proses,Pit-B-Blok05,Menunggu spare part
2651,2024-06-02,Sunday,6,Q2,2024,Shift 1 (07:00-19:00),Stockpile,SPV-004,Drilling,First Aid,0,1,0,0,0,0,0,43,557.7,Berawan,Prosedur Tidak Diikuti,Perbaikan Desain,Belum Dimulai,Stockp-Blok04,
2652,2023-07-08,Saturday,7,Q3,2023,Shift 1 (07:00-19:00),Pit-A (Overburden),SPV-014,Maintenance,Lost Time Injury,0,0,0,1,0,12,0,43,440.8,Berawan,Peralatan Rusak,Revisi Prosedur,Overdue,Pit-A-Blok05,
2653,2024-12-07,Saturday,12,Q4,2024,Shift 1 (07:00-19:00),Pit-A (Overburden),SPV-005,Drilling,First Aid,0,1,0,0,0,0,0,44,569.2,Cerah,Kelelahan Pekerja,Penggantian APD,Dalam Proses,Pit-A-Blok05,
2654,2024-04-23,Tuesday,4,Q2,2024,Shift 1 (07:00-19:00),Workshop,SPV-019,Blasting,Environmental Spill,0,0,0,0,0,0,0,33,350.6,Hujan Lebat,Human Error,Perbaikan Alat,Dalam Proses,Worksh-Blok04,
2655,2022-04-11,Monday,4,Q2,2022,Shift 2 (19:00-07:00),Pit-A (Overburden),SPV-002,Hauling,First Aid,0,1,0,0,0,0,0,36,378.2,Hujan Lebat,Komunikasi Buruk,Briefing Safety,Dalam Proses,Pit-A-Blok04,Perlu tindak lanjut
2656,2024-05-01,Wednesday,5,Q2,2024,Shift 1 (07:00-19:00),Pit-B (Coal Getting),SPV-018,Survei,First Aid,0,1,0,0,0,0,0,14,158.9,Hujan Ringan,Peralatan Rusak,Investigasi Lanjut,Dalam Proses,Pit-B-Blok01,
2657,2024-09-01,Sunday,9,Q3,2024,Shift 2 (19:00-07:00),Pit-B (Coal Getting),SPV-016,Fueling,Near Miss,1,0,0,0,0,0,0,35,382,Cerah,Faktor Eksternal,Pelatihan Ulang,Overdue,Pit-B-Blok02,
2658,2022-09-01,Thursday,9,Q3,2022,Shift 1 (07:00-19:00),ROM (Run of Mine),SPV-004,Dozing,First Aid,0,1,0,0,0,0,0,12,121.1,Berawan,Housekeeping Buruk,Briefing Safety,Belum Dimulai,ROM (R-Blok01,
2659,2024-09-26,Thursday,9,Q3,2024,Shift 2 (19:00-07:00),Pit-A (Overburden),SPV-011,Hauling,Near Miss,1,0,0,0,0,0,0,16,184.2,Cerah,Kelelahan Pekerja,Briefing Safety,Selesai,Pit-A-Blok01,Perlu tindak lanjut
2660,2023-06-06,Tuesday,6,Q2,2023,Shift 1 (07:00-19:00),ROM (Run of Mine),SPV-004,Maintenance,Medical Treatment,0,0,1,0,0,0,0,45,474.1,Berkabut,Faktor Eksternal,Briefing Safety,Selesai,ROM (R-Blok04,Menunggu spare part
2661,2024-07-01,Monday,7,Q3,2024,Shift 1 (07:00-19:00),Drainase,SPV-017,Pengawasan,Near Miss,1,0,0,0,0,0,0,16,203,Cerah,Kondisi Cuaca Buruk,Perbaikan Desain,Selesai,Draina-Blok03,Investigasi selesai
2662,2024-05-04,Saturday,5,Q2,2024,Shift 2 (19:00-07:00),Pit-C (Hauling),SPV-008,Dozing,Environmental Spill,0,0,0,0,0,0,0,26,304.5,Hujan Ringan,Prosedur Tidak Diikuti,Perbaikan Desain,Selesai,Pit-C-Blok01,
2663,2022-09-22,Thursday,9,Q3,2022,Shift 2 (19:00-07:00),Pit-C (Hauling),SPV-012,Grading,Medical Treatment,0,0,1,0,0,0,0,24,235.5,Berawan,Faktor Eksternal,Perbaikan Desain,Selesai,Pit-C-Blok04,
2664,2023-09-09,Saturday,9,Q3,2023,Shift 2 (19:00-07:00),Pit-A (Overburden),SPV-015,Loading,Medical Treatment,0,0,1,0,0,0,0,25,274.2,Cerah,Peralatan Rusak,Penggantian APD,Selesai,Pit-A-Blok02,
2665,2023-05-26,Friday,5,Q2,2023,Shift 2 (19:00-07:00),Workshop,SPV-017,Pumping,Near Miss,1,0,0,0,0,0,0,39,468.1,Cerah,Desain/Engineering,Pelatihan Ulang,Selesai,Worksh-Blok01,
2666,2024-02-23,Friday,2,Q1,2024,Shift 1 (07:00-19:00),Pit-C (Hauling),SPV-015,Fueling,First Aid,0,1,0,0,0,0,0,40,443.8,Cerah,Kelelahan Pekerja,Penggantian APD,Selesai,Pit-C-Blok04,
2667,2022-08-18,Thursday,8,Q3,2022,Shift 2 (19:00-07:00),Pit-C (Hauling),SPV-001,Pengawasan,Lost Time Injury,0,0,0,1,0,2,0,37,382.8,Cerah,Prosedur Tidak Diikuti,Briefing Safety,Dalam Proses,Pit-C-Blok02,Perlu tindak lanjut
2668,2022-03-21,Monday,3,Q1,2022,Shift 1 (07:00-19:00),Pit-B (Coal Getting),SPV-009,Administrasi,Near Miss,1,0,0,0,0,0,0,36,435.8,Hujan Lebat,Faktor Eksternal,Revisi Prosedur,Selesai,Pit-B-Blok04,Investigasi selesai
2669,2024-01-12,Friday,1,Q1,2024,Shift 2 (19:00-07:00),ROM (Run of Mine),SPV-016,Fueling,Near Miss,1,0,0,0,0,0,0,12,127.8,Cerah,Komunikasi Buruk,Pelatihan Ulang,Selesai,ROM (R-Blok04,
2670,2023-02-06,Monday,2,Q1,2023,Shift 1 (07:00-19:00),Pit-C (Hauling),SPV-011,Blasting,Near Miss,1,0,0,0,0,0,0,43,450.2,Hujan Ringan,Peralatan Rusak,Revisi Prosedur,Dalam Proses,Pit-C-Blok01,
2671,2024-04-26,Friday,4,Q2,2024,Shift 1 (07:00-19:00),Pit-B (Coal Getting),SPV-007,Loading,First Aid,0,1,0,0,0,0,0,39,490.6,Cerah,Kondisi Cuaca Buruk,Perbaikan Desain,Selesai,Pit-B-Blok05,
2672,2024-11-12,Tuesday,11,Q4,2024,Shift 2 (19:00-07:00),Pit-B (Coal Getting),SPV-004,Dozing,Property Damage,0,0,0,0,0,0,1,26,282.2,Berawan,Housekeeping Buruk,Revisi Prosedur,Dalam Proses,Pit-B-Blok05,
2673,2023-03-17,Friday,3,Q1,2023,Shift 1 (07:00-19:00),Office Area,SPV-001,Pumping,Near Miss,1,0,0,0,0,0,0,23,271.3,Cerah,Desain/Engineering,Perbaikan Desain,Belum Dimulai,Office-Blok02,Sudah dilaporkan ke HSE Manager
2674,2022-07-16,Saturday,7,Q3,2022,Shift 2 (19:00-07:00),Pit-A (Overburden),SPV-017,Fueling,Near Miss,1,0,0,0,0,0,0,19,226.1,Berawan,Peralatan Rusak,Briefing Safety,Selesai,Pit-A-Blok03,
2675,2022-10-31,Monday,10,Q4,2022,Shift 1 (07:00-19:00),Office Area,SPV-006,Maintenance,Lost Time Injury,0,0,0,1,0,8,0,22,252.3,Berawan,Housekeeping Buruk,Revisi Prosedur,Selesai,Office-Blok04,Investigasi selesai
2676,2024-08-04,Sunday,8,Q3,2024,Shift 1 (07:00-19:00),ROM (Run of Mine),SPV-016,Pengawasan,Property Damage,0,0,0,0,0,0,1,13,160.5,Berawan,Prosedur Tidak Diikuti,Briefing Safety,Dalam Proses,ROM (R-Blok03,
2677,2022-01-09,Sunday,1,Q1,2022,Shift 2 (19:00-07:00),Workshop,SPV-005,Survei,First Aid,0,1,0,0,0,0,0,40,409,Berawan,Housekeeping Buruk,Investigasi Lanjut,Selesai,Worksh-Blok01,Perlu tindak lanjut
2678,2022-07-10,Sunday,7,Q3,2022,Shift 2 (19:00-07:00),Pit-B (Coal Getting),SPV-013,Drilling,First Aid,0,1,0,0,0,0,0,16,194.8,Cerah,Kondisi Cuaca Buruk,Pelatihan Ulang,Overdue,Pit-B-Blok03,
2679,2023-04-25,Tuesday,4,Q2,2023,Shift 2 (19:00-07:00),Pit-C (Hauling),SPV-011,Fueling,First Aid,0,1,0,0,0,0,0,10,115.5,Cerah,Alat Pelindung Diri Tidak Sesuai,Investigasi Lanjut,Dalam Proses,Pit-C-Blok01,Sudah dilaporkan ke HSE Manager
2680,2024-08-13,Tuesday,8,Q3,2024,Shift 2 (19:00-07:00),ROM (Run of Mine),SPV-013,Maintenance,First Aid,0,1,0,0,0,0,0,19,198.9,Cerah,Peralatan Rusak,Perbaikan Desain,Selesai,ROM (R-Blok02,
2681,2023-01-30,Monday,1,Q1,2023,Shift 2 (19:00-07:00),Pit-C (Hauling),SPV-015,Pengawasan,Near Miss,1,0,0,0,0,0,0,34,336.5,Cerah,Housekeeping Buruk,Revisi Prosedur,Selesai,Pit-C-Blok02,Perlu tindak lanjut
2682,2023-05-08,Monday,5,Q2,2023,Shift 1 (07:00-19:00),Pit-A (Overburden),SPV-005,Fueling,Near Miss,1,0,0,0,0,0,0,9,108.8,Berawan,Desain/Engineering,Investigasi Lanjut,Selesai,Pit-A-Blok03,
2683,2024-09-25,Wednesday,9,Q3,2024,Shift 1 (07:00-19:00),Pit-B (Coal Getting),SPV-020,Pengawasan,First Aid,0,1,0,0,0,0,0,19,246.2,Cerah,Kelelahan Pekerja,Perbaikan Alat,Belum Dimulai,Pit-B-Blok01,
2684,2023-09-03,Sunday,9,Q3,2023,Shift 2 (19:00-07:00),Workshop,SPV-019,Maintenance,First Aid,0,1,0,0,0,0,0,13,169.4,Cerah,Desain/Engineering,Revisi Prosedur,Overdue,Worksh-Blok01,
2685,2024-09-10,Tuesday,9,Q3,2024,Shift 2 (19:00-07:00),ROM (Run of Mine),SPV-020,Pengawasan,First Aid,0,1,0,0,0,0,0,15,157.7,Cerah,Faktor Eksternal,Penggantian APD,Selesai,ROM (R-Blok02,Sudah dilaporkan ke HSE Manager
2686,2022-11-07,Monday,11,Q4,2022,Shift 2 (19:00-07:00),Pit-A (Overburden),SPV-004,Administrasi,Medical Treatment,0,0,1,0,0,0,0,38,400.4,Berawan,Kondisi Cuaca Buruk,Briefing Safety,Dalam Proses,Pit-A-Blok02,Investigasi selesai
2687,2023-11-16,Thursday,11,Q4,2023,Shift 2 (19:00-07:00),Drainase,SPV-013,Administrasi,Medical Treatment,0,0,1,0,0,0,0,8,105.3,Hujan Ringan,Faktor Eksternal,Investigasi Lanjut,Selesai,Draina-Blok05,Perlu tindak lanjut
2688,2022-02-27,Sunday,2,Q1,2022,Shift 1 (07:00-19:00),Pit-A (Overburden),SPV-002,Maintenance,First Aid,0,1,0,0,0,0,0,45,584.9,Berawan,Human Error,Investigasi Lanjut,Selesai,Pit-A-Blok04,
2689,2024-05-31,Friday,5,Q2,2024,Shift 2 (19:00-07:00),Pit-A (Overburden),SPV-010,Fueling,First Aid,0,1,0,0,0,0,0,41,495.8,Cerah,Kelelahan Pekerja,Perbaikan Alat,Selesai,Pit-A-Blok05,
2690,2023-08-21,Monday,8,Q3,2023,Shift 1 (07:00-19:00),ROM (Run of Mine),SPV-013,Maintenance,First Aid,0,1,0,0,0,0,0,36,397.5,Cerah,Komunikasi Buruk,Briefing Safety,Selesai,ROM (R-Blok04,
2691,2022-05-19,Thursday,5,Q2,2022,Shift 2 (19:00-07:00),Pit-C (Hauling),SPV-007,Dozing,Medical Treatment,0,0,1,0,0,0,0,13,156.1,Hujan Ringan,Human Error,Perbaikan Desain,Selesai,Pit-C-Blok01,Perlu tindak lanjut
2692,2023-05-15,Monday,5,Q2,2023,Shift 2 (19:00-07:00),ROM (Run of Mine),SPV-002,Hauling,Medical Treatment,0,0,1,0,0,0,0,9,94.9,Berkabut,Alat Pelindung Diri Tidak Sesuai,Pelatihan Ulang,Dalam Proses,ROM (R-Blok02,Investigasi selesai
2693,2022-07-14,Thursday,7,Q3,2022,Shift 1 (07:00-19:00),Office Area,SPV-003,Pengawasan,Near Miss,1,0,0,0,0,0,0,14,160,Cerah,Kelelahan Pekerja,Perbaikan Alat,Selesai,Office-Blok01,
2694,2024-06-13,Thursday,6,Q2,2024,Shift 1 (07:00-19:00),Workshop,SPV-006,Blasting,Near Miss,1,0,0,0,0,0,0,44,580.4,Cerah,Housekeeping Buruk,Pelatihan Ulang,Selesai,Worksh-Blok05,Menunggu spare part
2695,2023-10-30,Monday,10,Q4,2023,Shift 1 (07:00-19:00),Pit-A (Overburden),SPV-005,Survei,First Aid,0,1,0,0,0,0,0,10,103.5,Hujan Ringan,Alat Pelindung Diri Tidak Sesuai,Briefing Safety,Dalam Proses,Pit-A-Blok04,Menunggu spare part
2696,2023-03-21,Tuesday,3,Q1,2023,Shift 1 (07:00-19:00),Pit-A (Overburden),SPV-008,Pumping,Near Miss,1,0,0,0,0,0,0,43,432.1,Cerah,Prosedur Tidak Diikuti,Penggantian APD,Dalam Proses,Pit-A-Blok05,
2697,2023-04-04,Tuesday,4,Q2,2023,Shift 1 (07:00-19:00),Pit-B (Coal Getting),SPV-004,Pumping,Near Miss,1,0,0,0,0,0,0,27,324.5,Hujan Ringan,Desain/Engineering,Investigasi Lanjut,Belum Dimulai,Pit-B-Blok01,
2698,2023-06-04,Sunday,6,Q2,2023,Shift 1 (07:00-19:00),Workshop,SPV-001,Pengawasan,First Aid,0,1,0,0,0,0,0,26,257.1,Hujan Ringan,Human Error,Pelatihan Ulang,Selesai,Worksh-Blok03,Sudah dilaporkan ke HSE Manager
2699,2022-12-19,Monday,12,Q4,2022,Shift 1 (07:00-19:00),Pit-B (Coal Getting),SPV-011,Dozing,Near Miss,1,0,0,0,0,0,0,43,426.3,Cerah,Peralatan Rusak,Revisi Prosedur,Selesai,Pit-B-Blok04,